IndiGo Flight schedule,,,,,,,,
,,,,,,,,
This schedule is subject to regulatory authority approvals and change(s) without prior notice,,,,,,,,
,,,,,,,,
Origin,Destination,6E FlightNumber,Departure(LT),Arrival(LT),Via,Days of Operation,Effective From,Effective To
Mumbai (BOM),Bengaluru (BLR),6E  5322,00:05,01:50,,Daily,27-Oct-2024,29-Mar-2025
Phuket (HKT),Mumbai (BOM),6E  1912,00:05,03:10,,Daily,27-Oct-2024,29-Mar-2025
Pune (PNQ),Jaipur (JAI),6E  6117,00:05,01:50,,Daily,27-Oct-2024,29-Mar-2025
Pune (PNQ),Hyderabad (HYD),6E  0336,00:15,01:25,,Daily,27-Oct-2024,22-Nov-2024
Kuwait (KWI),Delhi (DEL),6E  1232,00:15,06:55,,Every Mon Tue Thu Fri Sat Sun,27-Oct-2024,29-Mar-2025
Pune (PNQ),Varanasi (VNS),6E  0672,00:20,02:20,,Daily,27-Oct-2024,01-Dec-2024
Mumbai (BOM),Abu Dhabi (AUH),6E  1413,00:25,02:25,,Daily,27-Oct-2024,29-Mar-2025
Abu Dhabi (AUH),Delhi (DEL),6E  1406,00:25,05:20,,Daily,27-Oct-2024,29-Mar-2025
Chennai (MAA),Colombo (CMB),6E  1171,00:35,02:00,,Daily,27-Oct-2024,29-Mar-2025
Dammam (DMM),Delhi (DEL),6E  0084,00:35,06:50,,Daily,27-Oct-2024,29-Mar-2025
Tbilisi(TBS),Delhi (DEL),6E  1808,00:35,07:00,,Daily,27-Oct-2024,29-Mar-2025
Kuwait (KWI),Ahmedabad (AMD),6E  1244,00:40,06:35,,Daily,27-Oct-2024,29-Mar-2025
Bengaluru (BLR),Pune (PNQ),6E  6563,00:40,02:10,,Daily,27-Oct-2024,29-Mar-2025
Pune (PNQ),Bengaluru (BLR),6E  0361,00:45,02:10,,Daily,27-Oct-2024,29-Mar-2025
Mumbai (BOM),Kochi (COK),6E  0549,00:45,02:40,,Daily,27-Oct-2024,29-Mar-2025
Dammam (DMM),Mumbai (BOM),6E  0082,00:45,06:55,,Daily,27-Oct-2024,29-Mar-2025
Azerbaijan(GYD),Delhi (DEL),6E  1804,00:45,06:30,,Daily,27-Oct-2024,13-Nov-2024
Mumbai (BOM),Ahmedabad (AMD),6E  0911,00:50,02:00,,Every Mon Tue Wed Thu Sat Sun,27-Oct-2024,03-Nov-2024
Thiruvananthapuram (TRV),Sharjah (SHJ),6E  1425,00:55,03:55,,Daily,27-Oct-2024,29-Mar-2025
Abu Dhabi (AUH),Bengaluru (BLR),6E  1409,01:00,06:10,,Daily,27-Oct-2024,01-Dec-2024
Pune (PNQ),Kolkata (CCU),6E  2774,01:00,03:25,,Daily,27-Oct-2024,29-Mar-2025
Bengaluru (BLR),Delhi (DEL),6E  2228,01:00,03:50,,Every Mon Sun,27-Oct-2024,03-Nov-2024
Ahmedabad (AMD),Mumbai (BOM),6E  0912,01:10,02:25,,Daily,27-Oct-2024,29-Mar-2025
Bengaluru (BLR),Denspar Airport(DPS),6E  1605,01:10,10:15,,Daily,27-Oct-2024,29-Mar-2025
Mumbai (BOM),Delhi (DEL),6E  2775,01:10,03:20,,Daily,27-Oct-2024,11-Jan-2025
Kolkata (CCU),Pune (PNQ),6E  6472,01:10,03:50,,Daily,27-Oct-2024,29-Mar-2025
Kolkata (CCU),Coimbatore (CJB),6E  6472,01:10,06:05,PNQ,Daily,27-Oct-2024,29-Mar-2025
Pune (PNQ),Kochi (COK),6E  0681,01:10,02:55,,Daily,27-Oct-2024,29-Mar-2025
Chennai (MAA),Pune (PNQ),6E  0916,01:10,02:50,,Every Mon Tue Wed Thu Sat Sun,27-Oct-2024,03-Nov-2024
Bengaluru (BLR),Ahmedabad (AMD),6E  6779,01:15,03:30,,Daily,27-Oct-2024,29-Mar-2025
Kannur (CNN),Abu Dhabi (AUH),6E  1433,01:15,03:40,,Daily,27-Oct-2024,29-Mar-2025
Kochi (COK),Pune (PNQ),6E  0242,01:15,02:55,,Daily,27-Oct-2024,29-Mar-2025
Kochi (COK),Chandigarh (IXC),6E  0242,01:15,06:00,PNQ,Daily,27-Oct-2024,29-Mar-2025
Pune (PNQ),Chennai (MAA),6E  6745,01:15,02:55,,Daily,27-Oct-2024,29-Mar-2025
Kuwait (KWI),Kochi (COK),6E  1238,01:15,08:30,,Every Mon Tue Thu Sat Sun,27-Oct-2024,17-Nov-2024
Abu Dhabi (AUH),Ahmedabad (AMD),6E  1432,01:25,05:35,,Daily,27-Oct-2024,29-Mar-2025
Jeddah (JED),Kozhikode (CCJ),6E  0066,01:25,09:20,,Daily,27-Oct-2024,29-Mar-2025
Almaty(ALA),Delhi (DEL),6E  1802,01:35,05:35,,Daily,27-Oct-2024,29-Mar-2025
Pune (PNQ),Bhopal (BHO),6E  0258,01:40,03:10,,Daily,27-Oct-2024,29-Mar-2025
Kolkata (CCU),Mumbai (BOM),6E  5065,01:45,04:45,,Daily,27-Oct-2024,29-Mar-2025
Dammam (DMM),Hyderabad (HYD),6E  0086,01:45,08:15,,Daily,27-Oct-2024,29-Mar-2025
Sharjah (SHJ),Lucknow (LKO),6E  1424,01:55,06:50,,Daily,27-Oct-2024,29-Mar-2025
Abu Dhabi (AUH),Kochi (COK),6E  1404,01:55,07:20,,Every Mon Tue Thu Sat Sun,27-Oct-2024,17-Nov-2024
Delhi (DEL),Mumbai (BOM),6E  2011,02:00,04:20,,Daily,27-Oct-2024,06-Jan-2025
Mumbai (BOM),Dubai (DXB),6E  1511,02:00,04:00,,Daily,27-Oct-2024,29-Mar-2025
Doha (DOH),Delhi (DEL),6E  1346,02:00,08:15,,Daily,27-Oct-2024,29-Mar-2025
Mumbai (BOM),Nairobi(NBO),6E  1853,02:05,05:40,,Daily,27-Oct-2024,29-Mar-2025
Doha (DOH),Mumbai (BOM),6E  1342,02:10,08:05,,Daily,27-Oct-2024,29-Mar-2025
Doha (DOH),Hyderabad (HYD),6E  1318,02:10,08:40,,Daily,27-Oct-2024,29-Mar-2025
Delhi (DEL),Pune (PNQ),6E  2343,02:15,04:25,,Daily,27-Oct-2024,29-Mar-2025
Ahmedabad (AMD),Dubai (DXB),6E  1477,02:20,04:05,,Daily,27-Oct-2024,29-Mar-2025
Tashkent (TAS),Delhi (DEL),6E  1806,02:25,05:45,,Daily,27-Oct-2024,29-Mar-2025
Hyderabad (HYD),Pune (PNQ),6E  0337,02:25,03:35,,Daily,27-Oct-2024,29-Mar-2025
Delhi (DEL),Kolkata (CCU),6E  2788,02:30,04:35,,Daily,27-Oct-2024,15-Nov-2024
Kolkata (CCU),Singapore (SIN),6E  1015,02:30,09:20,,Daily,27-Oct-2024,29-Mar-2025
Delhi (DEL),Chennai (MAA),6E  2006,02:30,05:15,,Daily,27-Oct-2024,29-Mar-2025
Chennai (MAA),Delhi (DEL),6E  0456,02:30,05:25,,Daily,27-Oct-2024,29-Mar-2025
Kuwait (KWI),Hyderabad (HYD),6E  1234,02:30,09:20,,Daily,27-Oct-2024,29-Mar-2025
Pune (PNQ),Delhi (DEL),6E  2418,02:35,04:45,,Daily,27-Oct-2024,29-Mar-2025
Abu Dhabi (AUH),Chennai (MAA),6E  1412,02:35,08:10,,Every Mon Tue Thu Sat Sun,27-Oct-2024,17-Nov-2024
Jeddah (JED),Ahmedabad (AMD),6E  0076,02:40,09:35,,Daily,27-Oct-2024,29-Mar-2025
Ho Chi Minh (SGN),Kolkata (CCU),6E  1642,02:40,04:45,,Daily,27-Oct-2024,29-Mar-2025
Thiruvananthapuram (TRV),Pune (PNQ),6E  6648,02:40,04:35,,Daily,27-Oct-2024,17-Nov-2024
Muscat (MCT),Kochi (COK),6E  1272,02:40,07:35,,Every Mon Wed Fri Sun,27-Oct-2024,17-Nov-2024
Singapore (SIN),Tiruchirappalli (TRZ),6E  1008,02:45,04:30,,Daily,27-Oct-2024,29-Mar-2025
Mumbai (BOM),Ahmedabad (AMD),6E  5085,02:45,03:55,,Every Mon Tue Wed Thu Sun,27-Oct-2024,31-Oct-2024
Pune (PNQ),Amritsar (ATQ),6E  0721,02:55,05:20,,Daily,27-Oct-2024,29-Mar-2025
Bangkok (BKK),Kolkata (CCU),6E  1058,02:55,04:20,,Daily,27-Oct-2024,22-Nov-2024
Mumbai (BOM),Chennai (MAA),6E  0136,02:55,04:55,,Daily,27-Oct-2024,29-Mar-2025
Varanasi (VNS),Pune (PNQ),6E  6884,02:55,05:05,,Daily,27-Oct-2024,01-Dec-2024
Pune (PNQ),Bengaluru (BLR),6E  6877,03:00,04:25,,Daily,27-Oct-2024,29-Mar-2025
Mumbai (BOM),Kolkata (CCU),6E  0138,03:00,05:35,,Daily,27-Oct-2024,28-Nov-2024
Mumbai (BOM),Delhi (DEL),6E  6045,03:00,05:10,,Daily,27-Oct-2024,11-Nov-2024
Colombo (CMB),Chennai (MAA),6E  1172,03:00,04:20,,Daily,27-Oct-2024,29-Mar-2025
Jeddah (JED),Delhi (DEL),6E  0064,03:00,10:40,,Daily,27-Oct-2024,29-Mar-2025
Ahmedabad (AMD),Pune (PNQ),6E  0699,03:00,04:10,,Every Mon Tue Wed Thu Sat Sun,27-Oct-2024,03-Nov-2024
Bengaluru (BLR),Mumbai (BOM),6E  5323,03:00,05:00,,Every Mon Tue Wed Thu Sun,27-Oct-2024,31-Oct-2024
Chennai (MAA),Pune (PNQ),6E  0253,03:05,04:45,,Daily,27-Oct-2024,29-Mar-2025
Hanoi (HAN),Kolkata (CCU),6E  1632,03:10,04:55,,Daily,27-Oct-2024,29-Mar-2025
Pune (PNQ),Guwahati (GAU),6E  0623,03:15,06:05,,Daily,27-Oct-2024,29-Mar-2025
Dubai (DXB),Kozhikode (CCJ),6E  1474,03:20,08:35,,Daily,27-Oct-2024,29-Mar-2025
Abu Dhabi (AUH),Mumbai (BOM),6E  1414,03:25,07:55,,Daily,27-Oct-2024,29-Mar-2025
Bengaluru (BLR),Pune (PNQ),6E  6876,03:25,04:55,,Daily,27-Oct-2024,29-Mar-2025
Chennai (MAA),Doha (DOH),6E  1321,03:30,06:05,,Daily,27-Oct-2024,29-Mar-2025
Pune (PNQ),Chennai (MAA),6E  0918,03:30,05:10,,Every Mon Tue Wed Thu Sat Sun,27-Oct-2024,03-Nov-2024
Abu Dhabi (AUH),Mangalore (IXE),6E  1437,03:35,08:35,,Daily,27-Oct-2024,29-Mar-2025
Bhopal (BHO),Pune (PNQ),6E  0257,03:40,05:15,,Daily,27-Oct-2024,29-Mar-2025
Pune (PNQ),Chandigarh (IXC),6E  0242,03:40,06:00,,Daily,27-Oct-2024,29-Mar-2025
Mumbai (BOM),Doha (DOH),6E  1303,03:55,05:15,,Daily,27-Oct-2024,29-Mar-2025
Hyderabad (HYD),Doha (DOH),6E  1313,03:55,06:05,,Every Mon Tue Thu Fri Sat Sun,27-Oct-2024,29-Mar-2025
Chennai (MAA),Ahmedabad (AMD),6E  0244,04:00,06:20,,Daily,27-Oct-2024,29-Mar-2025
Delhi (DEL),Mumbai (BOM),6E  2766,04:00,06:20,,Daily,27-Oct-2024,11-Jan-2025
Bengaluru (BLR),Doha (DOH),6E  1301,04:05,06:15,,Daily,27-Oct-2024,29-Mar-2025
Mumbai (BOM),Hyderabad (HYD),6E  0564,04:05,05:30,,Every Mon Fri Sat Sun,27-Oct-2024,03-Nov-2024
Ahmedabad (AMD),Bengaluru (BLR),6E  6422,04:10,06:20,,Daily,27-Oct-2024,29-Mar-2025
Mumbai (BOM),Phuket (HKT),6E  1071,04:10,10:05,,Daily,27-Oct-2024,29-Mar-2025
Nagpur (NAG),Pune (PNQ),6E  6659,04:10,05:20,,Daily,27-Oct-2024,29-Mar-2025
Hyderabad (HYD),Bangkok (BKK),6E  1067,04:15,09:10,,Daily,27-Oct-2024,29-Mar-2025
Singapore (SIN),Coimbatore (CJB),6E  1094,04:15,06:10,,Daily,27-Oct-2024,29-Mar-2025
Pune (PNQ),Lucknow (LKO),6E  0338,04:15,06:10,,Daily,27-Oct-2024,29-Mar-2025
Mumbai (BOM),Riyadh (RUH),6E  0073,04:25,06:45,,Daily,27-Oct-2024,29-Mar-2025
Mumbai (BOM),Varanasi (VNS),6E  0371,04:25,06:30,,Daily,27-Oct-2024,30-Nov-2024
Mumbai (BOM),Ahmedabad (AMD),6E  0534,04:30,05:35,,Daily,27-Oct-2024,29-Mar-2025
Pune (PNQ),Coimbatore (CJB),6E  6472,04:30,06:05,,Daily,27-Oct-2024,29-Mar-2025
Chennai (MAA),Kolkata (CCU),6E  0987,04:35,07:00,,Daily,27-Oct-2024,29-Mar-2025
Delhi (DEL),Hyderabad (HYD),6E  2255,04:35,06:50,,Daily,27-Oct-2024,29-Mar-2025
Hyderabad (HYD),Pune (PNQ),6E  0351,04:35,05:45,,Daily,27-Oct-2024,21-Nov-2024
Ahmedabad (AMD),Mumbai (BOM),6E  5182,04:35,05:55,,Every Mon Tue Wed Thu Sun,27-Oct-2024,31-Oct-2024
Chennai (MAA),Bangkok (BKK),6E  1061,04:40,09:50,,Daily,27-Oct-2024,29-Mar-2025
Delhi (DEL),Nagpur (NAG),6E  2431,04:40,06:25,,Every Tue Wed Thu Fri Sat Sun,27-Oct-2024,03-Nov-2024
Ahmedabad (AMD),Delhi (DEL),6E  2491,04:45,06:25,,Daily,27-Oct-2024,29-Mar-2025
Delhi (DEL),Ahmedabad (AMD),6E  5119,04:45,06:25,,Daily,27-Oct-2024,16-Mar-2025
Bengaluru (BLR),Kolkata (CCU),6E  0227,04:45,07:10,,Daily,27-Oct-2024,29-Mar-2025
Bengaluru (BLR),Chandigarh (IXC),6E  6633,04:45,07:40,,Daily,27-Oct-2024,29-Mar-2025
Delhi (DEL),Pune (PNQ),6E  2471,04:45,06:55,,Daily,27-Oct-2024,29-Mar-2025
Delhi (DEL),Varanasi (VNS),6E  2211,04:45,06:10,,Daily,27-Oct-2024,01-Dec-2024
Chennai (MAA),Port Blair (IXZ),6E  0526,04:45,06:50,,Daily,27-Oct-2024,29-Mar-2025
Mumbai (BOM),Goa (GOI),6E  0567,04:50,05:55,,Daily,27-Oct-2024,29-Mar-2025
Delhi (DEL),Guwahati (GAU),6E  2251,04:50,07:05,,Daily,27-Oct-2024,15-Dec-2024
Delhi (DEL),Imphal (IMF),6E  2251,04:50,08:45,GAU,Daily,27-Oct-2024,15-Dec-2024
Hyderabad (HYD),Jaipur (JAI),6E  0815,04:50,06:50,,Daily,27-Oct-2024,29-Mar-2025
Pune (PNQ),Ahmedabad (AMD),6E  0819,04:50,06:10,,Every Mon Tue Wed Thu Sat Sun,27-Oct-2024,03-Nov-2024
Chennai (MAA),Thiruvananthapuram (TRV),6E  6001,04:50,06:15,,Every Mon Tue Wed Thu Sun,27-Oct-2024,31-Oct-2024
Kolkata (CCU),Bengaluru (BLR),6E  6438,04:55,07:40,,Daily,27-Oct-2024,29-Mar-2025
Bengaluru (BLR),Hyderabad (HYD),6E  6923,04:55,06:15,,Daily,27-Oct-2024,29-Mar-2025
Hyderabad (HYD),Delhi (DEL),6E  2021,04:55,07:15,,Daily,27-Oct-2024,29-Mar-2025
Sharjah (SHJ),Hyderabad (HYD),6E  1422,04:55,09:50,,Daily,27-Oct-2024,29-Mar-2025
Chennai (MAA),Pune (PNQ),6E  0236,04:55,06:40,,Every Mon Tue Wed Thu Fri Sun,27-Oct-2024,28-Mar-2025
Delhi (DEL),Bhubaneshwar (BBI),6E  2064,05:00,07:10,,Daily,27-Oct-2024,29-Mar-2025
Bengaluru (BLR),Mumbai (BOM),6E  5114,05:00,06:50,,Daily,27-Oct-2024,29-Mar-2025
Bengaluru (BLR),Chennai (MAA),6E  0575,05:00,06:00,,Daily,27-Oct-2024,29-Mar-2025
Mumbai (BOM),Delhi (DEL),6E  0656,05:00,07:10,,Daily,27-Oct-2024,05-Jan-2025
Delhi (DEL),Mumbai (BOM),6E  0449,05:00,07:20,,Daily,27-Oct-2024,11-Jan-2025
Dubai (DXB),Mumbai (BOM),6E  1512,05:00,09:35,,Daily,27-Oct-2024,29-Mar-2025
Hyderabad (HYD),Mumbai (BOM),6E  5245,05:00,06:45,,Daily,27-Oct-2024,29-Mar-2025
Mumbai (BOM),Jaipur (JAI),6E  5052,05:00,06:45,,Daily,27-Oct-2024,29-Mar-2025
Jaipur (JAI),Hyderabad (HYD),6E  0752,05:00,06:55,,Daily,27-Oct-2024,29-Mar-2025
Jaipur (JAI),Kochi (COK),6E  0752,05:00,09:10,HYD,Daily,27-Oct-2024,29-Mar-2025
Delhi (DEL),Indore (IDR),6E  6212,05:00,06:30,,Daily,27-Oct-2024,15-Nov-2024
Pune (PNQ),Indore (IDR),6E  0284,05:00,06:10,,Daily,27-Oct-2024,29-Mar-2025
Ahmedabad (AMD),Goa (GOI),6E  6418,05:00,06:35,,Every Mon Tue Wed Thu Fri Sun,27-Oct-2024,28-Mar-2025
Pune (PNQ),Delhi (DEL),6E  2419,05:05,07:15,,Daily,27-Oct-2024,29-Mar-2025
Hyderabad (HYD),Bengaluru (BLR),6E  0887,05:10,06:20,,Daily,27-Oct-2024,29-Mar-2025
Bengaluru (BLR),Nagpur (NAG),6E  6802,05:10,06:55,,Daily,27-Oct-2024,29-Mar-2025
Mumbai (BOM),Aurangabad (IXU),6E  5202,05:10,06:20,,Daily,27-Oct-2024,29-Mar-2025
Jeddah (JED),Mumbai (BOM),6E  0092,05:10,12:40,,Every Mon Sat Sun,27-Oct-2024,02-Nov-2024
Singapore (SIN),Bhubaneshwar (BBI),6E  1018,05:10,06:45,,Every Wed Sun,27-Oct-2024,26-Mar-2025
Dubai (DXB),Ahmedabad (AMD),6E  1478,05:15,09:20,,Daily,27-Oct-2024,29-Mar-2025
Bengaluru (BLR),Pune (PNQ),6E  0408,05:15,06:45,,Daily,27-Oct-2024,01-Dec-2024
Kolkata (CCU),Chennai (MAA),6E  0344,05:15,07:40,,Every Mon Tue Wed Fri Sat Sun,27-Oct-2024,17-Nov-2024
Mumbai (BOM),Vadodara (BDQ),6E  0527,05:20,06:25,,Daily,27-Oct-2024,29-Mar-2025
Mumbai (BOM),Lucknow (LKO),6E  2225,05:20,07:25,,Daily,27-Oct-2024,29-Mar-2025
Delhi (DEL),Coimbatore (CJB),6E  2275,05:20,08:15,,Daily,27-Oct-2024,29-Mar-2025
Hyderabad (HYD),Indore (IDR),6E  0377,05:20,06:55,,Daily,27-Oct-2024,29-Mar-2025
Delhi (DEL),Hong Kong(HKG),6E  1707,05:20,13:10,,Every Mon Wed Fri Sat Sun,27-Oct-2024,17-Nov-2024
Bengaluru (BLR),Patna (PAT),6E  6243,05:20,07:50,,Every Tue Sat Sun,27-Oct-2024,02-Nov-2024
Kochi (COK),Bengaluru (BLR),6E  0702,05:25,06:30,,Daily,27-Oct-2024,29-Mar-2025
Kochi (COK),Bhubaneshwar (BBI),6E  0702,05:25,09:40,BLR,Daily,27-Oct-2024,29-Mar-2025
Kolkata (CCU),Hyderabad (HYD),6E  6623,05:25,07:40,,Daily,27-Oct-2024,29-Mar-2025
Pune (PNQ),Chennai (MAA),6E  0159,05:25,07:05,,Daily,27-Oct-2024,29-Mar-2025
Delhi (DEL),Madurai (IXM),6E  2059,05:25,08:30,,Every Mon Tue Wed Thu Sun,27-Oct-2024,03-Nov-2024
Jaipur (JAI),Bhopal (BHO),6E  7742,05:25,07:05,,Every Mon Wed Fri Sun,27-Oct-2024,28-Mar-2025
Singapore (SIN),Bengaluru (BLR),6E  1006,05:30,07:40,,Daily,27-Oct-2024,29-Mar-2025
Kolkata (CCU),Delhi (DEL),6E  2787,05:30,08:00,,Daily,27-Oct-2024,15-Nov-2024
Delhi (DEL),Kolkata (CCU),6E  2014,05:30,07:35,,Daily,27-Oct-2024,29-Mar-2025
Kolkata (CCU),Patna (PAT),6E  7085,05:30,07:10,,Daily,27-Oct-2024,30-Nov-2024
Chennai (MAA),Hyderabad (HYD),6E  6897,05:30,06:55,,Daily,27-Oct-2024,17-Nov-2024
Jaipur (JAI),Lucknow (LKO),6E  7319,05:30,07:05,,Daily,27-Oct-2024,15-Dec-2024
Pune (PNQ),Nagpur (NAG),6E  2447,05:30,06:50,,Daily,27-Oct-2024,21-Nov-2024
Hyderabad (HYD),Patna (PAT),6E  6467,05:30,07:25,,Every Mon Tue Wed Sat Sun,27-Oct-2024,03-Nov-2024
Abu Dhabi (AUH),Kannur (CNN),6E  1434,05:35,10:40,,Daily,27-Oct-2024,29-Mar-2025
Bengaluru (BLR),Visakhapatnam (VTZ),6E  0217,05:35,07:10,,Daily,27-Oct-2024,29-Mar-2025
Chennai (MAA),Kozhikode (CCJ),6E  7091,05:35,07:20,,Daily,27-Oct-2024,29-Mar-2025
Kolkata (CCU),Lucknow (LKO),6E  6139,05:35,07:15,,Daily,27-Oct-2024,29-Mar-2025
Bengaluru (BLR),Thiruvananthapuram (TRV),6E  0873,05:35,06:55,,Every Mon Sun,27-Oct-2024,28-Oct-2024
Hyderabad (HYD),Chennai (MAA),6E  0531,05:35,06:45,,Every Mon Tue Wed Thu Sat Sun,27-Oct-2024,03-Nov-2024
Ahmedabad (AMD),Nagpur (NAG),6E  7502,05:40,07:35,,Daily,27-Oct-2024,29-Mar-2025
Jaipur (JAI),Bengaluru (BLR),6E  0839,05:40,08:00,,Daily,27-Oct-2024,29-Mar-2025
Bengaluru (BLR),Tiruchirappalli (TRZ),6E  7236,05:40,07:05,,Daily,27-Oct-2024,29-Mar-2025
Mumbai (BOM),Hyderabad (HYD),6E  5012,05:40,07:05,,Daily,27-Oct-2024,26-Nov-2024
Kolkata (CCU),Guwahati (GAU),6E  0271,05:40,07:00,,Daily,27-Oct-2024,30-Nov-2024
Hyderabad (HYD),Goa (GOI),6E  0743,05:40,06:55,,Daily,27-Oct-2024,29-Mar-2025
Pune (PNQ),Mopa(GOX),6E  6944,05:40,06:30,,Daily,27-Oct-2024,21-Nov-2024
Ahmedabad (AMD),Delhi (DEL),6E  2271,05:45,07:25,,Daily,27-Oct-2024,29-Mar-2025
Delhi (DEL),Amritsar (ATQ),6E  5103,05:45,07:00,,Daily,27-Oct-2024,29-Mar-2025
Bengaluru (BLR),Delhi (DEL),6E  6021,05:45,08:35,,Daily,27-Oct-2024,29-Mar-2025
Bengaluru (BLR),Lucknow (LKO),6E  6353,05:45,08:20,,Daily,27-Oct-2024,29-Mar-2025
Chennai (MAA),Mumbai (BOM),6E  0682,05:45,07:50,,Daily,27-Oct-2024,29-Mar-2025
Delhi (DEL),Lucknow (LKO),6E  2025,05:45,06:55,,Daily,27-Oct-2024,29-Mar-2025
Delhi (DEL),Pune (PNQ),6E  2003,05:45,08:00,,Daily,27-Oct-2024,29-Mar-2025
Hyderabad (HYD),Mangalore (IXE),6E  7549,05:45,07:35,,Daily,27-Oct-2024,29-Mar-2025
Kuala Lumpur (KUL),Chennai (MAA),6E  1032,05:45,07:00,,Daily,27-Oct-2024,29-Mar-2025
Delhi (DEL),Bengaluru (BLR),6E  2061,05:45,08:25,,Every Mon Sun,27-Oct-2024,28-Oct-2024
Chennai (MAA),Goa (GOI),6E  0907,05:45,07:20,,Every Mon Tue Wed Thu Fri Sun,27-Oct-2024,28-Mar-2025
Delhi (DEL),Tirupati (TIR),6E  0286,05:45,08:25,,Every Mon Tue Wed Thu Sat Sun,27-Oct-2024,03-Nov-2024
Chandigarh (IXC),Delhi (DEL),6E  2315,05:45,06:45,,Every Sun,27-Oct-2024,23-Mar-2025
Kolkata (CCU),Ahmedabad (AMD),6E  0245,05:50,08:45,,Daily,27-Oct-2024,29-Mar-2025
Ahmedabad (AMD),Hyderabad (HYD),6E  6337,05:50,07:35,,Daily,27-Oct-2024,29-Mar-2025
Pune (PNQ),Ranchi (IXR),6E  6484,05:50,07:55,,Daily,27-Oct-2024,29-Mar-2025
Chennai (MAA),Vijayawada (VGA),6E  7084,05:50,07:10,,Daily,27-Oct-2024,29-Mar-2025
Hyderabad (HYD),Visakhapatnam (VTZ),6E  0618,05:50,07:00,,Every Mon Tue Wed Thu Fri Sun,27-Oct-2024,10-Nov-2024
Hyderabad (HYD),Bhopal (BHO),6E  7121,05:55,08:15,,Daily,27-Oct-2024,29-Mar-2025
Pune (PNQ),Bengaluru (BLR),6E  6564,05:55,07:20,,Daily,27-Oct-2024,29-Mar-2025
Chandigarh (IXC),Mumbai (BOM),6E  5261,05:55,08:25,,Daily,27-Oct-2024,29-Mar-2025
Kolkata (CCU),Port Blair (IXZ),6E  2106,05:55,08:05,,Daily,27-Oct-2024,30-Nov-2024
Chennai (MAA),Delhi (DEL),6E  0384,05:55,08:50,,Daily,27-Oct-2024,29-Mar-2025
Delhi (DEL),Surat (STV),6E  2272,05:55,08:00,,Daily,27-Oct-2024,29-Mar-2025
Delhi (DEL),Visakhapatnam (VTZ),6E  5345,05:55,08:10,,Daily,27-Oct-2024,10-Nov-2024
Delhi (DEL),Ahmedabad (AMD),6E  6046,06:00,07:45,,Daily,27-Oct-2024,29-Mar-2025
Bengaluru (BLR),Madurai (IXM),6E  7171,06:00,07:30,,Daily,27-Oct-2024,29-Mar-2025
Mumbai (BOM),Delhi (DEL),6E  2156,06:00,08:05,,Daily,27-Oct-2024,05-Jan-2025
Delhi (DEL),Mumbai (BOM),6E  6218,06:00,08:15,,Daily,27-Oct-2024,05-Jan-2025
Guwahati (GAU),Mumbai (BOM),6E  6224,06:00,09:45,,Daily,27-Oct-2024,29-Mar-2025
Jaipur (JAI),Mumbai (BOM),6E  5282,06:00,07:50,,Daily,27-Oct-2024,29-Mar-2025
Hyderabad (HYD),Delhi (DEL),6E  0424,06:00,08:10,,Daily,27-Oct-2024,29-Mar-2025
Lucknow (LKO),Delhi (DEL),6E  2108,06:00,07:20,,Daily,27-Oct-2024,29-Mar-2025
Chennai (MAA),Dubai (DXB),6E  1471,06:00,09:15,,Daily,27-Oct-2024,24-Nov-2024
Tiruchirappalli (TRZ),Hyderabad (HYD),6E  2171,06:00,07:20,,Daily,27-Oct-2024,29-Mar-2025
Indore (IDR),Lucknow (LKO),6E  7127,06:00,07:50,,Daily,27-Oct-2024,15-Dec-2024
Chennai (MAA),Tuticorin (TCR),6E  7193,06:00,07:35,,Daily,27-Oct-2024,29-Mar-2025
Amritsar (ATQ),Delhi (DEL),6E  5123,06:05,07:20,,Daily,27-Oct-2024,29-Mar-2025
Delhi (DEL),Vadodara (BDQ),6E  5283,06:05,07:45,,Daily,27-Oct-2024,29-Mar-2025
Bengaluru (BLR),Rajahmundry (RJA),6E  7107,06:05,08:00,,Daily,27-Oct-2024,29-Mar-2025
Kochi (COK),Mumbai (BOM),6E  6702,06:05,08:10,,Daily,27-Oct-2024,29-Mar-2025
Nagpur (NAG),Mumbai (BOM),6E  5002,06:05,07:30,,Daily,27-Oct-2024,29-Mar-2025
Pune (PNQ),Kolkata (CCU),6E  6359,06:05,08:25,,Daily,27-Oct-2024,29-Mar-2025
Hyderabad (HYD),Nagpur (NAG),6E  7452,06:05,07:30,,Daily,27-Oct-2024,29-Mar-2025
Hyderabad (HYD),Vijayawada (VGA),6E  7201,06:05,07:05,,Daily,27-Oct-2024,29-Mar-2025
Chennai (MAA),Tiruchirappalli (TRZ),6E  7298,06:05,07:15,,Daily,27-Oct-2024,29-Mar-2025
Hyderabad (HYD),Kolkata (CCU),6E  6494,06:05,08:05,,Every Mon Tue Wed Sun,27-Oct-2024,30-Oct-2024
Bengaluru (BLR),Mangalore (IXE),6E  6858,06:05,07:10,,Every Mon Tue Wed Thu Sat Sun,27-Oct-2024,03-Nov-2024
Mumbai (BOM),Bengaluru (BLR),6E  5352,06:05,07:45,,Every Mon Tue Wed Thu Sun,27-Oct-2024,31-Oct-2024
Delhi (DEL),Belgaum (IXG),6E  2511,06:05,08:35,,Every Mon Wed Fri Sun,27-Oct-2024,28-Mar-2025
Chennai (MAA),Bhubaneshwar (BBI),6E  0288,06:10,07:55,,Daily,27-Oct-2024,17-Nov-2024
Bengaluru (BLR),Kolkata (CCU),6E  6439,06:10,08:45,,Daily,27-Oct-2024,29-Mar-2025
Bengaluru (BLR),Coimbatore (CJB),6E  0857,06:10,07:20,,Daily,27-Oct-2024,15-Nov-2024
Guwahati (GAU),Bengaluru (BLR),6E  6542,06:10,09:35,,Daily,27-Oct-2024,29-Mar-2025
Indore (IDR),Bengaluru (BLR),6E  0701,06:10,08:05,,Daily,27-Oct-2024,29-Mar-2025
Mumbai (BOM),Kolkata (CCU),6E  5122,06:10,08:40,,Daily,27-Oct-2024,29-Mar-2025
Hyderabad (HYD),Surat (STV),6E  0928,06:10,07:45,,Daily,27-Oct-2024,29-Mar-2025
Singapore (SIN),Chennai (MAA),6E  1002,06:10,07:55,,Daily,27-Oct-2024,29-Mar-2025
Ahmedabad (AMD),Kolkata (CCU),6E  0966,06:15,08:35,,Daily,27-Oct-2024,29-Mar-2025
Ahmedabad (AMD),Agartala (IXA),6E  0966,06:15,10:25,CCU,Daily,27-Oct-2024,29-Mar-2025
Kolkata (CCU),Mumbai (BOM),6E  0313,06:15,09:15,,Daily,27-Oct-2024,28-Nov-2024
Delhi (DEL),Patna (PAT),6E  2103,06:15,07:55,,Daily,27-Oct-2024,30-Nov-2024
Thiruvananthapuram (TRV),Delhi (DEL),6E  2188,06:15,09:40,,Daily,27-Oct-2024,29-Mar-2025
Chennai (MAA),Madurai (IXM),6E  7183,06:15,07:40,,Daily,27-Oct-2024,29-Mar-2025
Jaipur (JAI),Indore (IDR),6E  7744,06:15,07:55,,Daily,27-Oct-2024,29-Mar-2025
Jaipur (JAI),Nagpur (NAG),6E  7744,06:15,09:30,IDR,Daily,27-Oct-2024,29-Mar-2025
Guwahati (GAU),Delhi (DEL),6E  2339,06:15,09:00,,Every Mon Sun,27-Oct-2024,28-Oct-2024
Bengaluru (BLR),Phuket (HKT),6E  1077,06:15,11:35,,Every Mon Tue Wed Fri Sat Sun,27-Oct-2024,29-Mar-2025
Bengaluru (BLR),Goa (GOI),6E  0194,06:15,07:35,,Every Mon Tue Wed Thu Fri Sun,27-Oct-2024,28-Mar-2025
Kochi (COK),Goa (GOI),6E  0211,06:15,07:30,,Every Mon Tue Wed Thu Fri Sun,27-Oct-2024,28-Mar-2025
Kochi (COK),Raipur (RPR),6E  0211,06:15,09:50,GOI,Every Mon Tue Wed Thu Fri Sun,27-Oct-2024,28-Mar-2025
Mumbai (BOM),Ahmedabad (AMD),6E  0446,06:20,07:30,,Daily,27-Oct-2024,22-Dec-2024
Ahmedabad (AMD),Dehradun (DED),6E  0568,06:20,07:55,,Daily,27-Oct-2024,29-Mar-2025
Mumbai (BOM),Jakarta (CGK),6E  1601,06:20,14:30,,Daily,27-Oct-2024,29-Mar-2025
Chennai (MAA),Coimbatore (CJB),6E  6194,06:20,07:30,,Daily,27-Oct-2024,29-Mar-2025
Indore (IDR),Jaipur (JAI),6E  7274,06:20,07:40,,Daily,27-Oct-2024,15-Dec-2024
Indore (IDR),Dehradun (DED),6E  7274,06:20,09:20,JAI,Daily,27-Oct-2024,15-Dec-2024
Hyderabad (HYD),Tirupati (TIR),6E  7532,06:20,07:50,,Every Mon Tue Wed Thu Sat Sun,27-Oct-2024,03-Nov-2024
Bengaluru (BLR),Indore (IDR),6E  0959,06:20,08:25,,Every Tue Thu Sun,27-Oct-2024,28-Nov-2024
Bengaluru (BLR),Jammu (IXJ),6E  0959,06:20,11:10,IDR,Every Tue Thu Sun,27-Oct-2024,28-Nov-2024
Bengaluru (BLR),Ahmedabad (AMD),6E  0586,06:25,08:55,,Daily,27-Oct-2024,29-Mar-2025
Ahmedabad (AMD),Indore (IDR),6E  7173,06:25,07:35,,Daily,27-Oct-2024,29-Mar-2025
Goa (GOI),Mumbai (BOM),6E  6569,06:25,07:50,,Daily,27-Oct-2024,29-Mar-2025
Delhi (DEL),Dibrugarh (DIB),6E  2031,06:25,09:00,,Daily,27-Oct-2024,29-Mar-2025
Delhi (DEL),Nasik(ISK),6E  2036,06:25,08:20,,Daily,27-Oct-2024,29-Mar-2025
Delhi (DEL),Jaipur (JAI),6E  5037,06:25,07:15,,Daily,27-Oct-2024,29-Mar-2025
Pune (PNQ),Hyderabad (HYD),6E  0352,06:25,07:35,,Daily,27-Oct-2024,21-Nov-2024
Chennai (MAA),Visakhapatnam (VTZ),6E  0557,06:25,07:45,,Daily,27-Oct-2024,29-Mar-2025
Mumbai (BOM),Nagpur (NAG),6E  5124,06:25,07:55,,Every Mon Tue Wed Thu Sun,27-Oct-2024,31-Oct-2024
Ahmedabad (AMD),Jaipur (JAI),6E  7114,06:30,08:05,,Daily,27-Oct-2024,30-Nov-2024
Bengaluru (BLR),Bhopal (BHO),6E  0368,06:30,08:50,,Daily,27-Oct-2024,06-Dec-2024
Kolkata (CCU),Bengaluru (BLR),6E  0771,06:30,09:05,,Daily,27-Oct-2024,29-Mar-2025
Hyderabad (HYD),Mumbai (BOM),6E  5115,06:30,08:15,,Daily,27-Oct-2024,29-Mar-2025
Delhi (DEL),Phuket (HKT),6E  1073,06:30,12:30,,Daily,27-Oct-2024,29-Mar-2025
Delhi (DEL),Hyderabad (HYD),6E  2069,06:30,08:40,,Daily,27-Oct-2024,29-Mar-2025
Hyderabad (HYD),Port Blair (IXZ),6E  6305,06:30,08:55,,Daily,27-Oct-2024,29-Mar-2025
Thiruvananthapuram (TRV),Hyderabad (HYD),6E  0160,06:30,08:15,,Daily,27-Oct-2024,29-Mar-2025
Chennai (MAA),Singapore (SIN),6E  1025,06:30,13:20,,Daily,27-Oct-2024,29-Mar-2025
Bengaluru (BLR),Hubli (HBX),6E  7227,06:35,08:05,,Daily,27-Oct-2024,29-Mar-2025
Mumbai (BOM),Chennai (MAA),6E  5107,06:35,08:35,,Daily,27-Oct-2024,24-Nov-2024
Coimbatore (CJB),Chennai (MAA),6E  0339,06:35,07:35,,Daily,27-Oct-2024,29-Mar-2025
Hyderabad (HYD),Kannur (CNN),6E  7225,06:35,08:45,,Daily,27-Oct-2024,29-Mar-2025
Lucknow (LKO),Ahmedabad (AMD),6E  0142,06:40,08:40,,Daily,27-Oct-2024,29-Mar-2025
Bengaluru (BLR),Bangkok (BKK),6E  1055,06:40,12:05,,Daily,27-Oct-2024,29-Mar-2025
Mumbai (BOM),Indore (IDR),6E  0294,06:40,08:00,,Daily,27-Oct-2024,29-Mar-2025
Indore (IDR),Mumbai (BOM),6E  2053,06:40,08:05,,Daily,27-Oct-2024,29-Mar-2025
Nairobi(NBO),Mumbai (BOM),6E  1854,06:40,15:30,,Daily,27-Oct-2024,29-Mar-2025
Kolkata (CCU),Raipur (RPR),6E  0139,06:40,08:05,,Daily,27-Oct-2024,29-Mar-2025
Delhi (DEL),Istanbul (IST),6E  0011,06:40,11:15,,Daily,27-Oct-2024,14-Nov-2024
Varanasi (VNS),Delhi (DEL),6E  2015,06:40,08:10,,Daily,27-Oct-2024,30-Nov-2024
Mumbai (BOM),Hubli (HBX),6E  5144,06:45,08:00,,Daily,27-Oct-2024,29-Mar-2025
Kolkata (CCU),Delhi (DEL),6E  2119,06:45,09:15,,Daily,27-Oct-2024,29-Mar-2025
Hyderabad (HYD),Chennai (MAA),6E  0289,06:45,08:05,,Daily,27-Oct-2024,29-Mar-2025
Chennai (MAA),Jaipur (JAI),6E  6213,06:45,09:20,,Daily,27-Oct-2024,29-Mar-2025
Mumbai (BOM),Udaipur (UDR),6E  5038,06:45,08:05,,Every Mon Tue Wed Thu Sun,27-Oct-2024,31-Oct-2024
Delhi (DEL),Srinagar (SXR),6E  2641,06:45,08:15,,Every Mon Wed Fri Sat Sun,27-Oct-2024,03-Nov-2024
Bhubaneshwar (BBI),Guwahati (GAU),6E  6913,06:50,08:30,,Daily,27-Oct-2024,29-Mar-2025
Aurangabad (IXU),Mumbai (BOM),6E  5223,06:50,07:55,,Daily,27-Oct-2024,29-Mar-2025
Hyderabad (HYD),Lucknow (LKO),6E  0453,06:50,08:45,,Daily,27-Oct-2024,29-Mar-2025
Hyderabad (HYD),Rajahmundry (RJA),6E  7118,06:50,08:05,,Daily,27-Oct-2024,29-Mar-2025
Ahmedabad (AMD),Mumbai (BOM),6E  2046,06:55,08:15,,Daily,27-Oct-2024,16-Mar-2025
Vadodara (BDQ),Mumbai (BOM),6E  5187,06:55,08:10,,Daily,27-Oct-2024,29-Mar-2025
Bengaluru (BLR),Jodhpur (JDH),6E  6032,06:55,09:40,,Daily,27-Oct-2024,29-Mar-2025
Bengaluru (BLR),Vijayawada (VGA),6E  7204,06:55,08:35,,Daily,27-Oct-2024,29-Mar-2025
Mumbai (BOM),Istanbul (IST),6E  0017,06:55,11:35,,Daily,27-Oct-2024,04-Nov-2024
Kolkata (CCU),Agartala (IXA),6E  7418,06:55,08:00,,Daily,27-Oct-2024,15-Dec-2024
Delhi (DEL),Ranchi (IXR),6E  5044,06:55,08:40,,Daily,27-Oct-2024,29-Mar-2025
Jaipur (JAI),Udaipur (UDR),6E  7465,06:55,07:55,,Daily,27-Oct-2024,29-Mar-2025
Hyderabad (HYD),Bengaluru (BLR),6E  0413,06:55,08:10,,Every Mon Tue Wed Thu Fri Sun,27-Oct-2024,10-Nov-2024
Delhi (DEL),Jodhpur (JDH),6E  2411,06:55,08:15,,Every Mon Tue Wed Thu Sat Sun,27-Oct-2024,03-Nov-2024
Delhi (DEL),Raipur (RPR),6E  2076,06:55,08:45,,Every Sun,27-Oct-2024,03-Nov-2024
Nagpur (NAG),Delhi (DEL),6E  2432,06:55,08:40,,Every Tue Wed Thu Fri Sat Sun,27-Oct-2024,03-Nov-2024
Ahmedabad (AMD),Chennai (MAA),6E  0479,07:00,09:15,,Daily,27-Oct-2024,29-Mar-2025
Ahmedabad (AMD),Coimbatore (CJB),6E  0479,07:00,11:05,MAA,Daily,27-Oct-2024,29-Mar-2025
Bengaluru (BLR),Mumbai (BOM),6E  5075,07:00,09:05,,Daily,27-Oct-2024,29-Mar-2025
Bengaluru (BLR),Delhi (DEL),6E  6433,07:00,09:55,,Daily,27-Oct-2024,29-Mar-2025
Delhi (DEL),Bengaluru (BLR),6E  6403,07:00,09:45,,Daily,27-Oct-2024,29-Mar-2025
Mumbai (BOM),Delhi (DEL),6E  0301,07:00,09:10,,Daily,27-Oct-2024,05-Jan-2025
Delhi (DEL),Mumbai (BOM),6E  6814,07:00,09:15,,Daily,27-Oct-2024,13-Nov-2024
Chennai (MAA),Mumbai (BOM),6E  5314,07:00,09:10,,Daily,27-Oct-2024,16-Nov-2024
Varanasi (VNS),Mumbai (BOM),6E  0372,07:00,09:30,,Daily,27-Oct-2024,30-Nov-2024
Kochi (COK),Hyderabad (HYD),6E  0553,07:00,08:35,,Daily,27-Oct-2024,29-Mar-2025
Indore (IDR),Delhi (DEL),6E  5126,07:00,08:30,,Daily,27-Oct-2024,15-Nov-2024
Mopa(GOX),Nagpur (NAG),6E  6933,07:00,08:35,,Daily,27-Oct-2024,29-Mar-2025
Hyderabad (HYD),Thiruvananthapuram (TRV),6E  5278,07:00,08:45,,Daily,27-Oct-2024,29-Mar-2025
Bengaluru (BLR),Chennai (MAA),6E  6269,07:00,08:00,,Every Mon Tue Wed Thu Fri Sun,27-Oct-2024,01-Nov-2024
Thiruvananthapuram (TRV),Chennai (MAA),6E  0343,07:00,08:15,,Every Mon Tue Wed Thu Sun,27-Oct-2024,31-Oct-2024
Ahmedabad (AMD),Delhi (DEL),6E  2378,07:05,08:45,,Daily,27-Oct-2024,29-Mar-2025
Bhubaneshwar (BBI),Kolkata (CCU),6E  6793,07:05,08:05,,Daily,27-Oct-2024,29-Mar-2025
Delhi (DEL),Bhopal (BHO),6E  2112,07:05,08:25,,Daily,27-Oct-2024,29-Mar-2025
Chennai (MAA),Mangalore (IXE),6E  7746,07:05,08:45,,Every Mon Tue Wed Thu Fri Sun,27-Oct-2024,28-Mar-2025
Kolkata (CCU),Silchar (IXS),6E  6179,07:05,08:15,,Every Mon Tue Wed Thu Sat Sun,27-Oct-2024,03-Nov-2024
Delhi (DEL),Ahmedabad (AMD),6E  2033,07:10,08:55,,Daily,27-Oct-2024,29-Mar-2025
Mumbai (BOM),Jodhpur (JDH),6E  0266,07:10,08:50,,Daily,27-Oct-2024,29-Mar-2025
Mumbai (BOM),Raipur (RPR),6E  2047,07:10,09:00,,Daily,27-Oct-2024,29-Mar-2025
Chandigarh (IXC),Lucknow (LKO),6E  0146,07:10,08:30,,Daily,27-Oct-2024,29-Mar-2025
Chandigarh (IXC),Guwahati (GAU),6E  0146,07:10,10:50,LKO,Daily,27-Oct-2024,29-Mar-2025
Indore (IDR),Jabalpur (JLR),6E  7316,07:10,08:25,,Daily,27-Oct-2024,29-Mar-2025
Mumbai (BOM),Srinagar (SXR),6E  5341,07:10,09:55,,Every Tue Fri Sun,27-Oct-2024,28-Mar-2025
Hyderabad (HYD),Ranchi (IXR),6E  6083,07:10,09:00,,Every Tue Thu Fri Sun,27-Oct-2024,28-Mar-2025
Kolkata (CCU),Bhubaneshwar (BBI),6E  7623,07:15,08:40,,Daily,27-Oct-2024,15-Dec-2024
Hyderabad (HYD),Bhubaneshwar (BBI),6E  6242,07:15,08:45,,Daily,27-Oct-2024,29-Mar-2025
Delhi (DEL),Kolkata (CCU),6E  2219,07:15,09:20,,Daily,27-Oct-2024,29-Mar-2025
Delhi (DEL),Kathmandu (KTM),6E  1151,07:15,09:20,,Daily,27-Oct-2024,07-Nov-2024
Delhi (DEL),Chennai (MAA),6E  2281,07:15,10:00,,Daily,27-Oct-2024,29-Mar-2025
Lucknow (LKO),Amritsar (ATQ),6E  6164,07:15,08:50,,Daily,27-Oct-2024,29-Mar-2025
Lucknow (LKO),Srinagar (SXR),6E  6164,07:15,10:15,ATQ,Daily,27-Oct-2024,29-Mar-2025
Goa (GOI),Ahmedabad (AMD),6E  6419,07:15,08:50,,Every Mon Tue Wed Thu Fri Sun,27-Oct-2024,28-Mar-2025
Kochi (COK),Bengaluru (BLR),6E  0728,07:20,08:25,,Daily,27-Oct-2024,29-Mar-2025
Mumbai (BOM),Hirasar Airport(HSR),6E  6133,07:20,08:35,,Daily,27-Oct-2024,29-Mar-2025
Nagpur (NAG),Kolkata (CCU),6E  0812,07:20,08:55,,Daily,27-Oct-2024,21-Nov-2024
Delhi (DEL),Jammu (IXJ),6E  2180,07:20,08:45,,Daily,27-Oct-2024,03-Nov-2024
Delhi (DEL),Nagpur (NAG),6E  2098,07:20,09:05,,Daily,27-Oct-2024,29-Mar-2025
Jaipur (JAI),Kolkata (CCU),6E  0207,07:20,09:25,,Daily,27-Oct-2024,29-Mar-2025
Jaipur (JAI),Guwahati (GAU),6E  0207,07:20,11:20,CCU,Daily,27-Oct-2024,29-Mar-2025
Chandigarh (IXC),Chennai (MAA),6E  0971,07:20,10:20,,Daily,27-Oct-2024,29-Mar-2025
Pune (PNQ),Ahmedabad (AMD),6E  6093,07:20,08:35,,Every Mon Tue Wed Thu Fri Sun,27-Oct-2024,28-Mar-2025
Nagpur (NAG),Bengaluru (BLR),6E  0909,07:25,09:05,,Daily,27-Oct-2024,29-Mar-2025
Pune (PNQ),Bengaluru (BLR),6E  0391,07:25,08:55,,Daily,27-Oct-2024,01-Dec-2024
Bengaluru (BLR),Srinagar (SXR),6E  6497,07:25,11:00,,Daily,27-Oct-2024,29-Mar-2025
Jaipur (JAI),Mopa(GOX),6E  6977,07:25,09:35,,Daily,27-Oct-2024,29-Mar-2025
Hyderabad (HYD),Aurangabad (IXU),6E  7252,07:25,08:50,,Daily,27-Oct-2024,29-Mar-2025
Vijayawada (VGA),Hyderabad (HYD),6E  7209,07:25,08:30,,Daily,27-Oct-2024,29-Mar-2025
Thiruvananthapuram (TRV),Bengaluru (BLR),6E  6629,07:25,08:40,,Every Mon Sun,27-Oct-2024,28-Oct-2024
Port Blair (IXZ),Chennai (MAA),6E  0581,07:25,09:40,,Every Mon Tue Wed Fri Sat Sun,27-Oct-2024,22-Dec-2024
Port Blair (IXZ),Visakhapatnam (VTZ),6E  0581,07:25,11:45,MAA,Every Mon Tue Wed Fri Sat Sun,27-Oct-2024,22-Dec-2024
Lucknow (LKO),Nagpur (NAG),6E  7462,07:25,09:25,,Every Mon Wed Fri Sun,27-Oct-2024,15-Dec-2024
Lucknow (LKO),Nasik(ISK),6E  7462,07:25,11:25,NAG,Every Mon Wed Fri Sun,27-Oct-2024,15-Dec-2024
Lucknow (LKO),Goa (GOI),6E  7462,07:25,13:40,NAG/ISK,Every Mon Wed Fri Sun,27-Oct-2024,15-Dec-2024
Bengaluru (BLR),Kozhikode (CCJ),6E  7005,07:30,08:45,,Daily,27-Oct-2024,29-Mar-2025
Bengaluru (BLR),Kochi (COK),6E  7005,07:30,09:45,CCJ,Daily,27-Oct-2024,29-Mar-2025
Bengaluru (BLR),Agatti(AGX),6E  7005,07:30,11:35,CCJ/COK,Daily,27-Oct-2024,29-Mar-2025
Amritsar (ATQ),Hyderabad (HYD),6E  0168,07:30,10:05,,Daily,27-Oct-2024,29-Mar-2025
Chandigarh (IXC),Patna (PAT),6E  6394,07:30,09:10,,Daily,27-Oct-2024,14-Dec-2024
Chandigarh (IXC),Bhubaneshwar (BBI),6E  6394,07:30,11:10,PAT,Daily,27-Oct-2024,14-Dec-2024
Mumbai (BOM),Bengaluru (BLR),6E  5296,07:30,09:15,,Daily,27-Oct-2024,29-Mar-2025
Bengaluru (BLR),Raipur (RPR),6E  0405,07:30,09:30,,Daily,27-Oct-2024,29-Mar-2025
Kolkata (CCU),Guwahati (GAU),6E  0212,07:30,08:40,,Daily,27-Oct-2024,29-Mar-2025
Delhi (DEL),Mopa(GOX),6E  5301,07:30,10:00,,Daily,27-Oct-2024,29-Mar-2025
Delhi (DEL),Bagdogra (IXB),6E  2148,07:30,09:25,,Daily,27-Oct-2024,03-Nov-2024
Hyderabad (HYD),Dubai (DXB),6E  1465,07:30,10:25,,Daily,27-Oct-2024,29-Mar-2025
Goa (GOI),Hyderabad (HYD),6E  0744,07:30,08:35,,Daily,27-Oct-2024,29-Mar-2025
Indore (IDR),Hyderabad (HYD),6E  0378,07:30,08:50,,Daily,27-Oct-2024,29-Mar-2025
Chennai (MAA),Bengaluru (BLR),6E  6288,07:30,08:30,,Daily,27-Oct-2024,29-Mar-2025
Chennai (MAA),Amritsar (ATQ),6E  6288,07:30,12:35,BLR,Daily,27-Oct-2024,29-Mar-2025
Chennai (MAA),Srinagar (SXR),6E  6288,07:30,14:05,BLR/ATQ,Daily,27-Oct-2024,29-Mar-2025
Vijayawada (VGA),Visakhapatnam (VTZ),6E  7128,07:30,08:35,,Daily,27-Oct-2024,29-Mar-2025
Guwahati (GAU),Kolkata (CCU),6E  0201,07:30,08:55,,Every Mon Wed Fri Sun,27-Oct-2024,15-Dec-2024
Guwahati (GAU),Dehradun (DED),6E  0201,07:30,12:10,CCU,Every Mon Wed Fri Sun,27-Oct-2024,15-Dec-2024
Bengaluru (BLR),Bhubaneshwar (BBI),6E  0702,07:35,09:40,,Daily,27-Oct-2024,29-Mar-2025
Mumbai (BOM),Mopa(GOX),6E  5284,07:35,08:45,,Daily,27-Oct-2024,29-Mar-2025
Mumbai (BOM),Port Blair (IXZ),6E  5285,07:35,10:55,,Daily,27-Oct-2024,29-Mar-2025
Patna (PAT),Kolkata (CCU),6E  7086,07:35,09:05,,Daily,27-Oct-2024,21-Nov-2024
Hyderabad (HYD),Kochi (COK),6E  0752,07:35,09:10,,Daily,27-Oct-2024,29-Mar-2025
Pune (PNQ),Delhi (DEL),6E  2472,07:35,09:50,,Daily,27-Oct-2024,29-Mar-2025
Tiruchirappalli (TRZ),Chennai (MAA),6E  7101,07:35,08:40,,Daily,27-Oct-2024,29-Mar-2025
Bhopal (BHO),Jaipur (JAI),6E  7743,07:35,09:05,,Every Mon Wed Fri Sun,27-Oct-2024,28-Mar-2025
Mumbai (BOM),Coimbatore (CJB),6E  5271,07:40,09:35,,Daily,27-Oct-2024,30-Nov-2024
Kozhikode (CCJ),Chennai (MAA),6E  7002,07:40,09:10,,Daily,27-Oct-2024,29-Mar-2025
Kolkata (CCU),Ranchi (IXR),6E  7561,07:40,08:50,,Daily,27-Oct-2024,29-Mar-2025
Coimbatore (CJB),Hyderabad (HYD),6E  0939,07:40,08:55,,Daily,27-Oct-2024,29-Mar-2025
Guwahati (GAU),Imphal (IMF),6E  2251,07:40,08:45,,Daily,27-Oct-2024,15-Dec-2024
Hyderabad (HYD),Delhi (DEL),6E  6621,07:40,09:55,,Daily,27-Oct-2024,29-Mar-2025
Hyderabad (HYD),Mopa(GOX),6E  6974,07:40,08:55,,Daily,27-Oct-2024,29-Mar-2025
Visakhapatnam (VTZ),Hyderabad (HYD),6E  0307,07:40,08:50,,Every Mon Tue Wed Thu Fri Sun,27-Oct-2024,10-Nov-2024
Visakhapatnam (VTZ),Varanasi (VNS),6E  0307,07:40,11:15,HYD,Every Mon Tue Wed Thu Fri Sun,27-Oct-2024,10-Nov-2024
Mangalore (IXE),Bengaluru (BLR),6E  0306,07:40,08:35,,Every Mon Tue Wed Thu Sat Sun,27-Oct-2024,03-Nov-2024
Kolkata (CCU),Bagdogra (IXB),6E  6785,07:40,08:45,,Every Mon Tue Wed Thu Sat Sun,27-Oct-2024,03-Nov-2024
Bengaluru (BLR),Hyderabad (HYD),6E  0484,07:40,08:55,,Every Mon Tue Wed Thu Sun,27-Oct-2024,31-Oct-2024
Delhi (DEL),Goa (GOI),6E  2316,07:40,10:10,,Every Sun,27-Oct-2024,23-Mar-2025
Ahmedabad (AMD),Jodhpur (JDH),6E  7074,07:45,09:00,,Daily,27-Oct-2024,30-Nov-2024
Mumbai (BOM),Bhubaneshwar (BBI),6E  2301,07:45,10:00,,Daily,27-Oct-2024,29-Mar-2025
Mumbai (BOM),Kolkata (CCU),6E  5329,07:45,10:25,,Daily,27-Oct-2024,29-Mar-2025
Mumbai (BOM),Hyderabad (HYD),6E  5246,07:45,09:10,,Daily,27-Oct-2024,29-Mar-2025
Hyderabad (HYD),Mumbai (BOM),6E  5213,07:45,09:25,,Daily,27-Oct-2024,26-Nov-2024
Riyadh (RUH),Mumbai (BOM),6E  0074,07:45,14:20,,Daily,27-Oct-2024,29-Mar-2025
Kolkata (CCU),Mopa(GOX),6E  0948,07:45,10:35,,Daily,27-Oct-2024,29-Mar-2025
Lucknow (LKO),Kolkata (CCU),6E  0505,07:45,09:15,,Daily,27-Oct-2024,29-Mar-2025
Jaipur (JAI),Delhi (DEL),6E  2165,07:45,08:50,,Daily,27-Oct-2024,29-Mar-2025
Bengaluru (BLR),Mopa(GOX),6E  6176,07:45,09:05,,Every Mon Wed Thu Fri Sun,27-Oct-2024,01-Nov-2024
Bhubaneshwar (BBI),Delhi (DEL),6E  5061,07:50,10:30,,Daily,27-Oct-2024,29-Mar-2025
Bengaluru (BLR),Dubai (DXB),6E  1485,07:50,10:45,,Daily,27-Oct-2024,29-Mar-2025
Tiruchirappalli (TRZ),Bengaluru (BLR),6E  7245,07:50,09:00,,Daily,27-Oct-2024,29-Mar-2025
Visakhapatnam (VTZ),Bengaluru (BLR),6E  0218,07:50,09:25,,Daily,27-Oct-2024,29-Mar-2025
Chennai (MAA),Kochi (COK),6E  5394,07:50,09:05,,Daily,27-Oct-2024,29-Mar-2025
Lucknow (LKO),Delhi (DEL),6E  2026,07:50,09:00,,Daily,27-Oct-2024,29-Mar-2025
Hyderabad (HYD),Chennai (MAA),6E  0243,07:50,09:00,,Daily,27-Oct-2024,17-Nov-2024
Goa (GOI),Chennai (MAA),6E  0908,07:50,09:20,,Every Mon Tue Wed Thu Fri Sun,27-Oct-2024,28-Mar-2025
Indore (IDR),Ahmedabad (AMD),6E  7175,07:55,09:15,,Daily,27-Oct-2024,29-Mar-2025
Coimbatore (CJB),Bengaluru (BLR),6E  0475,07:55,08:45,,Daily,27-Oct-2024,15-Nov-2024
Bengaluru (BLR),Kannur (CNN),6E  7728,07:55,09:15,,Daily,27-Oct-2024,29-Mar-2025
Tuticorin (TCR),Chennai (MAA),6E  7186,07:55,09:25,,Daily,27-Oct-2024,29-Mar-2025
Patna (PAT),Hyderabad (HYD),6E  6092,07:55,10:05,,Every Mon Tue Wed Sat Sun,27-Oct-2024,03-Nov-2024
Chennai (MAA),Hyderabad (HYD),6E  0295,07:55,09:10,,Every Mon Tue Wed Thu Sat Sun,27-Oct-2024,02-Nov-2024
Hyderabad (HYD),Ahmedabad (AMD),6E  0134,08:00,09:45,,Daily,27-Oct-2024,29-Mar-2025
Hyderabad (HYD),Amritsar (ATQ),6E  0167,08:00,10:50,,Daily,27-Oct-2024,29-Mar-2025
Kolkata (CCU),Bengaluru (BLR),6E  0496,08:00,10:40,,Daily,27-Oct-2024,29-Mar-2025
Bengaluru (BLR),Delhi (DEL),6E  2186,08:00,11:00,,Daily,27-Oct-2024,29-Mar-2025
Mumbai (BOM),Delhi (DEL),6E  0333,08:00,10:15,,Daily,27-Oct-2024,11-Jan-2025
Delhi (DEL),Mumbai (BOM),6E  0675,08:00,10:20,,Daily,27-Oct-2024,05-Jan-2025
Lucknow (LKO),Mumbai (BOM),6E  2238,08:00,10:15,,Daily,27-Oct-2024,29-Mar-2025
Jaipur (JAI),Dehradun (DED),6E  7274,08:00,09:20,,Daily,27-Oct-2024,15-Dec-2024
Delhi (DEL),kangra(DHM),6E  7483,08:00,09:35,,Daily,27-Oct-2024,29-Mar-2025
Chennai (MAA),Delhi (DEL),6E  0404,08:00,10:55,,Daily,27-Oct-2024,29-Mar-2025
Goa (GOI),Raipur (RPR),6E  0211,08:00,09:50,,Every Mon Tue Wed Thu Fri Sun,27-Oct-2024,28-Mar-2025
Hyderabad (HYD),Patna (PAT),6E  6382,08:00,09:50,,Every Mon Tue Wed Thu Fri Sun,27-Oct-2024,03-Nov-2024
Kolkata (CCU),Dibrugarh (DIB),6E  0893,08:05,09:40,,Daily,27-Oct-2024,29-Mar-2025
Doha (DOH),Kannur (CNN),6E  1326,08:05,14:30,,Daily,27-Oct-2024,29-Mar-2025
Goa (GOI),Bengaluru (BLR),6E  0249,08:05,09:15,,Every Mon Tue Wed Thu Fri Sun,27-Oct-2024,28-Mar-2025
Bhubaneshwar (BBI),Mumbai (BOM),6E  5146,08:10,10:50,,Daily,27-Oct-2024,29-Mar-2025
Kolkata (CCU),Patna (PAT),6E  0713,08:10,09:20,,Daily,27-Oct-2024,15-Dec-2024
Delhi (DEL),Dehradun (DED),6E  2018,08:10,09:00,,Daily,27-Oct-2024,29-Mar-2025
Delhi (DEL),Leh (IXL),6E  5161,08:10,09:35,,Daily,27-Oct-2024,29-Mar-2025
Delhi (DEL),Udaipur (UDR),6E  2423,08:10,09:25,,Daily,27-Oct-2024,10-Nov-2024
Madurai (IXM),Chennai (MAA),6E  7194,08:10,09:35,,Daily,27-Oct-2024,29-Mar-2025
Tirupati (TIR),Hyderabad (HYD),6E  7563,08:10,09:35,,Every Mon Tue Wed Thu Sat Sun,27-Oct-2024,03-Nov-2024
Tirupati (TIR),Kolhapur (KLH),6E  7563,08:10,11:40,HYD,Every Mon Tue Wed Thu Sat Sun,27-Oct-2024,03-Nov-2024
Vadodara (BDQ),Delhi (DEL),6E  2484,08:15,09:55,,Daily,27-Oct-2024,29-Mar-2025
Chandigarh (IXC),Bengaluru (BLR),6E  6634,08:15,11:15,,Daily,27-Oct-2024,29-Mar-2025
Madurai (IXM),Bengaluru (BLR),6E  7257,08:15,09:40,,Daily,27-Oct-2024,29-Mar-2025
Mumbai (BOM),Bagdogra (IXB),6E  5305,08:15,10:55,,Daily,27-Oct-2024,29-Mar-2025
Kolkata (CCU),Delhi (DEL),6E  5194,08:15,10:45,,Daily,27-Oct-2024,29-Mar-2025
Nagpur (NAG),Hyderabad (HYD),6E  7548,08:15,09:50,,Daily,27-Oct-2024,29-Mar-2025
Hyderabad (HYD),Tirupati (TIR),6E  7503,08:15,09:40,,Daily,27-Oct-2024,29-Mar-2025
Chennai (MAA),Madurai (IXM),6E  7167,08:15,09:40,,Daily,27-Oct-2024,29-Mar-2025
Lucknow (LKO),Indore (IDR),6E  7439,08:15,10:20,,Daily,27-Oct-2024,15-Dec-2024
Lucknow (LKO),Shirdi (SAG),6E  7439,08:15,12:00,IDR,Daily,27-Oct-2024,15-Dec-2024
Lucknow (LKO),Vijayawada (VGA),6E  7439,08:15,14:25,IDR/SAG,Daily,27-Oct-2024,15-Dec-2024
Lucknow (LKO),Tirupati (TIR),6E  7439,08:15,16:00,,Daily,27-Oct-2024,15-Dec-2024
Surat (STV),Hyderabad (HYD),6E  0929,08:15,09:45,,Every Mon Tue Fri Sun,27-Oct-2024,28-Mar-2025
Ahmedabad (AMD),Hyderabad (HYD),6E  0879,08:20,09:55,,Daily,27-Oct-2024,29-Mar-2025
Ahmedabad (AMD),Visakhapatnam (VTZ),6E  0879,08:20,11:50,HYD,Daily,27-Oct-2024,29-Mar-2025
Nagpur (NAG),Ahmedabad (AMD),6E  7246,08:20,10:15,,Daily,27-Oct-2024,29-Mar-2025
Delhi (DEL),Bengaluru (BLR),6E  2786,08:20,11:00,,Daily,27-Oct-2024,29-Mar-2025
Mumbai (BOM),Dubai (DXB),6E  1451,08:20,10:25,,Daily,27-Oct-2024,29-Mar-2025
Hyderabad (HYD),Kolkata (CCU),6E  0664,08:20,10:20,,Daily,27-Oct-2024,29-Mar-2025
Chennai (MAA),Coimbatore (CJB),6E  0782,08:20,09:25,,Daily,27-Oct-2024,17-Nov-2024
Mangalore (IXE),Hyderabad (HYD),6E  7164,08:20,10:10,,Daily,27-Oct-2024,29-Mar-2025
Indore (IDR),Nagpur (NAG),6E  7744,08:20,09:30,,Daily,27-Oct-2024,29-Mar-2025
Delhi (DEL),Lucknow (LKO),6E  2107,08:20,09:30,,Every Mon Tue Thu Fri Sat Sun,27-Oct-2024,29-Mar-2025
Doha (DOH),Kochi (COK),6E  1324,08:20,15:15,,Every Mon Wed Thu Fri Sat Sun,27-Oct-2024,29-Mar-2025
Udaipur (UDR),Jaipur (JAI),6E  7718,08:20,09:25,,Every Sun,27-Oct-2024,23-Mar-2025
Patna (PAT),Bengaluru (BLR),6E  0247,08:20,11:05,,Every Tue Sat Sun,27-Oct-2024,02-Nov-2024
Ahmedabad (AMD),Mumbai (BOM),6E  5125,08:25,09:45,,Daily,27-Oct-2024,29-Mar-2025
Bengaluru (BLR),Kolkata (CCU),6E  0442,08:25,10:55,,Daily,27-Oct-2024,29-Mar-2025
Hubli (HBX),Bengaluru (BLR),6E  7233,08:25,09:35,,Daily,27-Oct-2024,29-Mar-2025
Agartala (IXA),Kolkata (CCU),6E  7419,08:25,09:40,,Daily,27-Oct-2024,15-Dec-2024
Chennai (MAA),Kolkata (CCU),6E  0321,08:25,10:45,,Daily,27-Oct-2024,17-Nov-2024
Visakhapatnam (VTZ),Chennai (MAA),6E  0845,08:25,09:45,,Daily,27-Oct-2024,29-Mar-2025
Visakhapatnam (VTZ),Port Blair (IXZ),6E  0845,08:25,12:30,MAA,Daily,27-Oct-2024,29-Mar-2025
Bhubaneshwar (BBI),Chennai (MAA),6E  0141,08:25,10:15,,Every Mon Tue Wed Fri Sat Sun,27-Oct-2024,17-Nov-2024
Nagpur (NAG),Mumbai (BOM),6E  0174,08:25,09:50,,Every Mon Tue Wed Thu Sun,27-Oct-2024,31-Oct-2024
Mumbai (BOM),Ahmedabad (AMD),6E  2347,08:30,09:50,,Daily,27-Oct-2024,29-Mar-2025
Dehradun (DED),Ahmedabad (AMD),6E  0569,08:30,10:25,,Daily,27-Oct-2024,29-Mar-2025
Bengaluru (BLR),Mumbai (BOM),6E  5216,08:30,10:30,,Daily,27-Oct-2024,29-Mar-2025
Ranchi (IXR),Bengaluru (BLR),6E  6799,08:30,10:55,,Daily,27-Oct-2024,29-Mar-2025
Mumbai (BOM),Chennai (MAA),6E  0683,08:30,10:25,,Daily,27-Oct-2024,29-Mar-2025
Guwahati (GAU),Chennai (MAA),6E  0927,08:30,11:40,,Daily,27-Oct-2024,29-Mar-2025
Guwahati (GAU),Coimbatore (CJB),6E  0927,08:30,13:25,MAA,Daily,27-Oct-2024,29-Mar-2025
Delhi (DEL),Patna (PAT),6E  5104,08:30,10:10,,Daily,27-Oct-2024,29-Mar-2025
Patna (PAT),Delhi (DEL),6E  2163,08:30,10:20,,Daily,27-Oct-2024,30-Nov-2024
Surat (STV),Delhi (DEL),6E  2646,08:30,10:20,,Daily,27-Oct-2024,29-Mar-2025
Hyderabad (HYD),Bagdogra (IXB),6E  0346,08:30,10:45,,Daily,27-Oct-2024,29-Mar-2025
Chennai (MAA),Thiruvananthapuram (TRV),6E  6216,08:30,09:50,,Daily,27-Oct-2024,29-Mar-2025
Mumbai (BOM),Bhopal (BHO),6E  5172,08:35,10:05,,Daily,27-Oct-2024,29-Mar-2025
Mumbai (BOM),Bangkok (BKK),6E  1051,08:35,14:30,,Daily,27-Oct-2024,29-Mar-2025
Bengaluru (BLR),Patna (PAT),6E  0463,08:35,11:10,,Daily,27-Oct-2024,29-Mar-2025
Hubli (HBX),Mumbai (BOM),6E  5145,08:35,09:55,,Daily,27-Oct-2024,29-Mar-2025
Indore (IDR),Mumbai (BOM),6E  2232,08:35,09:55,,Daily,27-Oct-2024,29-Mar-2025
Delhi (DEL),Dubai (DXB),6E  1461,08:35,11:15,,Daily,27-Oct-2024,29-Mar-2025
Doha (DOH),Hyderabad (HYD),6E  1314,08:35,15:05,,Daily,27-Oct-2024,29-Mar-2025
Hyderabad (HYD),Ranchi (IXR),6E  0421,08:35,10:20,,Daily,27-Oct-2024,24-Nov-2024
Jaipur (JAI),Ahmedabad (AMD),6E  7217,08:35,10:15,,Daily,27-Oct-2024,30-Nov-2024
Jaipur (JAI),Aurangabad (IXU),6E  7217,08:35,12:45,AMD,Daily,27-Oct-2024,30-Nov-2024
Kolkata (CCU),Aizawl (AJL),6E  6941,08:35,09:45,,Every Mon Tue Thu Sat Sun,27-Oct-2024,02-Nov-2024
Udaipur (UDR),Mumbai (BOM),6E  5185,08:35,09:55,,Every Mon Tue Wed Thu Sun,27-Oct-2024,31-Oct-2024
Bhopal (BHO),Ahmedabad (AMD),6E  7526,08:40,10:20,,Daily,27-Oct-2024,29-Mar-2025
Bengaluru (BLR),Udaipur (UDR),6E  0687,08:40,11:00,,Daily,27-Oct-2024,29-Mar-2025
Mumbai (BOM),Guwahati (GAU),6E  0228,08:40,11:30,,Daily,27-Oct-2024,12-Jan-2025
Mumbai (BOM),Imphal (IMF),6E  0228,08:40,14:10,GAU,Daily,27-Oct-2024,12-Jan-2025
Mumbai (BOM),Jaipur (JAI),6E  5281,08:40,10:30,,Daily,27-Oct-2024,29-Mar-2025
Kolkata (CCU),Chennai (MAA),6E  0563,08:40,11:10,,Daily,27-Oct-2024,29-Mar-2025
Raipur (RPR),Kolkata (CCU),6E  0669,08:40,10:10,,Daily,27-Oct-2024,29-Mar-2025
Pune (PNQ),Delhi (DEL),6E  2661,08:40,10:55,,Every Mon Tue Thu Fri Sat Sun,27-Oct-2024,29-Mar-2025
Hyderabad (HYD),Rajahmundry (RJA),6E  7477,08:40,09:55,,Every Mon Tue Wed Thu Sat Sun,27-Oct-2024,03-Nov-2024
Bengaluru (BLR),Jabalpur (JLR),6E  6459,08:40,10:35,,Every Mon Wed Fri Sun,27-Oct-2024,28-Mar-2025
Chennai (MAA),Bengaluru (BLR),6E  6815,08:40,09:40,,Every Mon Wed Fri Sun,27-Oct-2024,28-Mar-2025
Bengaluru (BLR),Guwahati (GAU),6E  0457,08:45,11:45,,Daily,27-Oct-2024,29-Mar-2025
Bengaluru (BLR),Aizawl (AJL),6E  0457,08:45,13:55,GAU,Daily,27-Oct-2024,29-Mar-2025
Rajahmundry (RJA),Bengaluru (BLR),6E  7113,08:45,10:25,,Daily,27-Oct-2024,29-Mar-2025
Mumbai (BOM),Singapore (SIN),6E  1011,08:45,17:20,,Daily,27-Oct-2024,29-Mar-2025
Port Blair (IXZ),Kolkata (CCU),6E  5165,08:45,10:45,,Daily,27-Oct-2024,30-Nov-2024
Jabalpur (JLR),Hyderabad (HYD),6E  7308,08:45,11:00,,Daily,27-Oct-2024,29-Mar-2025
Hyderabad (HYD),Udaipur (UDR),6E  0846,08:45,10:25,,Daily,27-Oct-2024,29-Mar-2025
Kolkata (CCU),Dimapur (DMU),6E  6339,08:45,10:05,,Every Mon Tue Wed Thu Fri Sun,27-Oct-2024,01-Dec-2024
Silchar (IXS),Kolkata (CCU),6E  6181,08:45,09:55,,Every Mon Tue Wed Thu Sat Sun,27-Oct-2024,03-Nov-2024
Ahmedabad (AMD),Jammu (IXJ),6E  6687,08:45,10:50,,Every Tue Thu Sat Sun,27-Oct-2024,29-Mar-2025
Bengaluru (BLR),Jaipur (JAI),6E  0415,08:50,11:20,,Daily,27-Oct-2024,29-Mar-2025
Lucknow (LKO),Bengaluru (BLR),6E  0325,08:50,11:30,,Daily,27-Oct-2024,29-Mar-2025
Mumbai (BOM),Jaisalmer (JSA),6E  5142,08:50,11:00,,Daily,27-Oct-2024,12-Mar-2025
Coimbatore (CJB),Delhi (DEL),6E  2276,08:50,11:55,,Daily,27-Oct-2024,29-Mar-2025
Hyderabad (HYD),Dehradun (DED),6E  0422,08:50,11:15,,Daily,27-Oct-2024,29-Mar-2025
Delhi (DEL),Phuket (HKT),6E  1081,08:50,15:40,,Daily,27-Oct-2024,30-Nov-2024
Ahmedabad (AMD),Lucknow (LKO),6E  6244,08:50,10:35,,Every Mon Tue Thu Fri Sat Sun,27-Oct-2024,29-Mar-2025
Rajahmundry (RJA),Hyderabad (HYD),6E  7119,08:50,10:00,,Every Mon Tue Thu Fri Sat Sun,27-Oct-2024,29-Mar-2025
Kolkata (CCU),Hyderabad (HYD),6E  6513,08:50,11:15,,Every Mon Tue Wed Sun,27-Oct-2024,30-Oct-2024
Jodhpur (JDH),Delhi (DEL),6E  2246,08:50,10:10,,Every Mon Tue Wed Thu Sat Sun,27-Oct-2024,03-Nov-2024
Bhopal (BHO),Delhi (DEL),6E  2215,08:55,10:15,,Daily,27-Oct-2024,29-Mar-2025
Mumbai (BOM),Mopa(GOX),6E  2138,08:55,10:05,,Daily,27-Oct-2024,29-Mar-2025
Mumbai (BOM),Mangalore (IXE),6E  6674,08:55,10:25,,Daily,27-Oct-2024,29-Mar-2025
Doha (DOH),Delhi (DEL),6E  1308,08:55,15:00,,Daily,27-Oct-2024,29-Mar-2025
Delhi (DEL),Mopa(GOX),6E  2377,08:55,11:25,,Daily,27-Oct-2024,15-Nov-2024
Delhi (DEL),Hyderabad (HYD),6E  0425,08:55,11:10,,Daily,27-Oct-2024,29-Mar-2025
Delhi (DEL),Indore (IDR),6E  2016,08:55,10:25,,Daily,27-Oct-2024,29-Mar-2025
Visakhapatnam (VTZ),Vijayawada (VGA),6E  7254,08:55,09:55,,Daily,27-Oct-2024,29-Mar-2025
Chennai (MAA),Guwahati (GAU),6E  6309,08:55,11:35,,Every Mon Tue Wed Thu Sun,27-Oct-2024,31-Oct-2024
Chennai (MAA),Agartala (IXA),6E  6309,08:55,13:50,GAU,Every Mon Tue Wed Thu Sun,27-Oct-2024,31-Oct-2024
Srinagar (SXR),Delhi (DEL),6E  2221,08:55,10:30,,Every Mon Wed Fri Sat Sun,27-Oct-2024,03-Nov-2024
Vijayawada (VGA),Bengaluru (BLR),6E  7203,09:00,10:35,,Daily,27-Oct-2024,29-Mar-2025
Mumbai (BOM),Delhi (DEL),6E  0355,09:00,11:10,,Daily,27-Oct-2024,11-Jan-2025
Delhi (DEL),Mumbai (BOM),6E  2157,09:00,11:20,,Daily,27-Oct-2024,05-Jan-2025
Hyderabad (HYD),Delhi (DEL),6E  2051,09:00,11:20,,Daily,27-Oct-2024,29-Mar-2025
Visakhapatnam (VTZ),Delhi (DEL),6E  5344,09:00,11:25,,Daily,27-Oct-2024,10-Nov-2024
Delhi (DEL),Kolkata (CCU),6E  2104,09:00,11:05,,Every Mon Thu Fri Sat Sun,27-Oct-2024,29-Mar-2025
Bengaluru (BLR),Hyderabad (HYD),6E  0886,09:00,10:15,,Every Mon Tue Wed Thu Fri Sun,27-Oct-2024,10-Nov-2024
Bengaluru (BLR),Gorakhpur (GOP),6E  0886,09:00,13:25,HYD,Every Mon Tue Wed Thu Fri Sun,27-Oct-2024,10-Nov-2024
Bhubaneshwar (BBI),Varanasi (VNS),6E  7035,09:00,10:55,,Every Mon Wed Fri Sun,27-Oct-2024,15-Dec-2024
Guwahati (GAU),Hyderabad (HYD),6E  6881,09:00,12:05,,Every Mon Wed Thu Fri Sat Sun,27-Oct-2024,29-Mar-2025
Kozhikode (CCJ),Kochi (COK),6E  7005,09:05,09:45,,Daily,27-Oct-2024,29-Mar-2025
Kozhikode (CCJ),Agatti(AGX),6E  7005,09:05,11:35,COK,Daily,27-Oct-2024,29-Mar-2025
Mumbai (BOM),Bengaluru (BLR),6E  5193,09:05,10:45,,Daily,27-Oct-2024,29-Mar-2025
Bengaluru (BLR),Bagdogra (IXB),6E  0443,09:05,11:55,,Daily,27-Oct-2024,29-Mar-2025
Hirasar Airport(HSR),Mumbai (BOM),6E  6132,09:05,10:15,,Daily,27-Oct-2024,29-Mar-2025
Mumbai (BOM),Thiruvananthapuram (TRV),6E  5109,09:05,11:20,,Daily,27-Oct-2024,29-Mar-2025
Kolkata (CCU),Port Blair (IXZ),6E  0345,09:05,11:20,,Daily,27-Oct-2024,29-Mar-2025
Kochi (COK),Delhi (DEL),6E  0706,09:05,12:15,,Daily,27-Oct-2024,29-Mar-2025
Nagpur (NAG),Mopa(GOX),6E  6934,09:05,10:40,,Daily,27-Oct-2024,29-Mar-2025
Mangalore (IXE),Chennai (MAA),6E  7747,09:05,10:40,,Daily,27-Oct-2024,29-Mar-2025
Bengaluru (BLR),Thiruvananthapuram (TRV),6E  0688,09:05,10:25,,Every Mon Tue Wed Thu Fri Sun,27-Oct-2024,01-Nov-2024
Bengaluru (BLR),Mangalore (IXE),6E  6162,09:10,10:15,,Daily,27-Oct-2024,29-Mar-2025
Guwahati (GAU),Kolkata (CCU),6E  0213,09:10,10:35,,Daily,27-Oct-2024,29-Mar-2025
Delhi (DEL),Guwahati (GAU),6E  2022,09:10,11:25,,Daily,27-Oct-2024,29-Mar-2025
Delhi (DEL),Silchar (IXS),6E  2022,09:10,13:45,GAU,Daily,27-Oct-2024,29-Mar-2025
Nasik(ISK),Delhi (DEL),6E  2048,09:10,11:10,,Daily,27-Oct-2024,29-Mar-2025
Ranchi (IXR),Delhi (DEL),6E  5043,09:10,11:15,,Daily,27-Oct-2024,29-Mar-2025
Lucknow (LKO),Guwahati (GAU),6E  0146,09:10,10:50,,Daily,27-Oct-2024,29-Mar-2025
Aurangabad (IXU),Hyderabad (HYD),6E  7259,09:10,10:35,,Daily,27-Oct-2024,29-Mar-2025
Hyderabad (HYD),Vijayawada (VGA),6E  7208,09:10,10:05,,Daily,27-Oct-2024,29-Mar-2025
Bengaluru (BLR),Amritsar (ATQ),6E  6288,09:10,12:35,,Daily,27-Oct-2024,29-Mar-2025
Bengaluru (BLR),Srinagar (SXR),6E  6288,09:10,14:05,ATQ,Daily,27-Oct-2024,29-Mar-2025
Chennai (MAA),Tiruchirappalli (TRZ),6E  7191,09:10,10:15,,Daily,27-Oct-2024,29-Mar-2025
Indore (IDR),Jammu (IXJ),6E  0959,09:10,11:10,,Every Tue Thu Sun,27-Oct-2024,28-Nov-2024
Bengaluru (BLR),Delhi (DEL),6E  0871,09:15,12:05,,Daily,27-Oct-2024,29-Mar-2025
Mopa(GOX),Mumbai (BOM),6E  0585,09:15,10:40,,Daily,27-Oct-2024,29-Mar-2025
Chennai (MAA),Mumbai (BOM),6E  5304,09:15,11:20,,Daily,27-Oct-2024,30-Nov-2024
Hyderabad (HYD),Kochi (COK),6E  6707,09:15,10:50,,Daily,27-Oct-2024,29-Mar-2025
Delhi (DEL),Leh (IXL),6E  2583,09:15,10:40,,Daily,27-Oct-2024,29-Mar-2025
Lucknow (LKO),Hyderabad (HYD),6E  0523,09:15,11:20,,Daily,27-Oct-2024,29-Mar-2025
Hyderabad (HYD),Raipur (RPR),6E  0192,09:15,10:30,,Daily,27-Oct-2024,29-Mar-2025
Thiruvananthapuram (TRV),Hyderabad (HYD),6E  5368,09:15,11:00,,Daily,27-Oct-2024,29-Mar-2025
Tirupati (TIR),Delhi (DEL),6E  2075,09:15,11:45,,Every Mon Tue Wed Thu Sat Sun,27-Oct-2024,03-Nov-2024
Madurai (IXM),Delhi (DEL),6E  2088,09:15,12:30,,Every Mon Tue Wed Thu Sun,27-Oct-2024,03-Nov-2024
Raipur (RPR),Delhi (DEL),6E  2191,09:15,11:15,,Every Sun,27-Oct-2024,03-Nov-2024
Kolkata (CCU),Shillong (SHL),6E  7304,09:15,11:05,,Every Tue Thu Sat Sun,27-Oct-2024,29-Mar-2025
Jodhpur (JDH),Ahmedabad (AMD),6E  7075,09:20,10:45,,Daily,27-Oct-2024,30-Nov-2024
Bhubaneshwar (BBI),Hyderabad (HYD),6E  0718,09:20,11:05,,Daily,27-Oct-2024,29-Mar-2025
Lucknow (LKO),Raipur (RPR),6E  6521,09:20,10:40,,Daily,27-Oct-2024,29-Mar-2025
Lucknow (LKO),Bhubaneshwar (BBI),6E  6521,09:20,12:10,RPR,Daily,27-Oct-2024,29-Mar-2025
Bhopal (BHO),Bengaluru (BLR),6E  0393,09:20,11:30,,Daily,27-Oct-2024,29-Mar-2025
Bengaluru (BLR),Varanasi (VNS),6E  0438,09:20,11:45,,Daily,27-Oct-2024,29-Mar-2025
Ranchi (IXR),Kolkata (CCU),6E  7562,09:20,10:30,,Daily,27-Oct-2024,29-Mar-2025
Imphal (IMF),Guwahati (GAU),6E  5203,09:20,10:15,,Daily,27-Oct-2024,15-Dec-2024
Imphal (IMF),Delhi (DEL),6E  5203,09:20,13:40,GAU,Daily,27-Oct-2024,15-Dec-2024
Jammu (IXJ),Delhi (DEL),6E  2181,09:20,10:50,,Daily,27-Oct-2024,03-Nov-2024
Hyderabad (HYD),Singapore (SIN),6E  1027,09:20,16:40,,Daily,27-Oct-2024,29-Mar-2025
Amritsar (ATQ),Srinagar (SXR),6E  6164,09:20,10:15,,Daily,27-Oct-2024,29-Mar-2025
Ahmedabad (AMD),Amritsar (ATQ),6E  0106,09:20,11:15,,Every Mon Tue Thu Fri Sat Sun,27-Oct-2024,29-Mar-2025
Bagdogra (IXB),Kolkata (CCU),6E  6786,09:20,10:30,,Every Mon Tue Wed Thu Sat Sun,27-Oct-2024,03-Nov-2024
Kolkata (CCU),Agartala (IXA),6E  0966,09:25,10:25,,Daily,27-Oct-2024,29-Mar-2025
Ahmedabad (AMD),Kolkata (CCU),6E  0751,09:25,12:00,,Daily,27-Oct-2024,29-Mar-2025
Ahmedabad (AMD),Bagdogra (IXB),6E  0751,09:25,14:05,CCU,Daily,27-Oct-2024,29-Mar-2025
Delhi (DEL),Ahmedabad (AMD),6E  5132,09:25,11:10,,Daily,27-Oct-2024,29-Mar-2025
Kannur (CNN),Bengaluru (BLR),6E  7729,09:25,10:35,,Daily,27-Oct-2024,29-Mar-2025
Bengaluru (BLR),Chennai (MAA),6E  0904,09:25,10:30,,Daily,27-Oct-2024,29-Mar-2025
Chennai (MAA),Kochi (COK),6E  0704,09:25,10:40,,Daily,27-Oct-2024,29-Mar-2025
Delhi (DEL),Khajuraho (HJR),6E  5082,09:25,10:30,,Daily,27-Oct-2024,29-Mar-2025
Delhi (DEL),Varanasi (VNS),6E  5082,09:25,11:55,HJR,Daily,27-Oct-2024,29-Mar-2025
Hyderabad (HYD),Guwahati (GAU),6E  0972,09:25,11:50,,Daily,27-Oct-2024,29-Mar-2025
Hyderabad (HYD),Dibrugarh (DIB),6E  0972,09:25,14:00,GAU,Daily,27-Oct-2024,29-Mar-2025
Mopa(GOX),Hyderabad (HYD),6E  6973,09:25,10:40,,Daily,27-Oct-2024,29-Mar-2025
Belgaum (IXG),Delhi (DEL),6E  2512,09:25,11:50,,Every Mon Wed Fri Sun,27-Oct-2024,28-Mar-2025
Delhi (DEL),Bengaluru (BLR),6E  6608,09:30,12:20,,Daily,27-Oct-2024,29-Mar-2025
Kolkata (CCU),Mumbai (BOM),6E  5297,09:30,12:30,,Daily,27-Oct-2024,29-Mar-2025
Hyderabad (HYD),Mumbai (BOM),6E  5163,09:30,11:10,,Daily,27-Oct-2024,29-Mar-2025
Jodhpur (JDH),Mumbai (BOM),6E  0267,09:30,11:25,,Daily,27-Oct-2024,29-Mar-2025
Raipur (RPR),Mumbai (BOM),6E  6373,09:30,11:35,,Daily,27-Oct-2024,29-Mar-2025
Dibrugarh (DIB),Delhi (DEL),6E  2037,09:30,12:55,,Daily,27-Oct-2024,29-Mar-2025
Delhi (DEL),Chennai (MAA),6E  0385,09:30,12:20,,Daily,27-Oct-2024,29-Mar-2025
Delhi (DEL),Singapore (SIN),6E  1013,09:30,17:55,,Daily,27-Oct-2024,29-Mar-2025
Port Blair (IXZ),Hyderabad (HYD),6E  6306,09:30,12:05,,Daily,27-Oct-2024,29-Mar-2025
Ahmedabad (AMD),Kochi (COK),6E  6391,09:30,11:55,,Every Mon Tue Thu Fri Sat Sun,27-Oct-2024,29-Mar-2025
Hyderabad (HYD),Varanasi (VNS),6E  0307,09:30,11:15,,Every Mon Tue Wed Thu Fri Sun,27-Oct-2024,10-Nov-2024
Ahmedabad (AMD),Goa (GOI),6E  6375,09:30,11:05,,Every Sun,27-Oct-2024,23-Mar-2025
Bengaluru (BLR),Mopa(GOX),6E  6583,09:35,10:55,,Daily,27-Oct-2024,29-Mar-2025
Mumbai (BOM),Doha (DOH),6E  1305,09:35,10:55,,Daily,27-Oct-2024,29-Mar-2025
Kannur (CNN),Kochi (COK),6E  7255,09:35,10:30,,Daily,27-Oct-2024,29-Mar-2025
Kannur (CNN),Thiruvananthapuram (TRV),6E  7255,09:35,11:50,COK,Daily,27-Oct-2024,29-Mar-2025
Kochi (COK),Chennai (MAA),6E  0539,09:35,10:45,,Daily,27-Oct-2024,29-Mar-2025
Kochi (COK),Patna (PAT),6E  0539,09:35,13:50,MAA,Daily,27-Oct-2024,29-Mar-2025
Dehradun (DED),Delhi (DEL),6E  2253,09:35,10:25,,Daily,27-Oct-2024,29-Mar-2025
Nagpur (NAG),Delhi (DEL),6E  2099,09:35,11:20,,Daily,27-Oct-2024,29-Mar-2025
Delhi (DEL),Srinagar (SXR),6E  5356,09:35,11:05,,Daily,27-Oct-2024,29-Mar-2025
Jaipur (JAI),Jodhpur (JDH),6E  7405,09:35,10:40,,Daily,27-Oct-2024,30-Nov-2024
Hyderabad (HYD),Tirupati (TIR),6E  0482,09:35,10:35,,Every Mon Tue Wed Thu Sat Sun,27-Oct-2024,03-Nov-2024
Kolkata (CCU),Dehradun (DED),6E  0201,09:35,12:10,,Every Mon Wed Fri Sun,27-Oct-2024,15-Dec-2024
Ahmedabad (AMD),Bengaluru (BLR),6E  0823,09:35,11:50,,Every Mon Wed Thu Fri Sat Sun,27-Oct-2024,26-Dec-2024
Mopa(GOX),Bengaluru (BLR),6E  6075,09:35,10:40,,Every Mon Wed Thu Fri Sun,27-Oct-2024,01-Nov-2024
Ranchi (IXR),Hyderabad (HYD),6E  6084,09:35,11:25,,Every Tue Thu Fri Sun,27-Oct-2024,28-Mar-2025
Kolkata (CCU),Bhubaneshwar (BBI),6E  7351,09:40,11:05,,Daily,27-Oct-2024,29-Mar-2025
Mumbai (BOM),Kolkata (CCU),6E  0248,09:40,12:20,,Daily,27-Oct-2024,29-Mar-2025
Hyderabad (HYD),Coimbatore (CJB),6E  0938,09:40,11:15,,Daily,27-Oct-2024,29-Mar-2025
Kochi (COK),Hyderabad (HYD),6E  0913,09:40,11:15,,Daily,27-Oct-2024,29-Mar-2025
Kochi (COK),Jaipur (JAI),6E  0913,09:40,13:55,HYD,Daily,27-Oct-2024,29-Mar-2025
Dehradun (DED),Jaipur (JAI),6E  7275,09:40,11:00,,Daily,27-Oct-2024,15-Dec-2024
Delhi (DEL),Patna (PAT),6E  2373,09:40,11:20,,Daily,27-Oct-2024,29-Mar-2025
Chennai (MAA),Pune (PNQ),6E  0502,09:40,11:30,,Every Mon Tue Wed Thu Fri Sun,27-Oct-2024,28-Mar-2025
Mumbai (BOM),Lucknow (LKO),6E  5262,09:40,11:45,,Every Sun,27-Oct-2024,23-Mar-2025
Ahmedabad (AMD),Bhopal (BHO),6E  7525,09:45,11:15,,Daily,27-Oct-2024,29-Mar-2025
Patna (PAT),Bhubaneshwar (BBI),6E  6394,09:45,11:10,,Daily,27-Oct-2024,14-Dec-2024
Kolkata (CCU),Imphal (IMF),6E  6514,09:45,11:05,,Daily,27-Oct-2024,29-Mar-2025
Delhi (DEL),Dimapur (DMU),6E  2625,09:45,12:25,,Daily,27-Oct-2024,29-Mar-2025
Chennai (MAA),Tuticorin (TCR),6E  7339,09:45,11:25,,Daily,27-Oct-2024,29-Mar-2025
Bengaluru (BLR),Agartala (IXA),6E  0524,09:45,12:35,,Every Mon Wed Fri Sun,27-Oct-2024,28-Mar-2025
Bengaluru (BLR),Imphal (IMF),6E  0524,09:45,14:00,IXA,Every Mon Wed Fri Sun,27-Oct-2024,28-Mar-2025
Nagpur (NAG),Nasik(ISK),6E  7462,09:45,11:25,,Every Mon Wed Fri Sun,27-Oct-2024,15-Dec-2024
Nagpur (NAG),Goa (GOI),6E  7462,09:45,13:40,ISK,Every Mon Wed Fri Sun,27-Oct-2024,15-Dec-2024
Kolkata (CCU),Bengaluru (BLR),6E  0386,09:50,12:40,,Daily,27-Oct-2024,29-Mar-2025
Mumbai (BOM),Dhaka (DAC),6E  1115,09:50,13:10,,Daily,27-Oct-2024,29-Mar-2025
Delhi (DEL),Jammu (IXJ),6E  2137,09:50,11:20,,Daily,27-Oct-2024,29-Mar-2025
Delhi (DEL),Srinagar (SXR),6E  2137,09:50,12:45,IXJ,Daily,27-Oct-2024,29-Mar-2025
Delhi (DEL),Delhi (DEL),6E  2137,09:50,15:00,IXJ/SXR,Daily,27-Oct-2024,29-Mar-2025
Nagpur (NAG),Indore (IDR),6E  7745,09:50,11:05,,Daily,27-Oct-2024,29-Mar-2025
Hyderabad (HYD),Bengaluru (BLR),6E  6066,09:50,11:10,,Every Mon Tue Wed Thu Sun,27-Oct-2024,31-Oct-2024
Delhi (DEL),Bhubaneshwar (BBI),6E  2615,09:55,11:55,,Daily,27-Oct-2024,29-Mar-2025
Bengaluru (BLR),Mumbai (BOM),6E  5051,09:55,12:00,,Daily,27-Oct-2024,29-Mar-2025
Bengaluru (BLR),Deoghar (DGH),6E  6435,09:55,12:25,,Daily,27-Oct-2024,15-Nov-2024
Patna (PAT),Kolkata (CCU),6E  0663,09:55,11:05,,Daily,27-Oct-2024,15-Dec-2024
kangra(DHM),Delhi (DEL),6E  7484,09:55,11:30,,Daily,27-Oct-2024,29-Mar-2025
Udaipur (UDR),Delhi (DEL),6E  2284,09:55,11:15,,Daily,27-Oct-2024,10-Nov-2024
Bengaluru (BLR),Salem (SXV),6E  7917,09:55,11:00,,Every Mon Wed Fri Sun,27-Oct-2024,28-Mar-2025
Chennai (MAA),Coimbatore (CJB),6E  0479,10:00,11:05,,Daily,27-Oct-2024,29-Mar-2025
Raipur (RPR),Bengaluru (BLR),6E  0406,10:00,12:05,,Daily,27-Oct-2024,29-Mar-2025
Mumbai (BOM),Delhi (DEL),6E  6052,10:00,12:20,,Daily,27-Oct-2024,13-Nov-2024
Delhi (DEL),Mumbai (BOM),6E  6328,10:00,12:20,,Daily,27-Oct-2024,05-Jan-2025
Mumbai (BOM),Chennai (MAA),6E  5313,10:00,11:55,,Daily,27-Oct-2024,16-Nov-2024
Kolkata (CCU),Delhi (DEL),6E  2184,10:00,12:30,,Daily,27-Oct-2024,29-Mar-2025
Kolkata (CCU),Varanasi (VNS),6E  0822,10:00,11:25,,Daily,27-Oct-2024,29-Mar-2025
Coimbatore (CJB),Chennai (MAA),6E  6918,10:00,11:00,,Daily,27-Oct-2024,17-Nov-2024
Delhi (DEL),Goa (GOI),6E  2277,10:00,12:35,,Daily,27-Oct-2024,29-Mar-2025
Hyderabad (HYD),Delhi (DEL),6E  5053,10:00,12:15,,Daily,27-Oct-2024,29-Mar-2025
Bagdogra (IXB),Delhi (DEL),6E  2147,10:00,12:20,,Daily,27-Oct-2024,03-Nov-2024
Hyderabad (HYD),Chennai (MAA),6E  6151,10:00,11:20,,Daily,27-Oct-2024,02-Nov-2024
Jaipur (JAI),Chennai (MAA),6E  5362,10:00,12:25,,Daily,27-Oct-2024,29-Mar-2025
Delhi (DEL),Pune (PNQ),6E  2124,10:00,12:10,,Every Mon Tue Wed Thu Fri Sun,27-Oct-2024,28-Mar-2025
Kochi (COK),Agatti(AGX),6E  7005,10:05,11:35,,Daily,27-Oct-2024,29-Mar-2025
Bengaluru (BLR),Kolkata (CCU),6E  0503,10:05,12:40,,Daily,27-Oct-2024,29-Mar-2025
Mangalore (IXE),Bengaluru (BLR),6E  0256,10:05,11:00,,Daily,27-Oct-2024,29-Mar-2025
Mopa(GOX),Jaipur (JAI),6E  6978,10:05,12:10,,Daily,27-Oct-2024,29-Mar-2025
Madurai (IXM),Chennai (MAA),6E  7196,10:05,11:25,,Daily,27-Oct-2024,29-Mar-2025
Chennai (MAA),Madurai (IXM),6E  7185,10:05,11:25,,Daily,27-Oct-2024,29-Mar-2025
Hyderabad (HYD),Kolhapur (KLH),6E  7563,10:05,11:40,,Every Mon Tue Wed Thu Sat Sun,27-Oct-2024,03-Nov-2024
Bangkok (BKK),Hyderabad (HYD),6E  1068,10:10,12:25,,Daily,27-Oct-2024,29-Mar-2025
Jodhpur (JDH),Bengaluru (BLR),6E  6033,10:10,12:50,,Daily,27-Oct-2024,29-Mar-2025
Bengaluru (BLR),Vijayawada (VGA),6E  7071,10:10,11:50,,Daily,27-Oct-2024,29-Mar-2025
Coimbatore (CJB),Mumbai (BOM),6E  5272,10:10,12:15,,Daily,27-Oct-2024,30-Nov-2024
Mumbai (BOM),Hyderabad (HYD),6E  5318,10:10,11:35,,Daily,27-Oct-2024,26-Nov-2024
Delhi (DEL),Gorakhpur (GOP),6E  5347,10:10,11:45,,Daily,27-Oct-2024,29-Mar-2025
Delhi (DEL),Jabalpur (JLR),6E  2089,10:10,11:35,,Daily,27-Oct-2024,29-Mar-2025
Kolkata (CCU),Guwahati (GAU),6E  0207,10:10,11:20,,Daily,27-Oct-2024,29-Mar-2025
Chennai (MAA),Bagdogra (IXB),6E  6518,10:10,13:00,,Daily,27-Oct-2024,29-Mar-2025
Bhubaneshwar (BBI),Bengaluru (BLR),6E  0703,10:10,12:20,,Every Mon Wed Thu Fri Sat Sun,27-Oct-2024,29-Mar-2025
Bhubaneshwar (BBI),Kochi (COK),6E  0703,10:10,14:30,BLR,Every Mon Wed Thu Fri Sat Sun,27-Oct-2024,29-Mar-2025
Kochi (COK),Male (MLE),6E  1133,10:10,11:10,,Every Mon Wed Thu Fri Sat Sun,27-Oct-2024,29-Mar-2025
Bengaluru (BLR),Hyderabad (HYD),6E  0537,10:15,11:30,,Daily,27-Oct-2024,29-Mar-2025
Bengaluru (BLR),Darbhanga (DBR),6E  0537,10:15,14:15,HYD,Daily,27-Oct-2024,29-Mar-2025
Bengaluru (BLR),Madurai (IXM),6E  7207,10:15,11:50,,Daily,27-Oct-2024,29-Mar-2025
Kolkata (CCU),Deoghar (DGH),6E  7939,10:15,11:15,,Daily,27-Oct-2024,29-Mar-2025
Aizawl (AJL),Kolkata (CCU),6E  0433,10:15,11:25,,Every Mon Tue Thu Sat Sun,27-Oct-2024,02-Nov-2024
Rajahmundry (RJA),Hyderabad (HYD),6E  7289,10:15,11:25,,Every Mon Tue Wed Thu Sat Sun,27-Oct-2024,03-Nov-2024
Leh (IXL),Jammu (IXJ),6E  0291,10:15,11:15,,Every Mon Wed Fri Sun,27-Oct-2024,28-Mar-2025
Mumbai (BOM),Bengaluru (BLR),6E  5076,10:15,12:10,,Every Mon Wed Thu Fri Sat Sun,27-Oct-2024,29-Mar-2025
Delhi (DEL),Aizawl (AJL),6E  5363,10:15,12:45,,Every Wed Fri Sun,27-Oct-2024,15-Nov-2024
Singapore (SIN),Kolkata (CCU),6E  1016,10:20,12:05,,Daily,27-Oct-2024,29-Mar-2025
Kathmandu (KTM),Delhi (DEL),6E  1152,10:20,12:10,,Daily,27-Oct-2024,07-Nov-2024
Dubai (DXB),Chandigarh (IXC),6E  1482,10:20,15:10,,Daily,27-Oct-2024,24-Nov-2024
Thiruvananthapuram (TRV),Chennai (MAA),6E  6169,10:20,11:35,,Daily,27-Oct-2024,29-Mar-2025
Chennai (MAA),Visakhapatnam (VTZ),6E  0581,10:20,11:45,,Every Mon Tue Wed Fri Sat Sun,27-Oct-2024,22-Dec-2024
Bengaluru (BLR),Prayagraj (IXD),6E  6035,10:20,12:45,,Every Mon Wed Fri Sun,27-Oct-2024,28-Mar-2025
Kozhikode (CCJ),Dammam (DMM),6E  0087,10:20,12:50,,Every Mon Wed Fri Sun,27-Oct-2024,10-Nov-2024
Tirupati (TIR),Vijayawada (VGA),6E  7422,10:20,11:30,,Every Mon Wed Fri Sun,27-Oct-2024,28-Mar-2025
Tirupati (TIR),Shirdi (SAG),6E  7422,10:20,14:10,VGA,Every Mon Wed Fri Sun,27-Oct-2024,28-Mar-2025
Tirupati (TIR),Indore (IDR),6E  7422,10:20,15:55,VGA/SAG,Every Mon Wed Fri Sun,27-Oct-2024,28-Mar-2025
Tirupati (TIR),Lucknow (LKO),6E  7422,10:20,18:15,,Every Mon Wed Fri Sun,27-Oct-2024,28-Mar-2025
Delhi (DEL),Bangkok (BKK),6E  1053,10:25,16:10,,Daily,27-Oct-2024,29-Mar-2025
Bengaluru (BLR),Jharsuguda (JRG),6E  0125,10:25,12:30,,Daily,27-Oct-2024,29-Mar-2025
Mumbai (BOM),Hirasar Airport(HSR),6E  5321,10:25,11:40,,Daily,27-Oct-2024,29-Mar-2025
Raipur (RPR),Indore (IDR),6E  6219,10:25,11:50,,Daily,27-Oct-2024,29-Mar-2025
Raipur (RPR),Goa (GOI),6E  6219,10:25,13:55,IDR,Daily,27-Oct-2024,29-Mar-2025
Hyderabad (HYD),Bagdogra (IXB),6E  0149,10:25,12:35,,Every Mon Tue Wed Fri Sat Sun,27-Oct-2024,29-Mar-2025
Ahmedabad (AMD),Pune (PNQ),6E  6095,10:25,11:40,,Every Mon Tue Wed Thu Fri Sun,27-Oct-2024,28-Mar-2025
Patna (PAT),Hyderabad (HYD),6E  6383,10:25,12:35,,Every Mon Tue Wed Thu Fri Sun,27-Oct-2024,03-Nov-2024
Bhubaneshwar (BBI),Mumbai (BOM),6E  2304,10:30,12:55,,Daily,27-Oct-2024,29-Mar-2025
Bengaluru (BLR),Delhi (DEL),6E  0175,10:30,13:25,,Daily,27-Oct-2024,29-Mar-2025
Delhi (DEL),Kolkata (CCU),6E  2136,10:30,12:35,,Daily,27-Oct-2024,29-Mar-2025
Dibrugarh (DIB),Kolkata (CCU),6E  6894,10:30,12:25,,Daily,27-Oct-2024,29-Mar-2025
Mopa(GOX),Delhi (DEL),6E  6302,10:30,13:10,,Daily,27-Oct-2024,29-Mar-2025
Delhi (DEL),Jodhpur (JDH),6E  2039,10:30,11:50,,Daily,27-Oct-2024,29-Mar-2025
Hyderabad (HYD),Doha (DOH),6E  1315,10:30,12:40,,Daily,27-Oct-2024,29-Mar-2025
Vijayawada (VGA),Hyderabad (HYD),6E  7297,10:30,11:35,,Daily,27-Oct-2024,29-Mar-2025
Chennai (MAA),Port Blair (IXZ),6E  0845,10:30,12:30,,Daily,27-Oct-2024,29-Mar-2025
Bhopal (BHO),Mumbai (BOM),6E  0826,10:35,12:15,,Daily,27-Oct-2024,29-Mar-2025
Delhi (DEL),Bengaluru (BLR),6E  0173,10:35,13:20,,Daily,27-Oct-2024,29-Mar-2025
Mopa(GOX),Mumbai (BOM),6E  2133,10:35,12:05,,Daily,27-Oct-2024,29-Mar-2025
Delhi (DEL),Imphal (IMF),6E  2617,10:35,13:10,,Daily,27-Oct-2024,29-Mar-2025
Chennai (MAA),Hyderabad (HYD),6E  0834,10:35,11:50,,Daily,27-Oct-2024,29-Mar-2025
Chennai (MAA),Durgapur (RDP),6E  0834,10:35,14:25,HYD,Daily,27-Oct-2024,29-Mar-2025
Dimapur (DMU),Kolkata (CCU),6E  6155,10:35,12:05,,Every Mon Tue Wed Thu Fri Sun,27-Oct-2024,01-Dec-2024
Mumbai (BOM),Kannur (CNN),6E  0594,10:35,12:25,,Every Mon Wed Fri Sun,27-Oct-2024,29-Nov-2024
Jaipur (JAI),Udaipur (UDR),6E  7752,10:35,11:40,,Every Sun,27-Oct-2024,24-Nov-2024
Srinagar (SXR),Mumbai (BOM),6E  5308,10:35,13:35,,Every Tue Fri Sun,27-Oct-2024,28-Mar-2025
Hyderabad (HYD),Visakhapatnam (VTZ),6E  0879,10:40,11:50,,Daily,27-Oct-2024,29-Mar-2025
Mumbai (BOM),Male (MLE),6E  1131,10:40,13:00,,Daily,27-Oct-2024,28-Nov-2024
Kolkata (CCU),GAYA (GAY),6E  5253,10:40,11:45,,Daily,27-Oct-2024,29-Mar-2025
Hyderabad (HYD),Rajahmundry (RJA),6E  7228,10:40,11:55,,Daily,27-Oct-2024,29-Mar-2025
Indore (IDR),Shirdi (SAG),6E  7439,10:40,12:00,,Daily,27-Oct-2024,15-Dec-2024
Indore (IDR),Vijayawada (VGA),6E  7439,10:40,14:25,SAG,Daily,27-Oct-2024,15-Dec-2024
Indore (IDR),Tirupati (TIR),6E  7439,10:40,16:00,SAG/VGA,Daily,27-Oct-2024,15-Dec-2024
Lucknow (LKO),Patna (PAT),6E  6902,10:40,11:40,,Every Mon Tue Thu Fri Sat Sun,27-Oct-2024,29-Mar-2025
Lucknow (LKO),Ranchi (IXR),6E  6902,10:40,13:00,PAT,Every Mon Tue Thu Fri Sat Sun,27-Oct-2024,29-Mar-2025
Kochi (COK),Bengaluru (BLR),6E  0897,10:40,11:50,,Every Mon Tue Wed Thu Sat Sun,27-Oct-2024,03-Nov-2024
Kochi (COK),Varanasi (VNS),6E  0897,10:40,14:55,BLR,Every Mon Tue Wed Thu Sat Sun,27-Oct-2024,03-Nov-2024
Mumbai (BOM),Kochi (COK),6E  6701,10:40,12:40,,Every Mon Tue Wed Thu Sun,27-Oct-2024,31-Oct-2024
Mumbai (BOM),Indore (IDR),6E  5181,10:40,12:00,,Every Mon Tue Wed Thu Sun,27-Oct-2024,31-Oct-2024
Bengaluru (BLR),Durgapur (RDP),6E  6991,10:45,13:20,,Daily,27-Oct-2024,29-Mar-2025
Mumbai (BOM),Prayagraj (IXD),6E  6937,10:45,12:55,,Daily,27-Oct-2024,29-Mar-2025
Guwahati (GAU),Delhi (DEL),6E  5203,10:45,13:40,,Daily,27-Oct-2024,15-Dec-2024
Delhi (DEL),Hyderabad (HYD),6E  6019,10:45,13:05,,Daily,27-Oct-2024,29-Mar-2025
Chennai (MAA),Delhi (DEL),6E  2216,10:45,13:35,,Daily,27-Oct-2024,29-Mar-2025
Patna (PAT),Delhi (DEL),6E  2134,10:45,12:35,,Daily,27-Oct-2024,29-Mar-2025
Srinagar (SXR),Amritsar (ATQ),6E  6165,10:45,11:55,,Daily,27-Oct-2024,29-Mar-2025
Srinagar (SXR),Lucknow (LKO),6E  6165,10:45,13:55,ATQ,Daily,27-Oct-2024,29-Mar-2025
Goa (GOI),Delhi (DEL),6E  2195,10:45,13:15,,Every Sun,27-Oct-2024,23-Mar-2025
Hyderabad (HYD),Salem (SXV),6E  7919,10:45,12:35,,Every Tue Thu Sat Sun,27-Oct-2024,29-Mar-2025
Ahmedabad (AMD),Patna (PAT),6E  0921,10:50,12:45,,Daily,27-Oct-2024,29-Mar-2025
Bangkok (BKK),Chennai (MAA),6E  1062,10:50,13:10,,Daily,27-Oct-2024,29-Mar-2025
Kolkata (CCU),Ranchi (IXR),6E  6152,10:50,11:55,,Daily,27-Oct-2024,29-Mar-2025
Delhi (DEL),Gwalior (GWL),6E  2117,10:50,12:00,,Daily,27-Oct-2024,29-Mar-2025
Tiruchirappalli (TRZ),Chennai (MAA),6E  7365,10:50,11:50,,Daily,27-Oct-2024,29-Mar-2025
Hyderabad (HYD),Ahmedabad (AMD),6E  6338,10:50,12:40,,Every Mon Tue Fri Sat Sun,27-Oct-2024,03-Nov-2024
Hyderabad (HYD),Kanpur (KNU),6E  6291,10:50,12:40,,Every Mon Wed Fri Sun,27-Oct-2024,28-Mar-2025
Bengaluru (BLR),Tiruchirappalli (TRZ),6E  7711,10:55,12:15,,Daily,27-Oct-2024,29-Mar-2025
Vijayawada (VGA),Bengaluru (BLR),6E  7072,10:55,12:40,,Daily,27-Oct-2024,29-Mar-2025
Mangalore (IXE),Mumbai (BOM),6E  6205,10:55,12:40,,Daily,27-Oct-2024,29-Mar-2025
Mumbai (BOM),Jabalpur (JLR),6E  6431,10:55,12:35,,Daily,27-Oct-2024,29-Mar-2025
Mumbai (BOM),Lucknow (LKO),6E  2442,10:55,13:10,,Daily,27-Oct-2024,10-Nov-2024
Kozhikode (CCJ),Hyderabad (HYD),6E  0876,10:55,12:40,,Daily,27-Oct-2024,20-Nov-2024
Kolkata (CCU),Darbhanga (DBR),6E  7234,10:55,12:20,,Daily,27-Oct-2024,29-Mar-2025
Agartala (IXA),Kolkata (CCU),6E  0491,10:55,12:05,,Daily,27-Oct-2024,29-Mar-2025
Kochi (COK),Thiruvananthapuram (TRV),6E  7255,10:55,11:50,,Daily,27-Oct-2024,29-Mar-2025
Indore (IDR),Delhi (DEL),6E  2322,10:55,12:25,,Daily,27-Oct-2024,29-Mar-2025
Delhi (DEL),Kathmandu (KTM),6E  1153,10:55,13:05,,Daily,27-Oct-2024,07-Nov-2024
Ranchi (IXR),Hyderabad (HYD),6E  0398,10:55,12:55,,Daily,27-Oct-2024,27-Nov-2024
Udaipur (UDR),Hyderabad (HYD),6E  0814,10:55,12:40,,Daily,27-Oct-2024,29-Mar-2025
Ahmedabad (AMD),Nasik(ISK),6E  7115,10:55,12:10,,Every Mon Tue Thu Fri Sat Sun,27-Oct-2024,29-Mar-2025
Thiruvananthapuram (TRV),Bengaluru (BLR),6E  0661,10:55,12:10,,Every Mon Tue Wed Thu Fri Sun,27-Oct-2024,01-Nov-2024
Mumbai (BOM),Delhi (DEL),6E  6827,11:00,13:15,,Daily,27-Oct-2024,05-Jan-2025
Jaipur (JAI),Kolkata (CCU),6E  6568,11:00,13:05,,Daily,27-Oct-2024,29-Mar-2025
Delhi (DEL),Deoghar (DGH),6E  2198,11:00,12:50,,Daily,27-Oct-2024,29-Mar-2025
Khajuraho (HJR),Varanasi (VNS),6E  5082,11:00,11:55,,Daily,27-Oct-2024,29-Mar-2025
Delhi (DEL),Chennai (MAA),6E  6239,11:00,13:55,,Daily,27-Oct-2024,29-Mar-2025
Delhi (DEL),Varanasi (VNS),6E  2334,11:00,12:30,,Daily,27-Oct-2024,29-Mar-2025
Raipur (RPR),Hyderabad (HYD),6E  0197,11:00,12:20,,Daily,27-Oct-2024,29-Mar-2025
Chennai (MAA),Chandigarh (IXC),6E  6005,11:00,13:55,,Daily,27-Oct-2024,29-Mar-2025
Ahmedabad (AMD),Aurangabad (IXU),6E  7217,11:00,12:45,,Daily,27-Oct-2024,30-Nov-2024
Jodhpur (JDH),Jaipur (JAI),6E  7406,11:00,12:05,,Daily,27-Oct-2024,30-Nov-2024
Kolkata (CCU),Hyderabad (HYD),6E  0334,11:00,13:25,,Every Mon Tue Thu Fri Sat Sun,27-Oct-2024,29-Mar-2025
Ahmedabad (AMD),Mumbai (BOM),6E  5327,11:05,12:25,,Daily,27-Oct-2024,29-Mar-2025
Bengaluru (BLR),Tirupati (TIR),6E  7737,11:05,12:05,,Daily,27-Oct-2024,29-Mar-2025
Phuket (HKT),Mumbai (BOM),6E  1072,11:05,14:20,,Daily,27-Oct-2024,29-Mar-2025
Hyderabad (HYD),Vijayawada (VGA),6E  7152,11:05,12:05,,Daily,27-Oct-2024,29-Mar-2025
Lucknow (LKO),Delhi (DEL),6E  2055,11:05,12:15,,Every Mon Tue Thu Fri Sat Sun,27-Oct-2024,29-Mar-2025
Tirupati (TIR),Hyderabad (HYD),6E  0473,11:05,12:10,,Every Mon Tue Wed Thu Sat Sun,27-Oct-2024,03-Nov-2024
Jabalpur (JLR),Bengaluru (BLR),6E  6460,11:05,13:00,,Every Mon Wed Fri Sun,27-Oct-2024,28-Mar-2025
Chennai (MAA),Tiruchirappalli (TRZ),6E  7047,11:05,12:20,,Every Tue Thu Sat Sun,27-Oct-2024,29-Mar-2025
Delhi (DEL),Dibrugarh (DIB),6E  2254,11:05,13:45,,Every Wed Sat Sun,27-Oct-2024,29-Mar-2025
Raipur (RPR),Bhubaneshwar (BBI),6E  6521,11:10,12:10,,Daily,27-Oct-2024,29-Mar-2025
Chennai (MAA),Mumbai (BOM),6E  5214,11:10,13:15,,Daily,27-Oct-2024,29-Mar-2025
Mopa(GOX),Kolkata (CCU),6E  0947,11:10,13:45,,Daily,27-Oct-2024,29-Mar-2025
Kochi (COK),Chennai (MAA),6E  0705,11:10,12:15,,Daily,27-Oct-2024,29-Mar-2025
Delhi (DEL),Goa (GOI),6E  5062,11:10,13:40,,Daily,27-Oct-2024,29-Mar-2025
Delhi (DEL),Vijayawada (VGA),6E  2263,11:10,13:35,,Daily,27-Oct-2024,29-Mar-2025
Mopa(GOX),Hirasar Airport(HSR),6E  0154,11:10,12:40,,Daily,27-Oct-2024,29-Mar-2025
Hyderabad (HYD),Mysuru (MYQ),6E  7126,11:10,13:05,,Daily,27-Oct-2024,29-Mar-2025
Ahmedabad (AMD),Goa (GOI),6E  6345,11:10,12:40,,Every Mon Tue Thu Fri Sat Sun,27-Oct-2024,29-Mar-2025
Kolkata (CCU),Pune (PNQ),6E  0135,11:10,13:50,,Every Tue Thu Sun,27-Oct-2024,27-Mar-2025
Kolkata (CCU),Hirasar Airport(HSR),6E  0135,11:10,15:45,PNQ,Every Tue Thu Sun,27-Oct-2024,27-Mar-2025
Ahmedabad (AMD),Diu Airport(DIU),6E  7966,11:15,12:35,,Daily,27-Oct-2024,29-Mar-2025
Mangalore (IXE),Bengaluru (BLR),6E  6161,11:15,12:10,,Daily,27-Oct-2024,29-Mar-2025
Kolkata (CCU),Mumbai (BOM),6E  5288,11:15,14:25,,Daily,27-Oct-2024,29-Mar-2025
Mumbai (BOM),Kathmandu (KTM),6E  1157,11:15,14:05,,Daily,27-Oct-2024,29-Mar-2025
Kolkata (CCU),Jaipur (JAI),6E  0715,11:15,13:50,,Daily,27-Oct-2024,29-Mar-2025
Kolkata (CCU),Surat (STV),6E  0715,11:15,16:00,JAI,Daily,27-Oct-2024,29-Mar-2025
Chennai (MAA),Bengaluru (BLR),6E  6892,11:15,12:30,,Daily,27-Oct-2024,29-Mar-2025
Chennai (MAA),Shirdi (SAG),6E  6892,11:15,14:50,BLR,Daily,27-Oct-2024,29-Mar-2025
Bengaluru (BLR),Agra (AGR),6E  0941,11:15,13:50,,Every Mon Wed Fri Sun,27-Oct-2024,28-Mar-2025
Ahmedabad (AMD),Lucknow (LKO),6E  0277,11:20,13:05,,Daily,27-Oct-2024,29-Mar-2025
Bengaluru (BLR),Colombo (CMB),6E  1167,11:20,12:55,,Daily,27-Oct-2024,29-Mar-2025
Mumbai (BOM),Goa (GOI),6E  5307,11:20,12:30,,Daily,27-Oct-2024,29-Mar-2025
Leh (IXL),Delhi (DEL),6E  2584,11:20,12:45,,Daily,27-Oct-2024,29-Mar-2025
Bagdogra (IXB),Hyderabad (HYD),6E  0347,11:20,13:50,,Daily,27-Oct-2024,29-Mar-2025
Hyderabad (HYD),Gorakhpur (GOP),6E  0886,11:20,13:25,,Every Mon Tue Wed Thu Fri Sun,27-Oct-2024,10-Nov-2024
Hyderabad (HYD),Goa (GOI),6E  0362,11:20,12:30,,Every Mon Tue Wed Thu Fri Sun,27-Oct-2024,28-Mar-2025
Delhi (DEL),Bhopal (BHO),6E  2433,11:20,12:35,,Every Mon Wed Fri Sat Sun,27-Oct-2024,03-Nov-2024
Bengaluru (BLR),Agatti(AGX),6E  7271,11:20,13:45,,Every Mon Wed Fri Sun,27-Oct-2024,28-Mar-2025
Salem (SXV),Bengaluru (BLR),6E  7918,11:20,12:15,,Every Mon Wed Fri Sun,27-Oct-2024,28-Mar-2025
Mumbai (BOM),Varanasi (VNS),6E  6543,11:20,13:30,,Every Mon Wed Fri Sun,27-Oct-2024,29-Nov-2024
Jaipur (JAI),Indore (IDR),6E  7154,11:20,12:50,,Every Mon Wed Fri Sun,27-Oct-2024,15-Dec-2024
Jammu (IXJ),Ahmedabad (AMD),6E  6109,11:20,13:25,,Every Tue Thu Sat Sun,27-Oct-2024,29-Mar-2025
Ahmedabad (AMD),Jaipur (JAI),6E  7145,11:25,13:00,,Daily,27-Oct-2024,30-Nov-2024
Hyderabad (HYD),Bhubaneshwar (BBI),6E  6911,11:25,13:00,,Daily,27-Oct-2024,29-Mar-2025
Mopa(GOX),Bengaluru (BLR),6E  6584,11:25,12:35,,Daily,27-Oct-2024,29-Mar-2025
Dubai (DXB),Mumbai (BOM),6E  1452,11:25,15:55,,Daily,27-Oct-2024,29-Mar-2025
Chennai (MAA),Tuticorin (TCR),6E  7605,11:25,13:05,,Daily,27-Oct-2024,29-Mar-2025
Shillong (SHL),Kolkata (CCU),6E  7314,11:25,13:10,,Every Thu Sat Sun,27-Oct-2024,29-Mar-2025
Dubai (DXB),Mangalore (IXE),6E  1468,11:25,16:30,,Every Tue Thu Sat Sun,27-Oct-2024,29-Mar-2025
Bengaluru (BLR),Mumbai (BOM),6E  5011,11:30,13:30,,Daily,27-Oct-2024,29-Mar-2025
Mumbai (BOM),Bengaluru (BLR),6E  5217,11:30,13:15,,Daily,27-Oct-2024,29-Mar-2025
Denspar Airport(DPS),Bengaluru (BLR),6E  1606,11:30,15:30,,Daily,27-Oct-2024,29-Mar-2025
Bagdogra (IXB),Mumbai (BOM),6E  5275,11:30,14:45,,Daily,27-Oct-2024,29-Mar-2025
Kolkata (CCU),Chennai (MAA),6E  0833,11:30,13:50,,Daily,27-Oct-2024,17-Nov-2024
Hyderabad (HYD),Kadapa (CDP),6E  7096,11:30,12:40,,Daily,27-Oct-2024,29-Mar-2025
Chennai (MAA),Colombo (CMB),6E  1175,11:30,12:50,,Daily,27-Oct-2024,29-Mar-2025
Chennai (MAA),Patna (PAT),6E  0539,11:30,13:50,,Daily,27-Oct-2024,29-Mar-2025
Bhubaneshwar (BBI),Durgapur (RDP),6E  7504,11:30,13:10,,Every Mon Wed Fri Sun,27-Oct-2024,28-Mar-2025
Bhubaneshwar (BBI),Bagdogra (IXB),6E  7504,11:30,15:20,RDP,Every Mon Wed Fri Sun,27-Oct-2024,28-Mar-2025
Bhopal (BHO),Raipur (RPR),6E  7302,11:35,13:00,,Daily,27-Oct-2024,29-Mar-2025
Bhopal (BHO),Prayagraj (IXD),6E  7302,11:35,15:00,RPR,Daily,27-Oct-2024,29-Mar-2025
Bengaluru (BLR),Port Blair (IXZ),6E  6356,11:35,14:10,,Daily,27-Oct-2024,29-Mar-2025
Jaisalmer (JSA),Mumbai (BOM),6E  5143,11:35,13:30,,Daily,27-Oct-2024,12-Mar-2025
Coimbatore (CJB),Chennai (MAA),6E  6797,11:35,12:35,,Daily,27-Oct-2024,29-Mar-2025
Coimbatore (CJB),Shirdi (SAG),6E  6797,11:35,15:10,MAA,Daily,27-Oct-2024,29-Mar-2025
Kochi (COK),Hyderabad (HYD),6E  0304,11:35,13:10,,Daily,27-Oct-2024,29-Mar-2025
Guwahati (GAU),Lucknow (LKO),6E  6552,11:35,13:40,,Daily,27-Oct-2024,29-Mar-2025
Guwahati (GAU),Chandigarh (IXC),6E  6552,11:35,15:30,LKO,Daily,27-Oct-2024,29-Mar-2025
Varanasi (VNS),Bhubaneshwar (BBI),6E  7036,11:35,13:25,,Every Mon Wed Fri Sun,27-Oct-2024,15-Dec-2024
Deoghar (DGH),Patna (PAT),6E  7944,11:35,12:25,,Every Mon Wed Fri Sun,27-Oct-2024,28-Mar-2025
Udaipur (UDR),Bengaluru (BLR),6E  0412,11:35,13:45,,Every Mon Wed Thu Fri Sat Sun,27-Oct-2024,29-Mar-2025
Hyderabad (HYD),Bengaluru (BLR),6E  6156,11:40,13:05,,Daily,27-Oct-2024,29-Mar-2025
Patna (PAT),Bengaluru (BLR),6E  0805,11:40,14:10,,Daily,27-Oct-2024,29-Mar-2025
Port Blair (IXZ),Mumbai (BOM),6E  5286,11:40,15:15,,Daily,27-Oct-2024,29-Mar-2025
Chennai (MAA),Lucknow (LKO),6E  0515,11:40,14:10,,Daily,27-Oct-2024,29-Mar-2025
Chennai (MAA),Dehradun (DED),6E  0515,11:40,15:55,LKO,Daily,27-Oct-2024,29-Mar-2025
Indore (IDR),Jodhpur (JDH),6E  7359,11:40,13:10,,Daily,27-Oct-2024,29-Mar-2025
Srinagar (SXR),Bengaluru (BLR),6E  6498,11:40,14:55,,Every Sun,27-Oct-2024,23-Mar-2025
Coimbatore (CJB),Hyderabad (HYD),6E  6593,11:45,13:05,,Daily,27-Oct-2024,29-Mar-2025
Coimbatore (CJB),Ahmedabad (AMD),6E  6593,11:45,15:30,HYD,Daily,27-Oct-2024,29-Mar-2025
Kolkata (CCU),Bengaluru (BLR),6E  0235,11:45,14:25,,Daily,27-Oct-2024,29-Mar-2025
Bengaluru (BLR),Delhi (DEL),6E  0869,11:45,14:40,,Daily,27-Oct-2024,29-Mar-2025
Delhi (DEL),Bengaluru (BLR),6E  2434,11:45,14:35,,Daily,27-Oct-2024,29-Mar-2025
Bengaluru (BLR),Thiruvananthapuram (TRV),6E  6144,11:45,13:05,,Daily,27-Oct-2024,29-Mar-2025
Kolkata (CCU),Delhi (DEL),6E  2213,11:45,14:15,,Daily,27-Oct-2024,29-Mar-2025
Hyderabad (HYD),Varanasi (VNS),6E  6226,11:45,13:45,,Daily,27-Oct-2024,29-Mar-2025
Madurai (IXM),Chennai (MAA),6E  7135,11:45,13:05,,Daily,27-Oct-2024,29-Mar-2025
Tuticorin (TCR),Chennai (MAA),6E  7264,11:45,13:20,,Daily,27-Oct-2024,29-Mar-2025
Srinagar (SXR),Jammu (IXJ),6E  2356,11:45,12:45,,Daily,27-Oct-2024,29-Mar-2025
Srinagar (SXR),Delhi (DEL),6E  2356,11:45,14:45,IXJ,Daily,27-Oct-2024,29-Mar-2025
Varanasi (VNS),Hyderabad (HYD),6E  0626,11:45,14:00,,Every Mon Tue Wed Thu Fri Sun,27-Oct-2024,10-Nov-2024
Varanasi (VNS),Visakhapatnam (VTZ),6E  0626,11:45,15:55,HYD,Every Mon Tue Wed Thu Fri Sun,27-Oct-2024,10-Nov-2024
Mumbai (BOM),Bareilly (BEK),6E  5316,11:45,14:10,,Every Mon Wed Fri Sun,27-Oct-2024,28-Mar-2025
Nasik(ISK),Goa (GOI),6E  7462,11:45,13:40,,Every Mon Wed Fri Sun,27-Oct-2024,15-Dec-2024
Dubai (DXB),Kochi (COK),6E  1476,11:45,17:10,,Every Mon Wed Thu Fri Sat Sun,27-Oct-2024,29-Mar-2025
Jammu (IXJ),Indore (IDR),6E  6738,11:45,14:05,,Every Tue Thu Sun,27-Oct-2024,28-Nov-2024
Jammu (IXJ),Bengaluru (BLR),6E  6738,11:45,16:30,IDR,Every Tue Thu Sun,27-Oct-2024,28-Nov-2024
Jaipur (JAI),Bengaluru (BLR),6E  0498,11:50,14:15,,Daily,27-Oct-2024,29-Mar-2025
Delhi (DEL),Mumbai (BOM),6E  6047,11:50,14:10,,Daily,27-Oct-2024,11-Jan-2025
Patna (PAT),Delhi (DEL),6E  2074,11:50,13:45,,Daily,27-Oct-2024,29-Mar-2025
Guwahati (GAU),Kolkata (CCU),6E  0394,11:50,13:15,,Daily,27-Oct-2024,29-Mar-2025
Guwahati (GAU),Jaipur (JAI),6E  0394,11:50,16:40,CCU,Daily,27-Oct-2024,29-Mar-2025
Hyderabad (HYD),Hubli (HBX),6E  7417,11:50,13:20,,Daily,27-Oct-2024,29-Mar-2025
Hyderabad (HYD),Visakhapatnam (VTZ),6E  6408,11:50,13:05,,Daily,27-Oct-2024,29-Mar-2025
Amritsar (ATQ),Ahmedabad (AMD),6E  0127,11:50,13:45,,Every Mon Tue Thu Fri Sat Sun,27-Oct-2024,29-Mar-2025
Ahmedabad (AMD),Delhi (DEL),6E  2152,11:50,13:30,,Every Mon Tue Thu Fri Sat Sun,27-Oct-2024,29-Mar-2025
Ahmedabad (AMD),Durgapur (RDP),6E  2152,11:50,16:15,DEL,Every Mon Tue Thu Fri Sat Sun,27-Oct-2024,29-Mar-2025
Dehradun (DED),Pune (PNQ),6E  0402,11:50,14:10,,Every Mon Tue Wed Thu Fri Sun,27-Oct-2024,28-Mar-2025
Goa (GOI),Ahmedabad (AMD),6E  0112,11:50,13:30,,Every Sun,27-Oct-2024,23-Mar-2025
Bhubaneshwar (BBI),Patna (PAT),6E  6485,11:55,13:15,,Daily,27-Oct-2024,14-Dec-2024
Bhubaneshwar (BBI),Chandigarh (IXC),6E  6485,11:55,15:50,PAT,Daily,27-Oct-2024,14-Dec-2024
Imphal (IMF),Kolkata (CCU),6E  6716,11:55,13:20,,Daily,27-Oct-2024,29-Mar-2025
Varanasi (VNS),Kolkata (CCU),6E  0507,11:55,13:15,,Daily,27-Oct-2024,29-Mar-2025
Hyderabad (HYD),Jaipur (JAI),6E  0913,11:55,13:55,,Daily,27-Oct-2024,29-Mar-2025
Bengaluru (BLR),Bhubaneshwar (BBI),6E  6535,11:55,14:05,,Every Mon Tue Thu Fri Sat Sun,27-Oct-2024,29-Mar-2025
Hyderabad (HYD),Kolkata (CCU),6E  0376,11:55,14:00,,Every Mon Tue Wed Sun,27-Oct-2024,30-Oct-2024
Vijayawada (VGA),Shirdi (SAG),6E  7422,11:55,14:10,,Every Mon Wed Fri Sun,27-Oct-2024,28-Mar-2025
Vijayawada (VGA),Indore (IDR),6E  7422,11:55,15:55,SAG,Every Mon Wed Fri Sun,27-Oct-2024,28-Mar-2025
Vijayawada (VGA),Lucknow (LKO),6E  7422,11:55,18:15,SAG/IDR,Every Mon Wed Fri Sun,27-Oct-2024,28-Mar-2025
Delhi (DEL),Amritsar (ATQ),6E  2086,12:00,13:10,,Daily,27-Oct-2024,29-Mar-2025
Bengaluru (BLR),Kolkata (CCU),6E  0312,12:00,14:30,,Daily,27-Oct-2024,29-Mar-2025
Mumbai (BOM),Delhi (DEL),6E  6028,12:00,14:10,,Daily,27-Oct-2024,05-Jan-2025
Mumbai (BOM),Hyderabad (HYD),6E  5097,12:00,13:25,,Daily,27-Oct-2024,29-Mar-2025
Kolkata (CCU),Goa (GOI),6E  0634,12:00,14:45,,Daily,27-Oct-2024,29-Mar-2025
Port Blair (IXZ),Kolkata (CCU),6E  6396,12:00,14:05,,Daily,27-Oct-2024,29-Mar-2025
Delhi (DEL),Goa (GOI),6E  5366,12:00,14:25,,Daily,27-Oct-2024,29-Mar-2025
Jammu (IXJ),Srinagar (SXR),6E  2137,12:00,12:45,,Daily,27-Oct-2024,29-Mar-2025
Jammu (IXJ),Delhi (DEL),6E  2137,12:00,15:00,SXR,Daily,27-Oct-2024,29-Mar-2025
Delhi (DEL),Pantnagar (PGH),6E  7324,12:00,13:00,,Daily,27-Oct-2024,29-Mar-2025
Delhi (DEL),Raipur (RPR),6E  2206,12:00,13:45,,Daily,27-Oct-2024,10-Nov-2024
Chennai (MAA),Madurai (IXM),6E  7124,12:00,13:20,,Daily,27-Oct-2024,29-Mar-2025
Chennai (MAA),Ahmedabad (AMD),6E  6374,12:00,14:15,,Every Mon Tue Thu Fri Sat Sun,27-Oct-2024,29-Mar-2025
Hyderabad (HYD),Colombo (CMB),6E  1181,12:00,14:00,,Every Mon Tue Thu Fri Sat Sun,27-Oct-2024,29-Mar-2025
Kolhapur (KLH),Hyderabad (HYD),6E  7564,12:00,13:15,,Every Mon Tue Wed Thu Sat Sun,27-Oct-2024,03-Nov-2024
Kolhapur (KLH),Tirupati (TIR),6E  7564,12:00,15:10,HYD,Every Mon Tue Wed Thu Sat Sun,27-Oct-2024,03-Nov-2024
Udaipur (UDR),Jaipur (JAI),6E  7753,12:00,13:05,,Every Sun,27-Oct-2024,24-Nov-2024
Mumbai (BOM),Gwalior (GWL),6E  2084,12:05,14:00,,Daily,27-Oct-2024,29-Mar-2025
Mumbai (BOM),Chennai (MAA),6E  5303,12:05,13:55,,Daily,27-Oct-2024,30-Nov-2024
Thiruvananthapuram (TRV),Mumbai (BOM),6E  6108,12:05,14:25,,Daily,27-Oct-2024,29-Mar-2025
Mopa(GOX),Delhi (DEL),6E  2252,12:05,14:40,,Daily,27-Oct-2024,15-Nov-2024
Jabalpur (JLR),Delhi (DEL),6E  2097,12:05,13:40,,Daily,27-Oct-2024,29-Mar-2025
Hyderabad (HYD),Gondia Airport(GDB),6E  7696,12:05,13:50,,Daily,27-Oct-2024,29-Mar-2025
Hyderabad (HYD),Tirupati (TIR),6E  2005,12:05,13:10,,Daily,27-Oct-2024,24-Nov-2024
Agatti(AGX),Kochi (COK),6E  7006,12:05,13:30,,Every Mon Wed Thu Fri Sat Sun,27-Oct-2024,29-Mar-2025
Agatti(AGX),Kozhikode (CCJ),6E  7006,12:05,14:35,COK,Every Mon Wed Thu Fri Sat Sun,27-Oct-2024,29-Mar-2025
Agatti(AGX),Bengaluru (BLR),6E  7006,12:05,16:10,COK/CCJ,Every Mon Wed Thu Fri Sat Sun,27-Oct-2024,29-Mar-2025
Jammu (IXJ),Leh (IXL),6E  0293,12:05,12:50,,Every Sun,27-Oct-2024,23-Mar-2025
Hyderabad (HYD),Darbhanga (DBR),6E  0537,12:10,14:15,,Daily,27-Oct-2024,29-Mar-2025
Madurai (IXM),Bengaluru (BLR),6E  7163,12:10,13:35,,Daily,27-Oct-2024,29-Mar-2025
Hirasar Airport(HSR),Mumbai (BOM),6E  6259,12:10,13:20,,Daily,27-Oct-2024,29-Mar-2025
Kolkata (CCU),Silchar (IXS),6E  2513,12:10,13:20,,Daily,27-Oct-2024,29-Mar-2025
Chennai (MAA),Kolkata (CCU),6E  6326,12:10,14:20,,Daily,27-Oct-2024,16-Nov-2024
Thiruvananthapuram (TRV),Kochi (COK),6E  7256,12:10,13:05,,Daily,27-Oct-2024,29-Mar-2025
Thiruvananthapuram (TRV),Kannur (CNN),6E  7256,12:10,14:20,COK,Daily,27-Oct-2024,29-Mar-2025
Kannur (CNN),Chennai (MAA),6E  6074,12:10,13:25,,Daily,27-Oct-2024,29-Mar-2025
Delhi (DEL),Agartala (IXA),6E  2182,12:10,14:30,,Daily,27-Oct-2024,29-Mar-2025
Patna (PAT),Ranchi (IXR),6E  6902,12:10,13:00,,Every Mon Tue Thu Fri Sat Sun,27-Oct-2024,29-Mar-2025
Pune (PNQ),Hyderabad (HYD),6E  0407,12:10,13:20,,Every Mon Tue Wed Thu Fri Sun,27-Oct-2024,28-Mar-2025
Male (MLE),Kochi (COK),6E  1134,12:10,14:10,,Every Mon Wed Thu Fri Sat Sun,27-Oct-2024,29-Mar-2025
Amritsar (ATQ),Sharjah (SHJ),6E  1427,12:15,14:35,,Daily,27-Oct-2024,29-Mar-2025
Varanasi (VNS),Bengaluru (BLR),6E  0439,12:15,14:50,,Daily,27-Oct-2024,29-Mar-2025
Hyderabad (HYD),Mumbai (BOM),6E  5384,12:15,13:55,,Daily,27-Oct-2024,26-Nov-2024
Dubai (DXB),Delhi (DEL),6E  1462,12:15,17:05,,Daily,27-Oct-2024,29-Mar-2025
GAYA (GAY),Delhi (DEL),6E  2416,12:15,14:05,,Daily,27-Oct-2024,29-Mar-2025
Delhi (DEL),Hyderabad (HYD),6E  2052,12:15,14:35,,Daily,27-Oct-2024,29-Mar-2025
Delhi (DEL),Chennai (MAA),6E  0434,12:15,15:20,,Daily,27-Oct-2024,29-Mar-2025
Rajahmundry (RJA),Hyderabad (HYD),6E  7229,12:15,13:25,,Daily,27-Oct-2024,29-Mar-2025
Mumbai (BOM),Colombo (CMB),6E  1185,12:15,15:00,,Every Mon Tue Thu Fri Sat Sun,27-Oct-2024,29-Mar-2025
Pune (PNQ),Jodhpur (JDH),6E  0133,12:15,13:55,,Every Mon Tue Wed Thu Fri Sun,27-Oct-2024,28-Mar-2025
Hyderabad (HYD),Delhi (DEL),6E  2234,12:15,14:35,,Every Mon Tue Wed Thu Sat Sun,27-Oct-2024,03-Nov-2024
Chennai (MAA),Hyderabad (HYD),6E  6925,12:15,13:30,,Every Mon Wed Fri Sun,27-Oct-2024,28-Mar-2025
Chennai (MAA),Agartala (IXA),6E  6925,12:15,16:35,HYD,Every Mon Wed Fri Sun,27-Oct-2024,28-Mar-2025
Bengaluru (BLR),Visakhapatnam (VTZ),6E  6336,12:20,13:55,,Daily,27-Oct-2024,29-Mar-2025
Chennai (MAA),Coimbatore (CJB),6E  0927,12:20,13:25,,Daily,27-Oct-2024,29-Mar-2025
Indore (IDR),Goa (GOI),6E  6219,12:20,13:55,,Daily,27-Oct-2024,29-Mar-2025
Shirdi (SAG),Vijayawada (VGA),6E  7439,12:20,14:25,,Daily,27-Oct-2024,15-Dec-2024
Shirdi (SAG),Tirupati (TIR),6E  7439,12:20,16:00,VGA,Daily,27-Oct-2024,15-Dec-2024
Vijayawada (VGA),Chennai (MAA),6E  7411,12:20,13:40,,Daily,27-Oct-2024,29-Mar-2025
Delhi (DEL),Aizawl (AJL),6E  2078,12:25,14:55,,Daily,27-Oct-2024,29-Mar-2025
Gorakhpur (GOP),Delhi (DEL),6E  5105,12:25,13:55,,Daily,27-Oct-2024,29-Mar-2025
Varanasi (VNS),Khajuraho (HJR),6E  2083,12:25,13:20,,Daily,27-Oct-2024,29-Mar-2025
Varanasi (VNS),Delhi (DEL),6E  2083,12:25,15:00,HJR,Daily,27-Oct-2024,29-Mar-2025
Jaipur (JAI),Lucknow (LKO),6E  7482,12:25,14:05,,Daily,27-Oct-2024,29-Mar-2025
Amritsar (ATQ),Lucknow (LKO),6E  6165,12:25,13:55,,Daily,27-Oct-2024,29-Mar-2025
Visakhapatnam (VTZ),Chennai (MAA),6E  0881,12:25,13:45,,Daily,27-Oct-2024,29-Mar-2025
Tirupati (TIR),Visakhapatnam (VTZ),6E  7064,12:25,14:10,,Daily,27-Oct-2024,29-Mar-2025
Kochi (COK),Ahmedabad (AMD),6E  6392,12:25,14:50,,Every Mon Tue Thu Fri Sat Sun,27-Oct-2024,29-Mar-2025
Mopa(GOX),Chandigarh (IXC),6E  6015,12:25,15:20,,Every Sun,27-Oct-2024,23-Mar-2025
Bhubaneshwar (BBI),Delhi (DEL),6E  2616,12:30,14:55,,Daily,27-Oct-2024,29-Mar-2025
Bagdogra (IXB),Bengaluru (BLR),6E  0445,12:30,15:30,,Daily,27-Oct-2024,29-Mar-2025
Ranchi (IXR),Kolkata (CCU),6E  6893,12:30,13:35,,Daily,27-Oct-2024,29-Mar-2025
Delhi (DEL),Dhaka (DAC),6E  1103,12:30,15:25,,Daily,27-Oct-2024,29-Mar-2025
Delhi (DEL),Ranchi (IXR),6E  5071,12:30,14:20,,Daily,27-Oct-2024,29-Mar-2025
Jodhpur (JDH),Delhi (DEL),6E  2034,12:30,13:45,,Daily,27-Oct-2024,29-Mar-2025
Delhi (DEL),Jaisalmer (JSA),6E  2557,12:30,14:20,,Daily,27-Oct-2024,12-Mar-2025
Nasik(ISK),Hyderabad (HYD),6E  7137,12:30,14:10,,Daily,27-Oct-2024,29-Mar-2025
Visakhapatnam (VTZ),Hyderabad (HYD),6E  6645,12:30,13:45,,Daily,27-Oct-2024,29-Mar-2025
Hyderabad (HYD),Durgapur (RDP),6E  0834,12:30,14:25,,Daily,27-Oct-2024,29-Mar-2025
Bengaluru (BLR),Varanasi (VNS),6E  0897,12:30,14:55,,Every Mon Tue Wed Thu Sat Sun,27-Oct-2024,03-Nov-2024
Indore (IDR),Hyderabad (HYD),6E  0511,12:30,13:50,,Every Mon Tue Wed Thu Sun,27-Oct-2024,31-Oct-2024
Tiruchirappalli (TRZ),Bengaluru (BLR),6E  7712,12:35,13:50,,Daily,27-Oct-2024,29-Mar-2025
Gwalior (GWL),Delhi (DEL),6E  2118,12:35,13:35,,Daily,27-Oct-2024,29-Mar-2025
Bhubaneshwar (BBI),Raipur (RPR),6E  6522,12:40,13:55,,Daily,27-Oct-2024,29-Mar-2025
Bhubaneshwar (BBI),Lucknow (LKO),6E  6522,12:40,15:45,RPR,Daily,27-Oct-2024,29-Mar-2025
Chennai (MAA),Tiruchirappalli (TRZ),6E  7028,12:40,13:55,,Daily,27-Oct-2024,29-Mar-2025
Delhi (DEL),Srinagar (SXR),6E  2044,12:40,14:15,,Every Mon Tue Thu Fri Sat Sun,27-Oct-2024,10-Nov-2024
Delhi (DEL),Jammu (IXJ),6E  2044,12:40,15:50,SXR,Every Mon Tue Thu Fri Sat Sun,27-Oct-2024,10-Nov-2024
Delhi (DEL),Delhi (DEL),6E  2044,12:40,17:50,SXR/IXJ,Every Mon Tue Thu Fri Sat Sun,27-Oct-2024,10-Nov-2024
Bengaluru (BLR),Hyderabad (HYD),6E  6491,12:40,14:00,,Every Mon Wed Thu Fri Sat Sun,27-Oct-2024,29-Mar-2025
Tiruchirappalli (TRZ),Chennai (MAA),6E  7048,12:40,13:40,,Every Tue Thu Sat Sun,27-Oct-2024,29-Mar-2025
Mumbai (BOM),Bengaluru (BLR),6E  5212,12:45,14:35,,Daily,27-Oct-2024,29-Mar-2025
Phuket (HKT),Bengaluru (BLR),6E  1078,12:45,15:05,,Daily,27-Oct-2024,29-Mar-2025
Bengaluru (BLR),Hirasar Airport(HSR),6E  6507,12:45,14:55,,Daily,27-Oct-2024,29-Mar-2025
Bengaluru (BLR),Shivamogga (RQY),6E  7731,12:45,13:55,,Daily,27-Oct-2024,29-Mar-2025
Vijayawada (VGA),Bengaluru (BLR),6E  7224,12:45,14:25,,Daily,27-Oct-2024,29-Mar-2025
Jaipur (JAI),Mumbai (BOM),6E  5235,12:45,14:35,,Daily,27-Oct-2024,29-Mar-2025
Mumbai (BOM),Kanpur (KNU),6E  6076,12:45,14:50,,Daily,27-Oct-2024,29-Mar-2025
Chennai (MAA),Mumbai (BOM),6E  5258,12:45,14:50,,Daily,27-Oct-2024,30-Nov-2024
Kolkata (CCU),Jorhat (JRH),6E  0326,12:45,14:10,,Daily,27-Oct-2024,30-Nov-2024
Durgapur (RDP),Chennai (MAA),6E  0982,12:45,15:15,,Daily,27-Oct-2024,02-Nov-2024
Durgapur (RDP),Coimbatore (CJB),6E  0982,12:45,17:05,MAA,Daily,27-Oct-2024,02-Nov-2024
Hyderabad (HYD),Goa (GOI),6E  0905,12:45,13:55,,Daily,27-Oct-2024,29-Mar-2025
Kolkata (CCU),Hollongi (HGI),6E  6749,12:45,14:10,,Every Mon Tue Wed Thu Fri Sun,27-Oct-2024,28-Mar-2025
Patna (PAT),Deoghar (DGH),6E  7945,12:45,13:40,,Every Mon Wed Fri Sun,27-Oct-2024,28-Mar-2025
Lucknow (LKO),Mumbai (BOM),6E  5263,12:45,15:05,,Every Sun,27-Oct-2024,23-Mar-2025
Bengaluru (BLR),Mumbai (BOM),6E  5293,12:50,14:40,,Daily,27-Oct-2024,29-Mar-2025
Mumbai (BOM),Patna (PAT),6E  2043,12:50,15:10,,Daily,27-Oct-2024,29-Mar-2025
Darbhanga (DBR),Kolkata (CCU),6E  7116,12:50,14:10,,Daily,27-Oct-2024,29-Mar-2025
Kolkata (CCU),Visakhapatnam (VTZ),6E  0512,12:50,14:20,,Daily,27-Oct-2024,29-Mar-2025
Guwahati (GAU),Silchar (IXS),6E  2022,12:50,13:45,,Daily,27-Oct-2024,29-Mar-2025
Bengaluru (BLR),Surat (STV),6E  0465,12:50,14:50,,Every Mon Tue Wed Thu Fri Sun,27-Oct-2024,01-Nov-2024
Hyderabad (HYD),Madurai (IXM),6E  6781,12:50,14:25,,Every Mon Tue Wed Thu Sat Sun,27-Oct-2024,03-Nov-2024
Guwahati (GAU),Aizawl (AJL),6E  0457,12:55,13:55,,Daily,27-Oct-2024,29-Mar-2025
Kolkata (CCU),Bagdogra (IXB),6E  0751,12:55,14:05,,Daily,27-Oct-2024,29-Mar-2025
Deoghar (DGH),Bengaluru (BLR),6E  6437,12:55,15:30,,Daily,27-Oct-2024,15-Nov-2024
Mumbai (BOM),Coimbatore (CJB),6E  5041,12:55,14:50,,Daily,27-Oct-2024,30-Nov-2024
Delhi (DEL),Kolkata (CCU),6E  5042,12:55,15:10,,Daily,27-Oct-2024,29-Mar-2025
Dimapur (DMU),Delhi (DEL),6E  2081,12:55,16:05,,Daily,27-Oct-2024,29-Mar-2025
Delhi (DEL),Kanpur (KNU),6E  2056,12:55,14:00,,Daily,27-Oct-2024,29-Mar-2025
Guwahati (GAU),Agartala (IXA),6E  6309,12:55,13:50,,Every Mon Tue Wed Thu Sun,27-Oct-2024,31-Oct-2024
Delhi (DEL),Kochi (COK),6E  0315,12:55,16:00,,Every Mon Wed Thu Fri Sat Sun,27-Oct-2024,29-Mar-2025
Salem (SXV),Hyderabad (HYD),6E  7923,12:55,14:35,,Every Tue Thu Sat Sun,27-Oct-2024,29-Mar-2025
Bengaluru (BLR),Delhi (DEL),6E  6401,13:00,15:50,,Daily,27-Oct-2024,29-Mar-2025
Delhi (DEL),Bengaluru (BLR),6E  6188,13:00,15:45,,Daily,27-Oct-2024,29-Mar-2025
Delhi (DEL),Mumbai (BOM),6E  6051,13:00,15:20,,Daily,27-Oct-2024,13-Nov-2024
Delhi (DEL),Bagdogra (IXB),6E  2239,13:00,14:55,,Daily,27-Oct-2024,03-Nov-2024
Varanasi (VNS),Delhi (DEL),6E  2321,13:00,14:30,,Daily,27-Oct-2024,29-Mar-2025
Diu Airport(DIU),Surat (STV),6E  7967,13:00,13:50,,Daily,27-Oct-2024,29-Mar-2025
Goa (GOI),Hyderabad (HYD),6E  0374,13:00,14:20,,Every Mon Tue Wed Thu Fri Sun,27-Oct-2024,29-Nov-2024
Hyderabad (HYD),Ayodhya (AYJ),6E  0931,13:00,15:00,,Every Mon Wed Fri Sun,27-Oct-2024,28-Mar-2025
Kadapa (CDP),Chennai (MAA),6E  7269,13:00,14:00,,Every Mon Wed Fri Sun,27-Oct-2024,28-Mar-2025
Jharsuguda (JRG),Bengaluru (BLR),6E  0128,13:00,14:55,,Every Mon Wed Thu Fri Sat Sun,27-Oct-2024,29-Mar-2025
Chennai (MAA),Kochi (COK),6E  0447,13:00,14:15,,Every Mon Wed Thu Fri Sat Sun,27-Oct-2024,29-Mar-2025
Port Blair (IXZ),Chennai (MAA),6E  2698,13:00,15:15,,Every Mon Wed Thu Fri Sun,27-Oct-2024,28-Mar-2025
Bangkok (BKK),Bengaluru (BLR),6E  1056,13:05,15:40,,Daily,27-Oct-2024,29-Mar-2025
Mumbai (BOM),Delhi (DEL),6E  0615,13:05,15:10,,Daily,27-Oct-2024,05-Jan-2025
Guwahati (GAU),Imphal (IMF),6E  0228,13:05,14:10,,Daily,27-Oct-2024,12-Jan-2025
Goa (GOI),Mumbai (BOM),6E  6097,13:05,14:30,,Daily,27-Oct-2024,29-Mar-2025
Jabalpur (JLR),Mumbai (BOM),6E  6678,13:05,14:55,,Daily,27-Oct-2024,29-Mar-2025
Chennai (MAA),Delhi (DEL),6E  0452,13:05,15:55,,Daily,27-Oct-2024,29-Mar-2025
Amritsar (ATQ),Srinagar (SXR),6E  6288,13:05,14:05,,Daily,27-Oct-2024,29-Mar-2025
Pune (PNQ),Delhi (DEL),6E  2248,13:05,15:20,,Every Mon Tue Wed Thu Fri Sun,27-Oct-2024,28-Mar-2025
Bhopal (BHO),Delhi (DEL),6E  5083,13:05,14:25,,Every Mon Wed Fri Sat Sun,27-Oct-2024,03-Nov-2024
Agartala (IXA),Imphal (IMF),6E  0524,13:05,14:00,,Every Mon Wed Fri Sun,27-Oct-2024,28-Mar-2025
Dehradun (DED),Kolkata (CCU),6E  6344,13:05,15:10,,Every Mon Wed Fri Sun,27-Oct-2024,28-Mar-2025
Dehradun (DED),Guwahati (GAU),6E  6344,13:05,17:30,CCU,Every Mon Wed Fri Sun,27-Oct-2024,28-Mar-2025
Bengaluru (BLR),Lucknow (LKO),6E  0196,13:10,15:35,,Daily,27-Oct-2024,29-Mar-2025
Bengaluru (BLR),Male (MLE),6E  1127,13:10,14:40,,Daily,27-Oct-2024,29-Mar-2025
Bengaluru (BLR),Tuticorin (TCR),6E  7735,13:10,14:55,,Daily,27-Oct-2024,29-Mar-2025
Goa (GOI),Delhi (DEL),6E  2091,13:10,15:40,,Daily,27-Oct-2024,29-Mar-2025
Guwahati (GAU),Dibrugarh (DIB),6E  0972,13:10,14:00,,Daily,27-Oct-2024,29-Mar-2025
Hirasar Airport(HSR),Mopa(GOX),6E  0155,13:10,14:40,,Daily,27-Oct-2024,29-Mar-2025
Bengaluru (BLR),Shirdi (SAG),6E  6892,13:10,14:50,,Daily,27-Oct-2024,29-Mar-2025
Bagdogra (IXB),Hyderabad (HYD),6E  0619,13:10,15:45,,Every Mon Tue Wed Fri Sat Sun,27-Oct-2024,29-Mar-2025
Delhi (DEL),Udaipur (UDR),6E  2101,13:10,14:30,,Every Mon Tue Wed Thu Sun,27-Oct-2024,03-Nov-2024
Indore (IDR),Udaipur (UDR),6E  7424,13:10,14:10,,Every Mon Wed Fri Sun,27-Oct-2024,15-Dec-2024
Delhi (DEL),Ahmedabad (AMD),6E  2338,13:15,15:05,,Daily,27-Oct-2024,29-Mar-2025
Kolkata (CCU),Bengaluru (BLR),6E  0455,13:15,16:00,,Daily,27-Oct-2024,29-Mar-2025
Chennai (MAA),Shirdi (SAG),6E  6797,13:15,15:10,,Daily,27-Oct-2024,29-Mar-2025
Delhi (DEL),Prayagraj (IXD),6E  2612,13:15,14:40,,Daily,27-Oct-2024,29-Mar-2025
Goa (GOI),Ahmedabad (AMD),6E  0381,13:15,15:10,,Every Mon Tue Thu Fri Sat Sun,27-Oct-2024,29-Mar-2025
Hyderabad (HYD),Bengaluru (BLR),6E  0180,13:15,14:35,,Every Mon Wed Thu Fri Sun,27-Oct-2024,03-Nov-2024
Bengaluru (BLR),Ahmedabad (AMD),6E  6595,13:20,15:35,,Daily,27-Oct-2024,29-Mar-2025
Bengaluru (BLR),Nasik(ISK),6E  6753,13:20,15:10,,Daily,27-Oct-2024,29-Mar-2025
Mumbai (BOM),Kozhikode (CCJ),6E  6207,13:20,15:10,,Daily,27-Oct-2024,29-Mar-2025
Deoghar (DGH),Delhi (DEL),6E  2192,13:20,15:25,,Daily,27-Oct-2024,29-Mar-2025
Pantnagar (PGH),Delhi (DEL),6E  7157,13:20,14:15,,Daily,27-Oct-2024,29-Mar-2025
Hyderabad (HYD),Visakhapatnam (VTZ),6E  0409,13:20,14:30,,Daily,27-Oct-2024,29-Mar-2025
Aurangabad (IXU),Ahmedabad (AMD),6E  7261,13:20,15:10,,Daily,27-Oct-2024,30-Nov-2024
Aurangabad (IXU),Jaipur (JAI),6E  7261,13:20,17:10,AMD,Daily,27-Oct-2024,30-Nov-2024
Bengaluru (BLR),Kolkata (CCU),6E  0172,13:20,15:50,,Every Mon Thu Fri Sat Sun,27-Oct-2024,29-Mar-2025
Ahmedabad (AMD),Hyderabad (HYD),6E  0383,13:20,14:55,,Every Mon Tue Fri Sat Sun,27-Oct-2024,03-Nov-2024
Prayagraj (IXD),Bengaluru (BLR),6E  6036,13:20,15:50,,Every Mon Wed Fri Sun,27-Oct-2024,28-Mar-2025
Kanpur (KNU),Hyderabad (HYD),6E  6292,13:20,15:15,,Every Mon Wed Fri Sun,27-Oct-2024,28-Mar-2025
Aizawl (AJL),Delhi (DEL),6E  5364,13:20,16:15,,Every Wed Fri Sun,27-Oct-2024,15-Nov-2024
Jaipur (JAI),Ahmedabad (AMD),6E  7031,13:25,15:15,,Daily,27-Oct-2024,30-Nov-2024
Raipur (RPR),Prayagraj (IXD),6E  7302,13:25,15:00,,Daily,27-Oct-2024,29-Mar-2025
Bengaluru (BLR),Goa (GOI),6E  6653,13:25,14:40,,Daily,27-Oct-2024,29-Mar-2025
Mumbai (BOM),Jodhpur (JDH),6E  5256,13:25,15:05,,Daily,27-Oct-2024,03-Nov-2024
Kochi (COK),Kannur (CNN),6E  7256,13:25,14:20,,Daily,27-Oct-2024,29-Mar-2025
Srinagar (SXR),Delhi (DEL),6E  2137,13:25,15:00,,Daily,27-Oct-2024,29-Mar-2025
Delhi (DEL),Lucknow (LKO),6E  2172,13:25,14:35,,Daily,27-Oct-2024,29-Mar-2025
Hyderabad (HYD),Dubai (DXB),6E  1483,13:25,16:15,,Daily,27-Oct-2024,20-Nov-2024
Mysuru (MYQ),Hyderabad (HYD),6E  7141,13:25,15:10,,Daily,27-Oct-2024,29-Mar-2025
Jammu (IXJ),Delhi (DEL),6E  2356,13:25,14:45,,Daily,27-Oct-2024,29-Mar-2025
Mumbai (BOM),Jammu (IXJ),6E  0559,13:25,16:00,,Every Mon Tue Thu Fri Sat Sun,27-Oct-2024,02-Nov-2024
Mumbai (BOM),Srinagar (SXR),6E  0559,13:25,17:15,IXJ,Every Mon Tue Thu Fri Sat Sun,27-Oct-2024,02-Nov-2024
Bengaluru (BLR),Kochi (COK),6E  0703,13:25,14:30,,Every Mon Wed Thu Fri Sat Sun,27-Oct-2024,29-Mar-2025
Tuticorin (TCR),Chennai (MAA),6E  7606,13:25,15:00,,Every Mon Wed Thu Fri Sat Sun,27-Oct-2024,29-Mar-2025
Bhubaneshwar (BBI),Hyderabad (HYD),6E  6912,13:30,15:10,,Daily,27-Oct-2024,29-Mar-2025
Kolkata (CCU),Mumbai (BOM),6E  5227,13:30,16:35,,Daily,27-Oct-2024,29-Mar-2025
Prayagraj (IXD),Mumbai (BOM),6E  6938,13:30,15:50,,Daily,27-Oct-2024,29-Mar-2025
Phuket (HKT),Delhi (DEL),6E  1074,13:30,16:55,,Daily,27-Oct-2024,29-Mar-2025
Leh (IXL),Delhi (DEL),6E  6003,13:30,14:55,,Daily,27-Oct-2024,29-Mar-2025
Hyderabad (HYD),Srinagar (SXR),6E  6253,13:30,16:25,,Daily,27-Oct-2024,02-Nov-2024
Jodhpur (JDH),Indore (IDR),6E  7358,13:30,15:00,,Daily,27-Oct-2024,29-Mar-2025
Patna (PAT),Pune (PNQ),6E  0126,13:30,16:00,,Daily,27-Oct-2024,29-Mar-2025
Ranchi (IXR),Patna (PAT),6E  0925,13:30,14:30,,Every Mon Tue Thu Fri Sat Sun,27-Oct-2024,29-Mar-2025
Ranchi (IXR),Lucknow (LKO),6E  0925,13:30,16:15,PAT,Every Mon Tue Thu Fri Sat Sun,27-Oct-2024,29-Mar-2025
Kochi (COK),Mumbai (BOM),6E  5102,13:30,15:35,,Every Mon Tue Wed Thu Sun,27-Oct-2024,31-Oct-2024
Kolkata (CCU),Aizawl (AJL),6E  0994,13:35,14:40,,Daily,27-Oct-2024,29-Mar-2025
Hyderabad (HYD),Ahmedabad (AMD),6E  6593,13:35,15:30,,Daily,27-Oct-2024,29-Mar-2025
Lucknow (LKO),Ahmedabad (AMD),6E  0279,13:35,15:55,,Daily,27-Oct-2024,14-Feb-2025
Thiruvananthapuram (TRV),Bengaluru (BLR),6E  6147,13:35,14:45,,Daily,27-Oct-2024,29-Mar-2025
Mumbai (BOM),Kolkata (CCU),6E  5395,13:35,16:05,,Daily,27-Oct-2024,29-Mar-2025
Bagdogra (IXB),Chennai (MAA),6E  0323,13:35,16:15,,Daily,27-Oct-2024,20-Jan-2025
Chennai (MAA),Raipur (RPR),6E  6137,13:35,15:20,,Daily,27-Oct-2024,29-Mar-2025
Delhi (DEL),Ayodhya (AYJ),6E  2701,13:40,15:10,,Daily,27-Oct-2024,29-Mar-2025
Delhi (DEL),Kathmandu (KTM),6E  1155,13:40,15:40,,Daily,27-Oct-2024,29-Mar-2025
Hubli (HBX),Hyderabad (HYD),6E  7416,13:40,14:55,,Daily,27-Oct-2024,29-Mar-2025
Hyderabad (HYD),Chennai (MAA),6E  0514,13:40,15:05,,Daily,27-Oct-2024,29-Mar-2025
Tirupati (TIR),Hyderabad (HYD),6E  6606,13:40,14:45,,Daily,27-Oct-2024,24-Nov-2024
Madurai (IXM),Chennai (MAA),6E  7125,13:40,15:00,,Daily,27-Oct-2024,29-Mar-2025
Kolkata (CCU),Shillong (SHL),6E  7313,13:40,15:25,,Every Tue Thu Sat Sun,27-Oct-2024,29-Mar-2025
Abu Dhabi (AUH),Lucknow (LKO),6E  1416,13:45,19:15,,Daily,27-Oct-2024,30-Nov-2024
Lucknow (LKO),Mumbai (BOM),6E  5241,13:45,16:10,,Daily,27-Oct-2024,10-Nov-2024
Kolkata (CCU),Patna (PAT),6E  6917,13:45,14:55,,Daily,27-Oct-2024,29-Mar-2025
Hyderabad (HYD),Delhi (DEL),6E  6043,13:45,16:05,,Daily,27-Oct-2024,29-Mar-2025
Imphal (IMF),Delhi (DEL),6E  2417,13:45,17:05,,Daily,27-Oct-2024,29-Mar-2025
Visakhapatnam (VTZ),Hyderabad (HYD),6E  0779,13:45,15:00,,Daily,27-Oct-2024,29-Mar-2025
Jaipur (JAI),Chandigarh (IXC),6E  7516,13:45,15:15,,Every Mon Tue Thu Fri Sun,27-Oct-2024,28-Mar-2025
Hyderabad (HYD),Tirupati (TIR),6E  7564,13:45,15:10,,Every Mon Tue Wed Thu Sat Sun,27-Oct-2024,03-Nov-2024
Mumbai (BOM),Madurai (IXM),6E  2528,13:50,16:00,,Daily,27-Oct-2024,29-Mar-2025
Silchar (IXS),Kolkata (CCU),6E  2516,13:50,15:10,,Daily,27-Oct-2024,29-Mar-2025
Colombo (CMB),Chennai (MAA),6E  1176,13:50,15:10,,Daily,27-Oct-2024,29-Mar-2025
Khajuraho (HJR),Delhi (DEL),6E  2083,13:50,15:00,,Daily,27-Oct-2024,29-Mar-2025
Delhi (DEL),Shirdi (SAG),6E  6248,13:50,15:50,,Daily,27-Oct-2024,29-Mar-2025
Chennai (MAA),Madurai (IXM),6E  7515,13:50,15:15,,Daily,27-Oct-2024,29-Mar-2025
Kannur (CNN),Mumbai (BOM),6E  0596,13:50,15:50,,Every Mon Wed Fri Sun,27-Oct-2024,29-Nov-2024
Dammam (DMM),Kozhikode (CCJ),6E  0088,13:50,20:40,,Every Mon Wed Fri Sun,27-Oct-2024,10-Nov-2024
Kochi (COK),Kozhikode (CCJ),6E  7006,13:50,14:35,,Every Mon Wed Thu Fri Sat Sun,27-Oct-2024,29-Mar-2025
Kochi (COK),Bengaluru (BLR),6E  7006,13:50,16:10,CCJ,Every Mon Wed Thu Fri Sat Sun,27-Oct-2024,29-Mar-2025
Patna (PAT),Chandigarh (IXC),6E  6485,13:55,15:50,,Daily,27-Oct-2024,14-Dec-2024
Bengaluru (BLR),Mumbai (BOM),6E  5218,13:55,16:05,,Daily,27-Oct-2024,29-Mar-2025
Colombo (CMB),Bengaluru (BLR),6E  1168,13:55,15:20,,Daily,27-Oct-2024,29-Mar-2025
Bengaluru (BLR),Dehradun (DED),6E  0852,13:55,17:05,,Daily,27-Oct-2024,29-Mar-2025
Mumbai (BOM),Chennai (MAA),6E  5337,13:55,16:00,,Daily,27-Oct-2024,29-Mar-2025
Delhi (DEL),Varanasi (VNS),6E  2004,13:55,15:30,,Daily,27-Oct-2024,29-Mar-2025
Chennai (MAA),Jaffna (JAF),6E  1177,13:55,15:10,,Daily,27-Oct-2024,10-Nov-2024
Hyderabad (HYD),Kochi (COK),6E  6682,13:55,15:30,,Every Mon Wed Thu Fri Sat Sun,27-Oct-2024,29-Mar-2025
Hyderabad (HYD),Rajahmundry (RJA),6E  7311,13:55,15:10,,Every Mon Wed Thu Fri Sat Sun,27-Oct-2024,29-Mar-2025
Amritsar (ATQ),Delhi (DEL),6E  2094,14:00,15:05,,Daily,27-Oct-2024,29-Mar-2025
Bengaluru (BLR),Delhi (DEL),6E  5306,14:00,16:45,,Daily,27-Oct-2024,29-Mar-2025
Delhi (DEL),Mumbai (BOM),6E  6676,14:00,16:20,,Daily,27-Oct-2024,05-Jan-2025
Mumbai (BOM),Ranchi (IXR),6E  2348,14:00,16:15,,Daily,27-Oct-2024,29-Mar-2025
Deoghar (DGH),Kolkata (CCU),6E  7946,14:00,15:00,,Daily,27-Oct-2024,29-Mar-2025
Delhi (DEL),Hyderabad (HYD),6E  5198,14:00,16:20,,Daily,27-Oct-2024,10-Nov-2024
Hyderabad (HYD),Pune (PNQ),6E  0311,14:00,14:55,,Every Mon Tue Wed Thu Fri Sun,27-Oct-2024,28-Mar-2025
Varanasi (VNS),Mumbai (BOM),6E  6544,14:00,16:20,,Every Mon Wed Fri Sun,27-Oct-2024,29-Nov-2024
Bengaluru (BLR),Coimbatore (CJB),6E  7407,14:05,15:15,,Daily,27-Oct-2024,29-Mar-2025
Hyderabad (HYD),Mumbai (BOM),6E  5099,14:05,15:45,,Daily,27-Oct-2024,29-Mar-2025
Male (MLE),Mumbai (BOM),6E  1132,14:05,17:35,,Daily,27-Oct-2024,28-Nov-2024
Kolkata (CCU),Dibrugarh (DIB),6E  6103,14:05,15:35,,Daily,27-Oct-2024,29-Mar-2025
Kolkata (CCU),Chandigarh (IXC),6E  0874,14:05,16:40,,Daily,27-Oct-2024,02-Nov-2024
Kolkata (CCU),Srinagar (SXR),6E  0874,14:05,18:20,IXC,Daily,27-Oct-2024,02-Nov-2024
Kathmandu (KTM),Delhi (DEL),6E  1154,14:05,15:50,,Daily,27-Oct-2024,07-Nov-2024
Kolkata (CCU),Jaipur (JAI),6E  0394,14:05,16:40,,Daily,27-Oct-2024,29-Mar-2025
Chennai (MAA),Mopa(GOX),6E  0973,14:05,15:35,,Daily,27-Oct-2024,29-Mar-2025
Ahmedabad (AMD),Raipur (RPR),6E  0261,14:05,15:45,,Every Mon Tue Thu Fri Sat Sun,27-Oct-2024,29-Mar-2025
Gorakhpur (GOP),Hyderabad (HYD),6E  6319,14:05,16:05,,Every Mon Tue Wed Thu Fri Sun,27-Oct-2024,15-Nov-2024
Goa (GOI),Nasik(ISK),6E  7467,14:05,15:50,,Every Mon Wed Fri Sun,27-Oct-2024,13-Dec-2024
Goa (GOI),Nagpur (NAG),6E  7467,14:05,18:05,ISK,Every Mon Wed Fri Sun,27-Oct-2024,13-Dec-2024
Goa (GOI),Lucknow (LKO),6E  7467,14:05,20:20,ISK/NAG,Every Mon Wed Fri Sun,27-Oct-2024,13-Dec-2024
Durgapur (RDP),Bengaluru (BLR),6E  6992,14:10,16:55,,Daily,27-Oct-2024,29-Mar-2025
Dhaka (DAC),Mumbai (BOM),6E  1116,14:10,17:10,,Daily,27-Oct-2024,29-Mar-2025
Coimbatore (CJB),Chennai (MAA),6E  6011,14:10,15:10,,Daily,27-Oct-2024,29-Mar-2025
Coimbatore (CJB),Guwahati (GAU),6E  6011,14:10,18:25,MAA,Daily,27-Oct-2024,29-Mar-2025
Vijayawada (VGA),Delhi (DEL),6E  2264,14:10,16:25,,Daily,27-Oct-2024,29-Mar-2025
Surat (STV),Diu Airport(DIU),6E  7968,14:10,15:05,,Daily,27-Oct-2024,29-Mar-2025
Lucknow (LKO),Chandigarh (IXC),6E  6552,14:10,15:30,,Daily,27-Oct-2024,29-Mar-2025
Gondia Airport(GDB),Hyderabad (HYD),6E  7697,14:10,16:00,,Daily,27-Oct-2024,29-Mar-2025
Ahmedabad (AMD),Delhi (DEL),6E  2287,14:10,15:50,,Every Mon Tue Thu Fri Sat Sun,27-Oct-2024,29-Mar-2025
Ahmedabad (AMD),Pune (PNQ),6E  0522,14:10,15:15,,Every Mon Tue Thu Fri Sun,27-Oct-2024,28-Mar-2025
Hong Kong(HKG),Delhi (DEL),6E  1708,14:10,18:20,,Every Mon Wed Fri Sat Sun,27-Oct-2024,17-Nov-2024
Durgapur (RDP),Bagdogra (IXB),6E  7504,14:10,15:20,,Every Mon Wed Fri Sun,27-Oct-2024,28-Mar-2025
Mumbai (BOM),Bhubaneshwar (BBI),6E  5197,14:15,16:30,,Daily,27-Oct-2024,29-Mar-2025
Mumbai (BOM),Bengaluru (BLR),6E  5382,14:15,16:05,,Daily,27-Oct-2024,29-Mar-2025
Delhi (DEL),Bengaluru (BLR),6E  0176,14:15,17:00,,Daily,27-Oct-2024,29-Mar-2025
Shivamogga (RQY),Bengaluru (BLR),6E  7732,14:15,15:15,,Daily,27-Oct-2024,29-Mar-2025
Kolkata (CCU),Delhi (DEL),6E  2759,14:15,16:45,,Daily,27-Oct-2024,29-Mar-2025
Kolkata (CCU),Raipur (RPR),6E  0417,14:15,15:45,,Daily,27-Oct-2024,29-Mar-2025
Silchar (IXS),Guwahati (GAU),6E  0265,14:15,15:10,,Daily,27-Oct-2024,29-Mar-2025
Silchar (IXS),Delhi (DEL),6E  0265,14:15,19:20,GAU,Daily,27-Oct-2024,29-Mar-2025
Goa (GOI),Delhi (DEL),6E  6193,14:15,16:45,,Daily,27-Oct-2024,29-Mar-2025
Delhi (DEL),Gorakhpur (GOP),6E  2087,14:15,15:45,,Daily,27-Oct-2024,29-Mar-2025
Raipur (RPR),Delhi (DEL),6E  2205,14:15,16:10,,Daily,27-Oct-2024,10-Nov-2024
Chennai (MAA),Salem (SXV),6E  7678,14:15,15:25,,Daily,27-Oct-2024,29-Mar-2025
Chennai (MAA),Tuticorin (TCR),6E  7179,14:15,15:55,,Daily,27-Oct-2024,29-Mar-2025
Tiruchirappalli (TRZ),Chennai (MAA),6E  7268,14:15,15:20,,Daily,27-Oct-2024,29-Mar-2025
Mumbai (BOM),Goa (GOI),6E  6228,14:15,15:25,,Every Mon Tue Wed Thu Sat Sun,27-Oct-2024,03-Nov-2024
Agatti(AGX),Bengaluru (BLR),6E  7272,14:15,16:30,,Every Mon Wed Fri Sun,27-Oct-2024,28-Mar-2025
Hyderabad (HYD),Agartala (IXA),6E  6925,14:15,16:35,,Every Mon Wed Fri Sun,27-Oct-2024,28-Mar-2025
Mumbai (BOM),Ayodhya (AYJ),6E  5116,14:20,16:30,,Daily,27-Oct-2024,29-Mar-2025
Hyderabad (HYD),Kolkata (CCU),6E  6907,14:20,16:20,,Daily,27-Oct-2024,29-Mar-2025
Jaipur (JAI),Surat (STV),6E  0715,14:20,16:00,,Daily,27-Oct-2024,29-Mar-2025
Dibrugarh (DIB),Delhi (DEL),6E  6604,14:20,17:45,,Daily,27-Oct-2024,29-Mar-2025
Delhi (DEL),Chennai (MAA),6E  2217,14:20,17:10,,Daily,27-Oct-2024,29-Mar-2025
Delhi (DEL),Patna (PAT),6E  2425,14:20,16:00,,Daily,27-Oct-2024,29-Mar-2025
Varanasi (VNS),Hyderabad (HYD),6E  6227,14:20,16:20,,Daily,27-Oct-2024,29-Mar-2025
Chennai (MAA),Singapore (SIN),6E  1003,14:20,21:10,,Daily,27-Oct-2024,29-Mar-2025
Singapore (SIN),Chennai (MAA),6E  1026,14:20,16:10,,Daily,27-Oct-2024,29-Mar-2025
Delhi (DEL),Durgapur (RDP),6E  2152,14:20,16:15,,Every Mon Tue Thu Fri Sat Sun,27-Oct-2024,29-Mar-2025
Raipur (RPR),Lucknow (LKO),6E  6522,14:25,15:45,,Daily,27-Oct-2024,29-Mar-2025
Hyderabad (HYD),Vadodara (BDQ),6E  2178,14:25,16:10,,Daily,27-Oct-2024,29-Mar-2025
Bengaluru (BLR),Kolhapur (KLH),6E  7445,14:25,16:20,,Daily,27-Oct-2024,29-Mar-2025
Kolkata (CCU),Imphal (IMF),6E  0275,14:25,15:40,,Daily,27-Oct-2024,29-Mar-2025
Chennai (MAA),Coimbatore (CJB),6E  0804,14:25,15:30,,Daily,27-Oct-2024,10-Nov-2024
Delhi (DEL),Dehradun (DED),6E  2135,14:25,15:20,,Daily,27-Oct-2024,29-Mar-2025
Goa (GOI),Hyderabad (HYD),6E  0712,14:25,15:40,,Daily,27-Oct-2024,29-Mar-2025
Jaipur (JAI),Chennai (MAA),6E  0694,14:25,16:50,,Daily,27-Oct-2024,29-Mar-2025
Lucknow (LKO),Prayagraj (IXD),6E  7935,14:25,15:15,,Every Mon Wed Fri Sun,27-Oct-2024,26-Mar-2025
Hyderabad (HYD),Lucknow (LKO),6E  0487,14:25,16:10,,Every Thu Sun,27-Oct-2024,27-Mar-2025
Aizawl (AJL),Guwahati (GAU),6E  0316,14:30,15:25,,Daily,27-Oct-2024,29-Mar-2025
Aizawl (AJL),Bengaluru (BLR),6E  0316,14:30,20:10,GAU,Daily,27-Oct-2024,29-Mar-2025
Gwalior (GWL),Mumbai (BOM),6E  2085,14:30,16:30,,Daily,27-Oct-2024,29-Mar-2025
Patna (PAT),Chennai (MAA),6E  0597,14:30,16:55,,Daily,27-Oct-2024,29-Mar-2025
Patna (PAT),Kochi (COK),6E  0597,14:30,18:50,MAA,Daily,27-Oct-2024,29-Mar-2025
Delhi (DEL),Bagdogra (IXB),6E  5204,14:30,16:20,,Daily,27-Oct-2024,29-Mar-2025
Dibrugarh (DIB),Guwahati (GAU),6E  0187,14:30,15:40,,Daily,27-Oct-2024,29-Mar-2025
Dibrugarh (DIB),Hyderabad (HYD),6E  0187,14:30,19:50,GAU,Daily,27-Oct-2024,29-Mar-2025
Chandigarh (IXC),Goa (GOI),6E  0614,14:30,17:20,,Daily,27-Oct-2024,29-Mar-2025
Jodhpur (JDH),Pune (PNQ),6E  0414,14:30,16:10,,Every Mon Tue Wed Thu Fri Sun,27-Oct-2024,28-Mar-2025
Hyderabad (HYD),Indore (IDR),6E  6915,14:30,16:00,,Every Mon Tue Wed Thu Sun,27-Oct-2024,31-Oct-2024
Chennai (MAA),Kadapa (CDP),6E  7282,14:30,15:30,,Every Mon Wed Fri Sun,27-Oct-2024,28-Mar-2025
Udaipur (UDR),Indore (IDR),6E  7438,14:30,15:35,,Every Mon Wed Fri Sun,27-Oct-2024,15-Dec-2024
Bhubaneshwar (BBI),Bengaluru (BLR),6E  6536,14:35,16:45,,Daily,27-Oct-2024,29-Mar-2025
Visakhapatnam (VTZ),Bengaluru (BLR),6E  5309,14:35,16:20,,Daily,27-Oct-2024,29-Mar-2025
Doha (DOH),Mumbai (BOM),6E  1304,14:35,20:30,,Daily,27-Oct-2024,29-Mar-2025
Chennai (MAA),Delhi (DEL),6E  0698,14:35,17:30,,Daily,27-Oct-2024,29-Mar-2025
Delhi (DEL),Srinagar (SXR),6E  5106,14:35,16:00,,Daily,27-Oct-2024,02-Nov-2024
Imphal (IMF),Agartala (IXA),6E  0525,14:35,15:25,,Every Mon Wed Fri Sun,27-Oct-2024,28-Mar-2025
Imphal (IMF),Bengaluru (BLR),6E  0525,14:35,19:10,IXA,Every Mon Wed Fri Sun,27-Oct-2024,28-Mar-2025
Indore (IDR),Bengaluru (BLR),6E  6738,14:35,16:30,,Every Tue Thu Sun,27-Oct-2024,28-Nov-2024
Pune (PNQ),Hirasar Airport(HSR),6E  0135,14:35,15:45,,Every Tue Thu Sun,27-Oct-2024,27-Mar-2025
Kannur (CNN),Bengaluru (BLR),6E  7447,14:40,15:50,,Daily,27-Oct-2024,29-Mar-2025
Lucknow (LKO),Dehradun (DED),6E  0515,14:40,15:55,,Daily,27-Oct-2024,29-Mar-2025
Kanpur (KNU),Delhi (DEL),6E  5080,14:40,15:55,,Daily,27-Oct-2024,29-Mar-2025
Hollongi (HGI),Kolkata (CCU),6E  5312,14:40,16:35,,Every Mon Tue Wed Thu Fri Sun,27-Oct-2024,28-Mar-2025
Agartala (IXA),Guwahati (GAU),6E  0119,14:40,15:30,,Every Mon Tue Wed Thu Sun,27-Oct-2024,31-Oct-2024
Agartala (IXA),Chennai (MAA),6E  0119,14:40,19:45,GAU,Every Mon Tue Wed Thu Sun,27-Oct-2024,31-Oct-2024
Shirdi (SAG),Indore (IDR),6E  7422,14:40,15:55,,Every Mon Wed Fri Sun,27-Oct-2024,28-Mar-2025
Shirdi (SAG),Lucknow (LKO),6E  7422,14:40,18:15,IDR,Every Mon Wed Fri Sun,27-Oct-2024,28-Mar-2025
Hyderabad (HYD),Shirdi (SAG),6E  6062,14:40,16:00,,Every Mon Wed Thu Fri Sat Sun,27-Oct-2024,29-Mar-2025
Bagdogra (IXB),Kolkata (CCU),6E  0292,14:45,16:00,,Daily,27-Oct-2024,29-Mar-2025
Bagdogra (IXB),Ahmedabad (AMD),6E  0292,14:45,19:40,CCU,Daily,27-Oct-2024,29-Mar-2025
Port Blair (IXZ),Bengaluru (BLR),6E  6357,14:45,17:25,,Daily,27-Oct-2024,29-Mar-2025
Imphal (IMF),Guwahati (GAU),6E  6342,14:45,15:40,,Daily,27-Oct-2024,12-Jan-2025
Imphal (IMF),Mumbai (BOM),6E  6342,14:45,20:45,GAU,Daily,27-Oct-2024,12-Jan-2025
Mumbai (BOM),Hyderabad (HYD),6E  5386,14:45,16:10,,Daily,27-Oct-2024,26-Nov-2024
Kolkata (CCU),Gorakhpur (GOP),6E  7174,14:45,16:45,,Daily,27-Oct-2024,29-Mar-2025
Jorhat (JRH),Kolkata (CCU),6E  6153,14:45,16:30,,Daily,27-Oct-2024,30-Nov-2024
Delhi (DEL),GAYA (GAY),6E  2414,14:45,16:20,,Daily,27-Oct-2024,29-Mar-2025
Delhi (DEL),Pantnagar (PGH),6E  7156,14:45,15:45,,Daily,27-Oct-2024,29-Mar-2025
Goa (GOI),Indore (IDR),6E  0813,14:45,16:30,,Daily,27-Oct-2024,29-Mar-2025
Goa (GOI),Raipur (RPR),6E  0813,14:45,18:15,IDR,Daily,27-Oct-2024,29-Mar-2025
Vijayawada (VGA),Tirupati (TIR),6E  7439,14:45,16:00,,Daily,27-Oct-2024,15-Dec-2024
Visakhapatnam (VTZ),Tirupati (TIR),6E  7063,14:45,16:25,,Daily,27-Oct-2024,29-Mar-2025
Ahmedabad (AMD),Varanasi (VNS),6E  6805,14:45,16:30,,Every Mon Tue Thu Fri Sat Sun,27-Oct-2024,29-Mar-2025
Hyderabad (HYD),Visakhapatnam (VTZ),6E  0626,14:45,15:55,,Every Mon Tue Wed Thu Fri Sun,27-Oct-2024,10-Nov-2024
Srinagar (SXR),Amritsar (ATQ),6E  0478,14:45,15:45,,Every Mon Wed Sun,27-Oct-2024,30-Oct-2024
Srinagar (SXR),Bengaluru (BLR),6E  0478,14:45,19:20,ATQ,Every Mon Wed Sun,27-Oct-2024,30-Oct-2024
Kochi (COK),Chennai (MAA),6E  0571,14:45,16:05,,Every Mon Wed Thu Fri Sat Sun,27-Oct-2024,29-Mar-2025
Bengaluru (BLR),Jeddah (JED),6E  0077,14:45,18:40,,Every Wed Fri Sat Sun,27-Oct-2024,29-Mar-2025
Darbhanga (DBR),Hyderabad (HYD),6E  6417,14:50,16:55,,Daily,27-Oct-2024,29-Mar-2025
Darbhanga (DBR),Bengaluru (BLR),6E  6417,14:50,19:20,HYD,Daily,27-Oct-2024,29-Mar-2025
Chennai (MAA),Mumbai (BOM),6E  5371,14:50,16:50,,Daily,27-Oct-2024,17-Nov-2024
Ranchi (IXR),Delhi (DEL),6E  5220,14:50,16:55,,Daily,27-Oct-2024,29-Mar-2025
Pune (PNQ),Dehradun (DED),6E  0403,14:50,17:15,,Every Mon Tue Wed Thu Fri Sun,27-Oct-2024,28-Mar-2025
Bareilly (BEK),Mumbai (BOM),6E  5338,14:50,17:05,,Every Mon Wed Fri Sun,27-Oct-2024,28-Mar-2025
Bengaluru (BLR),Patna (PAT),6E  6277,14:50,17:20,,Every Mon Wed Thu Fri Sat Sun,27-Oct-2024,29-Mar-2025
Hyderabad (HYD),Jagdalpur (JGB),6E  7104,14:50,16:15,,Every Wed Sat Sun,27-Oct-2024,29-Mar-2025
Delhi (DEL),Guwahati (GAU),6E  2038,14:55,17:15,,Daily,27-Oct-2024,29-Mar-2025
Jaisalmer (JSA),Delhi (DEL),6E  2257,14:55,16:30,,Daily,27-Oct-2024,12-Mar-2025
Ahmedabad (AMD),Chennai (MAA),6E  6539,14:55,17:15,,Every Mon Tue Thu Fri Sat Sun,27-Oct-2024,29-Mar-2025
Srinagar (SXR),Jammu (IXJ),6E  2044,14:55,15:50,,Every Mon Tue Thu Fri Sat Sun,27-Oct-2024,10-Nov-2024
Srinagar (SXR),Delhi (DEL),6E  2044,14:55,17:50,IXJ,Every Mon Tue Thu Fri Sat Sun,27-Oct-2024,10-Nov-2024
Hyderabad (HYD),Jodhpur (JDH),6E  0297,14:55,17:00,,Every Mon Tue Thu Fri Sat Sun,27-Oct-2024,03-Nov-2024
Durgapur (RDP),Hyderabad (HYD),6E  0598,14:55,16:55,,Every Mon Tue Wed Thu Fri Sun,27-Oct-2024,10-Nov-2024
Madurai (IXM),Hyderabad (HYD),6E  6782,14:55,16:30,,Every Mon Tue Wed Thu Sat Sun,27-Oct-2024,03-Nov-2024
Agra (AGR),Bengaluru (BLR),6E  0942,14:55,17:35,,Every Mon Wed Fri Sun,27-Oct-2024,28-Mar-2025
Kozhikode (CCJ),Bengaluru (BLR),6E  7006,14:55,16:10,,Every Mon Wed Thu Fri Sat Sun,27-Oct-2024,29-Mar-2025
Mumbai (BOM),Delhi (DEL),6E  2328,15:00,17:10,,Daily,27-Oct-2024,05-Jan-2025
Delhi (DEL),Mumbai (BOM),6E  6022,15:00,17:20,,Daily,27-Oct-2024,05-Jan-2025
Delhi (DEL),Kolkata (CCU),6E  2218,15:00,17:10,,Daily,27-Oct-2024,29-Mar-2025
Kolkata (CCU),Chennai (MAA),6E  0892,15:00,17:25,,Daily,27-Oct-2024,16-Nov-2024
Chennai (MAA),Kolkata (CCU),6E  0986,15:00,17:15,,Daily,27-Oct-2024,17-Nov-2024
Agartala (IXA),Delhi (DEL),6E  2183,15:00,17:55,,Daily,27-Oct-2024,29-Mar-2025
Colombo (CMB),Hyderabad (HYD),6E  1182,15:00,16:55,,Every Mon Tue Thu Fri Sat Sun,27-Oct-2024,29-Mar-2025
Kolkata (CCU),Hyderabad (HYD),6E  6908,15:00,17:15,,Every Mon Tue Wed Sun,27-Oct-2024,30-Oct-2024
Bengaluru (BLR),Jaipur (JAI),6E  0469,15:05,17:45,,Daily,27-Oct-2024,29-Mar-2025
Kathmandu (KTM),Mumbai (BOM),6E  1158,15:05,17:45,,Daily,27-Oct-2024,29-Mar-2025
Visakhapatnam (VTZ),Kolkata (CCU),6E  6038,15:05,16:40,,Daily,27-Oct-2024,29-Mar-2025
Goa (GOI),Delhi (DEL),6E  6449,15:05,17:40,,Daily,27-Oct-2024,29-Mar-2025
Lucknow (LKO),Delhi (DEL),6E  2077,15:05,16:15,,Daily,27-Oct-2024,29-Mar-2025
Patna (PAT),Lucknow (LKO),6E  0925,15:05,16:15,,Every Mon Tue Thu Fri Sat Sun,27-Oct-2024,29-Mar-2025
Udaipur (UDR),Delhi (DEL),6E  2102,15:05,16:25,,Every Mon Tue Wed Thu Sun,27-Oct-2024,03-Nov-2024
Bengaluru (BLR),Kolkata (CCU),6E  6572,15:10,17:40,,Daily,27-Oct-2024,29-Mar-2025
Kolkata (CCU),Bengaluru (BLR),6E  0958,15:10,17:50,,Daily,27-Oct-2024,29-Mar-2025
Goa (GOI),Bengaluru (BLR),6E  0633,15:10,16:25,,Daily,27-Oct-2024,29-Mar-2025
Mumbai (BOM),Gorakhpur (GOP),6E  0544,15:10,17:20,,Daily,27-Oct-2024,29-Mar-2025
Mumbai (BOM),Mangalore (IXE),6E  0165,15:10,16:40,,Daily,27-Oct-2024,29-Mar-2025
Visakhapatnam (VTZ),Mumbai (BOM),6E  5247,15:10,17:20,,Daily,27-Oct-2024,29-Mar-2025
Delhi (DEL),Chandigarh (IXC),6E  2196,15:10,16:10,,Daily,27-Oct-2024,29-Mar-2025
Prayagraj (IXD),Delhi (DEL),6E  2439,15:10,16:35,,Daily,27-Oct-2024,29-Mar-2025
Delhi (DEL),Udaipur (UDR),6E  2132,15:10,16:30,,Daily,27-Oct-2024,29-Mar-2025
Mopa(GOX),Vadodara (BDQ),6E  0104,15:10,16:40,,Every Mon Tue Thu Fri Sat Sun,27-Oct-2024,29-Mar-2025
Bengaluru (BLR),Hubli (HBX),6E  7162,15:10,16:35,,Every Mon Wed Fri Sun,27-Oct-2024,28-Mar-2025
Bengaluru (BLR),Mumbai (BOM),6E  5351,15:15,16:55,,Daily,27-Oct-2024,29-Mar-2025
Tuticorin (TCR),Bengaluru (BLR),6E  7736,15:15,16:50,,Daily,27-Oct-2024,29-Mar-2025
Mumbai (BOM),Kolkata (CCU),6E  5354,15:15,17:50,,Daily,27-Oct-2024,29-Mar-2025
Mumbai (BOM),Raipur (RPR),6E  5328,15:15,17:05,,Daily,27-Oct-2024,29-Mar-2025
Hyderabad (HYD),Delhi (DEL),6E  2767,15:15,17:40,,Daily,27-Oct-2024,29-Mar-2025
Bengaluru (BLR),Hyderabad (HYD),6E  0181,15:15,16:35,,Every Mon Wed Thu Fri Sat Sun,27-Oct-2024,29-Mar-2025
Aizawl (AJL),Kolkata (CCU),6E  6519,15:20,16:30,,Daily,27-Oct-2024,29-Mar-2025
Indore (IDR),Ahmedabad (AMD),6E  7726,15:20,16:35,,Daily,27-Oct-2024,29-Mar-2025
Bhubaneshwar (BBI),Kolkata (CCU),6E  7352,15:20,16:30,,Daily,27-Oct-2024,29-Mar-2025
Prayagraj (IXD),Raipur (RPR),6E  7371,15:20,16:55,,Daily,27-Oct-2024,29-Mar-2025
Prayagraj (IXD),Bhopal (BHO),6E  7371,15:20,18:45,RPR,Daily,27-Oct-2024,29-Mar-2025
Bengaluru (BLR),Delhi (DEL),6E  2174,15:20,18:05,,Daily,27-Oct-2024,29-Mar-2025
Mumbai (BOM),Dubai (DXB),6E  1453,15:20,17:20,,Daily,27-Oct-2024,29-Mar-2025
Goa (GOI),Kolkata (CCU),6E  0162,15:20,18:10,,Daily,27-Oct-2024,29-Mar-2025
Shirdi (SAG),Bengaluru (BLR),6E  0356,15:20,16:50,,Daily,27-Oct-2024,29-Mar-2025
Shirdi (SAG),Chennai (MAA),6E  0356,15:20,18:30,BLR,Daily,27-Oct-2024,29-Mar-2025
Surat (STV),Goa (GOI),6E  0419,15:20,16:40,,Every Mon Tue Wed Thu Fri Sun,27-Oct-2024,01-Nov-2024
Delhi (DEL),Srinagar (SXR),6E  5084,15:20,17:00,,Every Mon Wed Fri Sat Sun,27-Oct-2024,02-Nov-2024
Delhi (DEL),Hubli (HBX),6E  2647,15:20,18:00,,Every Mon Wed Fri Sun,27-Oct-2024,15-Nov-2024
Diu Airport(DIU),Ahmedabad (AMD),6E  7969,15:25,16:35,,Daily,27-Oct-2024,29-Mar-2025
Mumbai (BOM),Bengaluru (BLR),6E  5294,15:25,17:15,,Daily,27-Oct-2024,29-Mar-2025
Hirasar Airport(HSR),Bengaluru (BLR),6E  6508,15:25,17:20,,Daily,27-Oct-2024,29-Mar-2025
Bengaluru (BLR),Chandigarh (IXC),6E  0851,15:25,18:25,,Daily,27-Oct-2024,29-Mar-2025
Lucknow (LKO),Goa (GOI),6E  0399,15:25,17:55,,Daily,27-Oct-2024,29-Mar-2025
Aizawl (AJL),Delhi (DEL),6E  0158,15:30,18:40,,Daily,27-Oct-2024,29-Mar-2025
Mumbai (BOM),Ahmedabad (AMD),6E  5201,15:30,16:40,,Daily,27-Oct-2024,29-Mar-2025
Kolkata (CCU),Bhubaneshwar (BBI),6E  7583,15:30,16:55,,Daily,27-Oct-2024,29-Mar-2025
Delhi (DEL),Bengaluru (BLR),6E  6054,15:30,18:20,,Daily,27-Oct-2024,29-Mar-2025
Bengaluru (BLR),Goa (GOI),6E  6755,15:30,16:50,,Daily,27-Oct-2024,29-Mar-2025
Coimbatore (CJB),Mumbai (BOM),6E  0658,15:30,17:30,,Daily,27-Oct-2024,30-Nov-2024
Kanpur (KNU),Mumbai (BOM),6E  6077,15:30,17:40,,Daily,27-Oct-2024,29-Mar-2025
Hyderabad (HYD),Coimbatore (CJB),6E  6646,15:30,16:55,,Daily,27-Oct-2024,29-Mar-2025
Bagdogra (IXB),Delhi (DEL),6E  2241,15:30,17:50,,Daily,27-Oct-2024,03-Nov-2024
Rajahmundry (RJA),Hyderabad (HYD),6E  7312,15:30,16:40,,Daily,27-Oct-2024,29-Mar-2025
Hyderabad (HYD),Vijayawada (VGA),6E  7277,15:30,16:30,,Daily,27-Oct-2024,29-Mar-2025
Ahmedabad (AMD),Jaipur (JAI),6E  7261,15:30,17:10,,Daily,27-Oct-2024,30-Nov-2024
Chennai (MAA),Tiruchirappalli (TRZ),6E  7199,15:30,16:40,,Daily,27-Oct-2024,29-Mar-2025
Varanasi (VNS),Bengaluru (BLR),6E  0144,15:30,17:55,,Every Mon Tue Wed Thu Sat Sun,27-Oct-2024,03-Nov-2024
Varanasi (VNS),Kochi (COK),6E  0144,15:30,19:45,BLR,Every Mon Tue Wed Thu Sat Sun,27-Oct-2024,03-Nov-2024
Delhi (DEL),Hyderabad (HYD),6E  2243,15:30,17:45,,Every Mon Tue Wed Thu Sat Sun,27-Oct-2024,03-Nov-2024
Tirupati (TIR),Hyderabad (HYD),6E  7694,15:30,16:50,,Every Mon Tue Wed Thu Sat Sun,27-Oct-2024,03-Nov-2024
Bengaluru (BLR),Kochi (COK),6E  0602,15:30,16:40,,Every Mon Wed Thu Fri Sat Sun,27-Oct-2024,29-Mar-2025
Jagdalpur (JGB),Hyderabad (HYD),6E  7105,15:30,16:45,,Every Wed Sat Sun,27-Oct-2024,29-Mar-2025
Ahmedabad (AMD),Bhopal (BHO),6E  7568,15:35,17:05,,Daily,27-Oct-2024,29-Mar-2025
Sharjah (SHJ),Amritsar (ATQ),6E  1428,15:35,20:05,,Daily,27-Oct-2024,29-Mar-2025
Bangkok (BKK),Mumbai (BOM),6E  1052,15:35,18:50,,Daily,27-Oct-2024,29-Mar-2025
Jodhpur (JDH),Mumbai (BOM),6E  5257,15:35,17:25,,Daily,27-Oct-2024,03-Nov-2024
Delhi (DEL),Jharsuguda (JRG),6E  0458,15:35,17:25,,Daily,27-Oct-2024,29-Mar-2025
Delhi (DEL),Raipur (RPR),6E  2092,15:35,17:25,,Daily,27-Oct-2024,29-Mar-2025
Hyderabad (HYD),Nasik(ISK),6E  7136,15:35,17:25,,Daily,27-Oct-2024,29-Mar-2025
Madurai (IXM),Chennai (MAA),6E  7684,15:35,16:55,,Daily,27-Oct-2024,29-Mar-2025
Chennai (MAA),Rajahmundry (RJA),6E  7334,15:35,17:05,,Daily,27-Oct-2024,29-Mar-2025
Ayodhya (AYJ),Hyderabad (HYD),6E  0932,15:35,17:45,,Every Mon Fri Sun,27-Oct-2024,28-Mar-2025
Chandigarh (IXC),Jaipur (JAI),6E  7517,15:35,17:00,,Every Mon Tue Thu Fri Sun,27-Oct-2024,28-Mar-2025
Chandigarh (IXC),Udaipur (UDR),6E  7517,15:35,18:35,JAI,Every Mon Tue Thu Fri Sun,27-Oct-2024,28-Mar-2025
Ayodhya (AYJ),Delhi (DEL),6E  2702,15:40,17:15,,Daily,27-Oct-2024,29-Mar-2025
Nasik(ISK),Bengaluru (BLR),6E  6754,15:40,17:30,,Daily,27-Oct-2024,29-Mar-2025
Kozhikode (CCJ),Mumbai (BOM),6E  2067,15:40,17:35,,Daily,27-Oct-2024,29-Mar-2025
Mumbai (BOM),Dehradun (DED),6E  0953,15:40,18:00,,Daily,27-Oct-2024,29-Mar-2025
Kannur (CNN),Doha (DOH),6E  1325,15:40,17:55,,Daily,27-Oct-2024,29-Mar-2025
Delhi (DEL),Hirasar Airport(HSR),6E  2187,15:40,17:25,,Daily,27-Oct-2024,29-Mar-2025
Delhi (DEL),Ranchi (IXR),6E  2093,15:40,17:25,,Daily,27-Oct-2024,29-Mar-2025
Hyderabad (HYD),Goa (GOI),6E  0121,15:40,16:55,,Daily,27-Oct-2024,29-Mar-2025
Chennai (MAA),Pune (PNQ),6E  0183,15:40,17:10,,Daily,27-Oct-2024,29-Mar-2025
Shirdi (SAG),Chennai (MAA),6E  2002,15:40,17:35,,Daily,27-Oct-2024,29-Nov-2024
Ahmedabad (AMD),Ranchi (IXR),6E  6493,15:45,17:45,,Daily,27-Oct-2024,29-Mar-2025
Bengaluru (BLR),Vijayawada (VGA),6E  7223,15:45,17:20,,Daily,27-Oct-2024,29-Mar-2025
Mumbai (BOM),Chennai (MAA),6E  5196,15:45,17:40,,Daily,27-Oct-2024,30-Nov-2024
Patna (PAT),Mumbai (BOM),6E  2167,15:45,18:45,,Daily,27-Oct-2024,29-Mar-2025
Kolkata (CCU),Dhaka (DAC),6E  1105,15:45,17:15,,Daily,27-Oct-2024,29-Mar-2025
Chennai (MAA),Coimbatore (CJB),6E  0982,15:45,17:05,,Daily,27-Oct-2024,02-Nov-2024
Hyderabad (HYD),Belgaum (IXG),6E  7512,15:45,17:10,,Daily,27-Oct-2024,29-Mar-2025
Chennai (MAA),Madurai (IXM),6E  7301,15:45,17:10,,Daily,27-Oct-2024,29-Mar-2025
Salem (SXV),Chennai (MAA),6E  7112,15:45,16:45,,Daily,27-Oct-2024,29-Mar-2025
Pune (PNQ),Chennai (MAA),6E  0625,15:45,17:30,,Every Mon Tue Wed Thu Fri Sun,27-Oct-2024,28-Mar-2025
Shillong (SHL),Kolkata (CCU),6E  7309,15:45,17:30,,Every Tue Thu Sat Sun,27-Oct-2024,29-Mar-2025
Ahmedabad (AMD),Delhi (DEL),6E  2261,15:50,17:25,,Daily,27-Oct-2024,29-Mar-2025
Male (MLE),Bengaluru (BLR),6E  1128,15:50,18:15,,Daily,27-Oct-2024,29-Mar-2025
Jakarta (CGK),Mumbai (BOM),6E  1602,15:50,21:05,,Daily,27-Oct-2024,29-Mar-2025
Mumbai (BOM),Jaipur (JAI),6E  0241,15:50,17:35,,Daily,27-Oct-2024,29-Mar-2025
Chennai (MAA),Guwahati (GAU),6E  6011,15:50,18:25,,Daily,27-Oct-2024,29-Mar-2025
Raipur (RPR),Pune (PNQ),6E  6895,15:50,17:35,,Daily,27-Oct-2024,29-Mar-2025
Patna (PAT),Kolkata (CCU),6E  0775,15:55,17:00,,Daily,27-Oct-2024,29-Mar-2025
Kadapa (CDP),Hyderabad (HYD),6E  7097,15:55,17:05,,Daily,27-Oct-2024,29-Mar-2025
Dehradun (DED),Delhi (DEL),6E  2116,15:55,16:45,,Daily,27-Oct-2024,29-Mar-2025
Hyderabad (HYD),Tiruchirappalli (TRZ),6E  2073,15:55,17:25,,Daily,27-Oct-2024,29-Mar-2025
Jaffna (JAF),Chennai (MAA),6E  1178,15:55,17:10,,Daily,27-Oct-2024,10-Nov-2024
Chennai (MAA),Visakhapatnam (VTZ),6E  0917,15:55,17:10,,Daily,27-Oct-2024,29-Mar-2025
Pune (PNQ),Ahmedabad (AMD),6E  6553,15:55,17:20,,Every Mon Tue Thu Fri Sun,27-Oct-2024,28-Mar-2025
Chandigarh (IXC),Hyderabad (HYD),6E  6254,15:55,18:25,,Every Mon Tue Wed Thu Sat Sun,27-Oct-2024,03-Nov-2024
Indore (IDR),Jaipur (JAI),6E  7109,15:55,17:30,,Every Mon Wed Fri Sun,27-Oct-2024,15-Dec-2024
Prayagraj (IXD),Lucknow (LKO),6E  7936,15:55,16:45,,Every Mon Wed Fri Sun,27-Oct-2024,26-Mar-2025
Kochi (COK),Chennai (MAA),6E  0182,15:55,17:05,,Every Mon Wed Thu Fri Sat Sun,27-Oct-2024,29-Mar-2025
Coimbatore (CJB),Chennai (MAA),6E  0848,16:00,17:00,,Daily,27-Oct-2024,10-Nov-2024
Coimbatore (CJB),Ahmedabad (AMD),6E  0848,16:00,20:00,MAA,Daily,27-Oct-2024,10-Nov-2024
Mumbai (BOM),Delhi (DEL),6E  0359,16:00,18:15,,Daily,27-Oct-2024,13-Nov-2024
Delhi (DEL),Mumbai (BOM),6E  6318,16:00,18:20,,Daily,27-Oct-2024,05-Jan-2025
Kolkata (CCU),Varanasi (VNS),6E  6501,16:00,17:15,,Daily,27-Oct-2024,29-Mar-2025
Delhi (DEL),Jaipur (JAI),6E  2204,16:00,16:55,,Daily,27-Oct-2024,29-Nov-2024
Chennai (MAA),Delhi (DEL),6E  2761,16:00,19:00,,Daily,27-Oct-2024,29-Mar-2025
Varanasi (VNS),Delhi (DEL),6E  5040,16:00,17:30,,Daily,27-Oct-2024,29-Mar-2025
Hyderabad (HYD),Patna (PAT),6E  6223,16:00,17:55,,Daily,27-Oct-2024,29-Mar-2025
Colombo (CMB),Mumbai (BOM),6E  1186,16:00,18:40,,Every Mon Tue Thu Fri Sat Sun,27-Oct-2024,29-Mar-2025
Bagdogra (IXB),Durgapur (RDP),6E  7505,16:00,17:05,,Every Mon Wed Fri Sun,27-Oct-2024,28-Mar-2025
Bagdogra (IXB),Bhubaneshwar (BBI),6E  7505,16:00,19:05,RDP,Every Mon Wed Fri Sun,27-Oct-2024,28-Mar-2025
Kochi (COK),Hyderabad (HYD),6E  6681,16:00,17:30,,Every Mon Wed Thu Fri Sat Sun,27-Oct-2024,29-Mar-2025
Dibrugarh (DIB),Kolkata (CCU),6E  6102,16:05,18:00,,Daily,27-Oct-2024,29-Mar-2025
Pantnagar (PGH),Delhi (DEL),6E  7325,16:05,17:00,,Daily,27-Oct-2024,29-Mar-2025
Ahmedabad (AMD),Lucknow (LKO),6E  0935,16:05,17:45,,Every Mon Tue Thu Fri Sat Sun,27-Oct-2024,29-Mar-2025
Agartala (IXA),Bengaluru (BLR),6E  0525,16:05,19:10,,Every Mon Wed Fri Sun,27-Oct-2024,28-Mar-2025
Kochi (COK),Delhi (DEL),6E  2382,16:05,19:20,,Every Mon Wed Thu Fri Sat Sun,27-Oct-2024,29-Mar-2025
Ahmedabad (AMD),Hyderabad (HYD),6E  6594,16:10,17:50,,Daily,27-Oct-2024,29-Mar-2025
Ahmedabad (AMD),Coimbatore (CJB),6E  6594,16:10,19:55,HYD,Daily,27-Oct-2024,29-Mar-2025
Bengaluru (BLR),Vadodara (BDQ),6E  0807,16:10,18:20,,Daily,27-Oct-2024,29-Mar-2025
Mumbai (BOM),Chandigarh (IXC),6E  5178,16:10,18:15,,Daily,27-Oct-2024,09-Nov-2024
Imphal (IMF),Kolkata (CCU),6E  0276,16:10,17:25,,Daily,27-Oct-2024,29-Mar-2025
Chandigarh (IXC),Delhi (DEL),6E  2267,16:10,17:10,,Daily,27-Oct-2024,29-Mar-2025
Delhi (DEL),Patna (PAT),6E  2214,16:10,17:45,,Daily,27-Oct-2024,29-Nov-2024
Delhi (DEL),Surat (STV),6E  2236,16:10,18:05,,Daily,27-Oct-2024,29-Mar-2025
Hyderabad (HYD),Doha (DOH),6E  1317,16:10,18:20,,Daily,27-Oct-2024,29-Mar-2025
Chandigarh (IXC),Dubai (DXB),6E  1481,16:10,18:45,,Daily,27-Oct-2024,24-Nov-2024
Bengaluru (BLR),Hyderabad (HYD),6E  6067,16:10,17:25,,Every Mon Tue Thu Fri Sat Sun,27-Oct-2024,03-Nov-2024
Raipur (RPR),Ahmedabad (AMD),6E  0645,16:15,18:05,,Daily,27-Oct-2024,29-Mar-2025
Lucknow (LKO),Mumbai (BOM),6E  6222,16:15,18:45,,Daily,27-Oct-2024,29-Mar-2025
Kolkata (CCU),Agartala (IXA),6E  6173,16:15,17:10,,Daily,27-Oct-2024,29-Mar-2025
Hyderabad (HYD),Varanasi (VNS),6E  6719,16:15,18:15,,Daily,27-Oct-2024,29-Mar-2025
Tuticorin (TCR),Chennai (MAA),6E  7188,16:15,17:50,,Daily,27-Oct-2024,29-Mar-2025
Amritsar (ATQ),Bengaluru (BLR),6E  0478,16:15,19:20,,Every Mon Wed Sun,27-Oct-2024,30-Oct-2024
Bengaluru (BLR),Visakhapatnam (VTZ),6E  0969,16:15,17:45,,Every Tue Wed Thu Fri Sun,27-Oct-2024,03-Nov-2024
Ahmedabad (AMD),Bengaluru (BLR),6E  0863,16:20,18:40,,Daily,27-Oct-2024,29-Mar-2025
Bengaluru (BLR),Madurai (IXM),6E  7258,16:20,17:50,,Daily,27-Oct-2024,29-Mar-2025
Delhi (DEL),Goa (GOI),6E  2028,16:20,18:55,,Daily,27-Oct-2024,29-Mar-2025
Gorakhpur (GOP),Delhi (DEL),6E  5315,16:20,17:50,,Daily,27-Oct-2024,29-Mar-2025
Shirdi (SAG),Delhi (DEL),6E  2273,16:20,18:15,,Daily,27-Oct-2024,29-Mar-2025
Tirupati (TIR),Hyderabad (HYD),6E  7698,16:20,17:50,,Daily,27-Oct-2024,29-Mar-2025
Kolkata (CCU),Guwahati (GAU),6E  6344,16:20,17:30,,Every Mon Wed Fri Sun,27-Oct-2024,28-Mar-2025
Indore (IDR),Lucknow (LKO),6E  7422,16:20,18:15,,Every Mon Wed Fri Sun,27-Oct-2024,28-Mar-2025
Raipur (RPR),Kolkata (CCU),6E  0801,16:25,17:45,,Daily,27-Oct-2024,29-Mar-2025
Dhaka (DAC),Delhi (DEL),6E  1104,16:25,19:00,,Daily,27-Oct-2024,29-Mar-2025
Hyderabad (HYD),Bhubaneshwar (BBI),6E  6197,16:25,17:55,,Every Mon Tue Wed Fri Sat Sun,27-Oct-2024,29-Mar-2025
Ahmedabad (AMD),Kolkata (CCU),6E  6556,16:30,18:50,,Daily,27-Oct-2024,29-Mar-2025
Bengaluru (BLR),Delhi (DEL),6E  2306,16:30,19:20,,Daily,27-Oct-2024,29-Mar-2025
Delhi (DEL),Bengaluru (BLR),6E  0781,16:30,19:15,,Daily,27-Oct-2024,29-Mar-2025
Chandigarh (IXC),Bengaluru (BLR),6E  0429,16:30,19:40,,Daily,27-Oct-2024,29-Mar-2025
Mumbai (BOM),Hyderabad (HYD),6E  5228,16:30,18:00,,Daily,27-Oct-2024,29-Mar-2025
Kolkata (CCU),Delhi (DEL),6E  2602,16:30,19:00,,Daily,27-Oct-2024,29-Mar-2025
Delhi (DEL),Kolkata (CCU),6E  2249,16:30,18:35,,Daily,27-Oct-2024,29-Mar-2025
Dehradun (DED),Lucknow (LKO),6E  0518,16:30,17:30,,Daily,27-Oct-2024,29-Mar-2025
Dehradun (DED),Chennai (MAA),6E  0518,16:30,20:40,LKO,Daily,27-Oct-2024,29-Mar-2025
Guwahati (GAU),Delhi (DEL),6E  0265,16:30,19:20,,Daily,27-Oct-2024,29-Mar-2025
Delhi (DEL),Nagpur (NAG),6E  2212,16:30,18:15,,Daily,27-Oct-2024,29-Mar-2025
Srinagar (SXR),Delhi (DEL),6E  5070,16:30,17:55,,Daily,27-Oct-2024,02-Nov-2024
Jammu (IXJ),Delhi (DEL),6E  2044,16:30,17:50,,Every Mon Tue Thu Fri Sat Sun,27-Oct-2024,10-Nov-2024
Goa (GOI),Mumbai (BOM),6E  5231,16:30,17:50,,Every Mon Tue Wed Thu Sat Sun,27-Oct-2024,03-Nov-2024
Mumbai (BOM),Vijayawada (VGA),6E  5183,16:30,18:10,,Every Mon Tue Wed Thu Sat Sun,27-Oct-2024,03-Nov-2024
Indore (IDR),Mumbai (BOM),6E  2389,16:30,17:50,,Every Mon Tue Wed Thu Sun,27-Oct-2024,31-Oct-2024
Bengaluru (BLR),Chennai (MAA),6E  6012,16:30,17:30,,Every Mon Wed Fri Sun,27-Oct-2024,28-Mar-2025
Shirdi (SAG),Hyderabad (HYD),6E  6063,16:30,17:35,,Every Mon Wed Thu Fri Sat Sun,27-Oct-2024,29-Mar-2025
Mumbai (BOM),Indore (IDR),6E  0843,16:35,17:55,,Daily,27-Oct-2024,29-Mar-2025
Madurai (IXM),Mumbai (BOM),6E  2012,16:35,18:55,,Daily,27-Oct-2024,29-Mar-2025
Surat (STV),Jaipur (JAI),6E  0784,16:35,18:00,,Daily,27-Oct-2024,29-Mar-2025
Surat (STV),Kolkata (CCU),6E  0784,16:35,20:40,JAI,Daily,27-Oct-2024,29-Mar-2025
Delhi (DEL),Lucknow (LKO),6E  5090,16:35,17:50,,Daily,27-Oct-2024,29-Mar-2025
Lucknow (LKO),Delhi (DEL),6E  5357,16:35,17:45,,Daily,27-Oct-2024,29-Mar-2025
Patna (PAT),Delhi (DEL),6E  5007,16:35,18:25,,Daily,27-Oct-2024,29-Mar-2025
Pune (PNQ),Delhi (DEL),6E  6587,16:35,18:50,,Daily,27-Oct-2024,30-Nov-2024
Mopa(GOX),Chennai (MAA),6E  6975,16:35,18:05,,Daily,27-Oct-2024,29-Mar-2025
Chennai (MAA),Ranchi (IXR),6E  6113,16:35,18:35,,Daily,27-Oct-2024,29-Mar-2025
Jammu (IXJ),Srinagar (SXR),6E  0559,16:35,17:15,,Every Mon Tue Thu Fri Sat Sun,27-Oct-2024,02-Nov-2024
Visakhapatnam (VTZ),Hyderabad (HYD),6E  0783,16:35,18:00,,Every Mon Tue Wed Thu Fri Sun,27-Oct-2024,10-Nov-2024
Guwahati (GAU),Chennai (MAA),6E  0119,16:35,19:45,,Every Mon Tue Wed Thu Sun,27-Oct-2024,31-Oct-2024
Nasik(ISK),Nagpur (NAG),6E  7467,16:35,18:05,,Every Mon Wed Fri Sun,27-Oct-2024,13-Dec-2024
Nasik(ISK),Lucknow (LKO),6E  7467,16:35,20:20,NAG,Every Mon Wed Fri Sun,27-Oct-2024,13-Dec-2024
Mumbai (BOM),Ahmedabad (AMD),6E  0802,16:40,17:50,,Daily,27-Oct-2024,29-Mar-2025
Vadodara (BDQ),Hyderabad (HYD),6E  2179,16:40,18:15,,Daily,27-Oct-2024,29-Mar-2025
Bengaluru (BLR),Nagpur (NAG),6E  6891,16:40,18:25,,Daily,27-Oct-2024,29-Mar-2025
Kolkata (CCU),Mumbai (BOM),6E  5087,16:40,19:50,,Daily,27-Oct-2024,29-Mar-2025
Chandigarh (IXC),Mumbai (BOM),6E  6203,16:40,19:05,,Daily,27-Oct-2024,29-Mar-2025
Chennai (MAA),Mumbai (BOM),6E  5091,16:40,18:55,,Daily,27-Oct-2024,29-Mar-2025
Delhi (DEL),Doha (DOH),6E  1345,16:40,18:50,,Daily,27-Oct-2024,29-Mar-2025
Phuket (HKT),Delhi (DEL),6E  1082,16:40,20:05,,Daily,27-Oct-2024,29-Mar-2025
Kathmandu (KTM),Delhi (DEL),6E  1156,16:40,18:40,,Daily,27-Oct-2024,29-Mar-2025
Pune (PNQ),Patna (PAT),6E  0653,16:40,19:00,,Daily,27-Oct-2024,29-Mar-2025
Mumbai (BOM),Nagpur (NAG),6E  5035,16:40,18:10,,Every Mon Tue Wed Thu Sun,27-Oct-2024,31-Oct-2024
Mumbai (BOM),Jeddah (JED),6E  0061,16:40,20:05,,Every Mon Wed Thu Fri Sat Sun,27-Oct-2024,29-Mar-2025
Kochi (COK),Doha (DOH),6E  1323,16:40,19:05,,Every Mon Wed Thu Fri Sat Sun,27-Oct-2024,29-Mar-2025
Guwahati (GAU),Bengaluru (BLR),6E  0316,16:45,20:10,,Daily,27-Oct-2024,29-Mar-2025
Kolkata (CCU),Ahmedabad (AMD),6E  0292,16:45,19:40,,Daily,27-Oct-2024,29-Mar-2025
Durgapur (RDP),Delhi (DEL),6E  2153,16:45,19:00,,Daily,27-Oct-2024,29-Mar-2025
Durgapur (RDP),Ahmedabad (AMD),6E  2153,16:45,21:40,DEL,Daily,27-Oct-2024,29-Mar-2025
Bengaluru (BLR),Mumbai (BOM),6E  5073,16:45,18:35,,Daily,27-Oct-2024,29-Mar-2025
Mumbai (BOM),Bengaluru (BLR),6E  5221,16:45,18:30,,Daily,27-Oct-2024,29-Mar-2025
Kolhapur (KLH),Bengaluru (BLR),6E  7448,16:45,18:20,,Daily,27-Oct-2024,29-Mar-2025
Chennai (MAA),Bengaluru (BLR),6E  0847,16:45,17:45,,Daily,27-Oct-2024,29-Mar-2025
Tirupati (TIR),Bengaluru (BLR),6E  7738,16:45,17:45,,Daily,27-Oct-2024,29-Mar-2025
Ranchi (IXR),Mumbai (BOM),6E  0298,16:45,19:30,,Daily,27-Oct-2024,29-Mar-2025
Coimbatore (CJB),Goa (GOI),6E  7004,16:45,18:35,,Daily,27-Oct-2024,29-Mar-2025
Hyderabad (HYD),Vijayawada (VGA),6E  7391,16:45,17:50,,Daily,27-Oct-2024,29-Mar-2025
Mumbai (BOM),Goa (GOI),6E  5015,16:50,18:05,,Daily,27-Oct-2024,10-Nov-2024
GAYA (GAY),Kolkata (CCU),6E  6157,16:50,17:55,,Daily,27-Oct-2024,29-Mar-2025
Lucknow (LKO),Bengaluru (BLR),6E  0435,16:50,19:25,,Daily,27-Oct-2024,29-Mar-2025
Lucknow (LKO),Kochi (COK),6E  0435,16:50,21:10,BLR,Daily,27-Oct-2024,29-Mar-2025
Delhi (DEL),Aurangabad (IXU),6E  2324,16:50,18:40,,Daily,27-Oct-2024,10-Nov-2024
Guwahati (GAU),Hyderabad (HYD),6E  0187,16:50,19:50,,Daily,27-Oct-2024,29-Mar-2025
Chennai (MAA),Goa (GOI),6E  0588,16:50,18:25,,Daily,27-Oct-2024,29-Mar-2025
Vijayawada (VGA),Hyderabad (HYD),6E  7288,16:50,17:55,,Daily,27-Oct-2024,29-Mar-2025
Bengaluru (BLR),Lucknow (LKO),6E  0451,16:50,19:20,,Every Tue Wed Thu Fri Sat Sun,27-Oct-2024,03-Nov-2024
Mumbai (BOM),Phuket (HKT),6E  1911,16:55,23:05,,Daily,27-Oct-2024,29-Mar-2025
Hyderabad (HYD),Mumbai (BOM),6E  5259,16:55,18:40,,Daily,27-Oct-2024,26-Nov-2024
Bagdogra (IXB),Delhi (DEL),6E  2604,16:55,19:10,,Daily,27-Oct-2024,29-Mar-2025
Delhi (DEL),Varanasi (VNS),6E  2235,16:55,18:25,,Daily,27-Oct-2024,29-Mar-2025
Hubli (HBX),Pune (PNQ),6E  7068,16:55,18:05,,Every Mon Wed Fri Sun,27-Oct-2024,28-Mar-2025
Hirasar Airport(HSR),Pune (PNQ),6E  6561,16:55,18:15,,Every Tue Thu Sun,27-Oct-2024,27-Mar-2025
Hirasar Airport(HSR),Kolkata (CCU),6E  6561,16:55,21:20,PNQ,Every Tue Thu Sun,27-Oct-2024,27-Mar-2025
Lucknow (LKO),Hyderabad (HYD),6E  0488,16:55,18:50,,Every Tue Thu Sun,27-Oct-2024,27-Mar-2025
Bengaluru (BLR),Ahmedabad (AMD),6E  0239,17:00,19:20,,Daily,27-Oct-2024,29-Mar-2025
Varanasi (VNS),Ahmedabad (AMD),6E  6414,17:00,19:05,,Daily,27-Oct-2024,29-Mar-2025
Bhubaneshwar (BBI),Mumbai (BOM),6E  5054,17:00,19:35,,Daily,27-Oct-2024,29-Mar-2025
Mumbai (BOM),Delhi (DEL),6E  2302,17:00,19:10,,Daily,27-Oct-2024,11-Jan-2025
Guwahati (GAU),Mumbai (BOM),6E  6342,17:00,20:45,,Daily,27-Oct-2024,12-Jan-2025
Kolkata (CCU),Hyderabad (HYD),6E  6528,17:00,19:15,,Daily,27-Oct-2024,29-Mar-2025
Delhi (DEL),Hyderabad (HYD),6E  6217,17:00,19:15,,Daily,27-Oct-2024,29-Mar-2025
Udaipur (UDR),Delhi (DEL),6E  2149,17:00,18:20,,Daily,27-Oct-2024,29-Mar-2025
Indore (IDR),Raipur (RPR),6E  0813,17:00,18:15,,Daily,27-Oct-2024,29-Mar-2025
Hyderabad (HYD),Chennai (MAA),6E  0668,17:00,18:20,,Daily,27-Oct-2024,24-Nov-2024
Tiruchirappalli (TRZ),Chennai (MAA),6E  7242,17:00,18:00,,Daily,27-Oct-2024,29-Mar-2025
Pune (PNQ),Bengaluru (BLR),6E  0137,17:00,18:30,,Every Mon Tue Wed Thu Fri Sun,27-Oct-2024,28-Mar-2025
Delhi (DEL),Mumbai (BOM),6E  0864,17:00,19:20,,Every Mon Tue Wed Thu Sat Sun,27-Oct-2024,03-Nov-2024
Bengaluru (BLR),Coimbatore (CJB),6E  0914,17:00,18:00,,Every Tue Wed Thu Fri Sat Sun,27-Oct-2024,03-Nov-2024
Ahmedabad (AMD),Indore (IDR),6E  7725,17:05,18:15,,Daily,27-Oct-2024,29-Mar-2025
Ayodhya (AYJ),Mumbai (BOM),6E  5117,17:05,19:25,,Daily,27-Oct-2024,29-Mar-2025
Bengaluru (BLR),Kolkata (CCU),6E  0223,17:05,19:35,,Daily,27-Oct-2024,29-Mar-2025
Bengaluru (BLR),Thiruvananthapuram (TRV),6E  6628,17:05,18:25,,Daily,27-Oct-2024,03-Nov-2024
Gorakhpur (GOP),Kolkata (CCU),6E  7306,17:05,18:50,,Daily,27-Oct-2024,29-Mar-2025
Kolkata (CCU),Bagdogra (IXB),6E  6134,17:05,18:10,,Daily,27-Oct-2024,30-Nov-2024
Hyderabad (HYD),Delhi (DEL),6E  2312,17:05,19:25,,Daily,27-Oct-2024,10-Nov-2024
Lucknow (LKO),Jaipur (JAI),6E  7027,17:05,18:45,,Daily,27-Oct-2024,29-Mar-2025
Delhi (DEL),Bhubaneshwar (BBI),6E  2023,17:10,19:15,,Daily,27-Oct-2024,29-Mar-2025
Bangkok (BKK),Delhi (DEL),6E  1054,17:10,20:25,,Daily,27-Oct-2024,29-Mar-2025
Bengaluru (BLR),Mangalore (IXE),6E  0109,17:10,18:10,,Daily,27-Oct-2024,29-Mar-2025
Bengaluru (BLR),Vijayawada (VGA),6E  7134,17:10,18:50,,Daily,27-Oct-2024,29-Mar-2025
Mangalore (IXE),Mumbai (BOM),6E  6523,17:10,18:50,,Daily,27-Oct-2024,29-Mar-2025
Chandigarh (IXC),Srinagar (SXR),6E  0874,17:10,18:20,,Daily,27-Oct-2024,02-Nov-2024
Kolkata (CCU),Jaipur (JAI),6E  6426,17:10,19:45,,Daily,27-Oct-2024,29-Mar-2025
Delhi (DEL),Dehradun (DED),6E  2071,17:10,18:10,,Daily,27-Oct-2024,29-Mar-2025
Delhi (DEL),Dubai (DXB),6E  1463,17:10,19:50,,Daily,27-Oct-2024,29-Mar-2025
Srinagar (SXR),Hyderabad (HYD),6E  6255,17:10,20:05,,Daily,27-Oct-2024,02-Nov-2024
Vadodara (BDQ),Mopa(GOX),6E  0105,17:10,18:40,,Every Mon Tue Thu Fri Sat Sun,27-Oct-2024,29-Mar-2025
Goa (GOI),Surat (STV),6E  0418,17:10,18:30,,Every Mon Tue Wed Thu Fri Sun,27-Oct-2024,01-Nov-2024
Hyderabad (HYD),Visakhapatnam (VTZ),6E  0208,17:10,18:20,,Every Mon Tue Wed Thu Sat Sun,27-Oct-2024,03-Nov-2024
Hyderabad (HYD),Thiruvananthapuram (TRV),6E  0161,17:10,18:55,,Every Mon Wed Fri Sat Sun,27-Oct-2024,03-Nov-2024
Kochi (COK),Bengaluru (BLR),6E  0903,17:10,18:15,,Every Mon Wed Thu Fri Sat Sun,27-Oct-2024,29-Mar-2025
Kochi (COK),Lucknow (LKO),6E  0903,17:10,22:00,BLR,Every Mon Wed Thu Fri Sat Sun,27-Oct-2024,29-Mar-2025
Bhubaneshwar (BBI),Ranchi (IXR),6E  7361,17:15,18:30,,Daily,27-Oct-2024,29-Mar-2025
Raipur (RPR),Bhopal (BHO),6E  7371,17:15,18:45,,Daily,27-Oct-2024,29-Mar-2025
Bengaluru (BLR),Varanasi (VNS),6E  0714,17:15,19:40,,Daily,27-Oct-2024,29-Mar-2025
Mumbai (BOM),Hirasar Airport(HSR),6E  0273,17:15,18:30,,Daily,27-Oct-2024,29-Mar-2025
Dubai (DXB),Hyderabad (HYD),6E  1484,17:15,22:15,,Daily,27-Oct-2024,20-Nov-2024
Hyderabad (HYD),Guwahati (GAU),6E  6882,17:15,19:40,,Daily,27-Oct-2024,10-Nov-2024
Jaipur (JAI),Hyderabad (HYD),6E  0471,17:15,19:10,,Daily,27-Oct-2024,29-Mar-2025
Chennai (MAA),Madurai (IXM),6E  7181,17:15,18:40,,Daily,27-Oct-2024,29-Mar-2025
Ahmedabad (AMD),Mumbai (BOM),6E  5208,17:20,18:40,,Daily,27-Oct-2024,29-Mar-2025
Kolkata (CCU),Bengaluru (BLR),6E  0757,17:20,20:00,,Daily,27-Oct-2024,29-Mar-2025
Bengaluru (BLR),Kannur (CNN),6E  7446,17:20,18:45,,Daily,27-Oct-2024,29-Mar-2025
Goa (GOI),Bengaluru (BLR),6E  6756,17:20,18:25,,Daily,27-Oct-2024,29-Mar-2025
Bengaluru (BLR),Pune (PNQ),6E  0528,17:20,18:50,,Daily,27-Oct-2024,29-Mar-2025
Mumbai (BOM),Varanasi (VNS),6E  5127,17:20,19:30,,Daily,27-Oct-2024,29-Mar-2025
Delhi (DEL),Mangalore (IXE),6E  2372,17:20,20:15,,Daily,27-Oct-2024,29-Mar-2025
Hyderabad (HYD),Rajahmundry (RJA),6E  7545,17:20,18:30,,Daily,27-Oct-2024,29-Mar-2025
Hyderabad (HYD),Jeddah (JED),6E  0067,17:20,21:25,,Every Mon Wed Thu Fri Sat Sun,27-Oct-2024,29-Mar-2025
Kochi (COK),Hyderabad (HYD),6E  0171,17:20,18:55,,Every Thu Sat Sun,27-Oct-2024,17-Nov-2024
Bengaluru (BLR),Raipur (RPR),6E  0978,17:25,19:20,,Daily,27-Oct-2024,29-Mar-2025
Coimbatore (CJB),Hyderabad (HYD),6E  0764,17:25,18:40,,Daily,27-Oct-2024,29-Mar-2025
Jaipur (JAI),Delhi (DEL),6E  2176,17:25,18:30,,Daily,27-Oct-2024,29-Nov-2024
Goa (GOI),Hyderabad (HYD),6E  0117,17:25,18:30,,Daily,27-Oct-2024,29-Mar-2025
Hyderabad (HYD),Jabalpur (JLR),6E  7307,17:25,19:25,,Daily,27-Oct-2024,10-Nov-2024
Chennai (MAA),Mysuru (MYQ),6E  7603,17:25,18:45,,Daily,27-Oct-2024,29-Mar-2025
Rajahmundry (RJA),Chennai (MAA),6E  7734,17:25,18:55,,Daily,27-Oct-2024,29-Mar-2025
Durgapur (RDP),Bhubaneshwar (BBI),6E  7505,17:25,19:05,,Every Mon Wed Fri Sun,27-Oct-2024,28-Mar-2025
Bhopal (BHO),Lucknow (LKO),6E  7073,17:25,19:00,,Every Mon Wed Fri Sun,27-Oct-2024,28-Mar-2025
Mumbai (BOM),Kolkata (CCU),6E  6016,17:30,20:05,,Daily,27-Oct-2024,30-Nov-2024
Delhi (DEL),Guwahati (GAU),6E  2095,17:30,19:50,,Daily,27-Oct-2024,29-Mar-2025
Delhi (DEL),Chennai (MAA),6E  5319,17:30,20:10,,Daily,27-Oct-2024,29-Mar-2025
Belgaum (IXG),Hyderabad (HYD),6E  7511,17:30,18:45,,Daily,27-Oct-2024,29-Mar-2025
Jodhpur (JDH),Hyderabad (HYD),6E  6816,17:30,19:25,,Daily,27-Oct-2024,03-Nov-2024
Madurai (IXM),Chennai (MAA),6E  7593,17:30,18:50,,Daily,27-Oct-2024,29-Mar-2025
Bengaluru (BLR),Chennai (MAA),6E  0356,17:30,18:30,,Daily,27-Oct-2024,29-Mar-2025
Jaipur (JAI),Udaipur (UDR),6E  7517,17:30,18:35,,Every Mon Tue Thu Fri Sun,27-Oct-2024,28-Mar-2025
Kolkata (CCU),Indore (IDR),6E  0798,17:30,19:55,,Every Mon Tue Wed Thu Fri Sun,27-Oct-2024,01-Dec-2024
Delhi (DEL),Indore (IDR),6E  0902,17:30,19:00,,Every Mon Tue Wed Thu Sat Sun,27-Oct-2024,03-Nov-2024
Delhi (DEL),Amritsar (ATQ),6E  2341,17:30,18:40,,Every Mon Tue Wed Thu Sun,27-Oct-2024,03-Nov-2024
Agartala (IXA),Hyderabad (HYD),6E  6617,17:30,20:10,,Every Mon Wed Fri Sun,27-Oct-2024,03-Nov-2024
Agartala (IXA),Chennai (MAA),6E  6617,17:30,22:45,HYD,Every Mon Wed Fri Sun,27-Oct-2024,03-Nov-2024
Chennai (MAA),Hyderabad (HYD),6E  0562,17:30,18:45,,Every Mon Wed Thu Fri Sat Sun,27-Oct-2024,29-Mar-2025
Jaipur (JAI),Ahmedabad (AMD),6E  7276,17:35,19:15,,Daily,27-Oct-2024,29-Mar-2025
Mumbai (BOM),Chennai (MAA),6E  5048,17:35,19:40,,Daily,27-Oct-2024,17-Nov-2024
Raipur (RPR),Mumbai (BOM),6E  5191,17:35,19:35,,Daily,27-Oct-2024,29-Mar-2025
Chennai (MAA),Kochi (COK),6E  0597,17:35,18:50,,Daily,27-Oct-2024,29-Mar-2025
Chennai (MAA),Ahmedabad (AMD),6E  0848,17:40,20:00,,Daily,27-Oct-2024,10-Nov-2024
Dehradun (DED),Bengaluru (BLR),6E  6136,17:40,20:35,,Daily,27-Oct-2024,29-Mar-2025
Mumbai (BOM),Visakhapatnam (VTZ),6E  5248,17:40,19:45,,Daily,27-Oct-2024,03-Nov-2024
Kolkata (CCU),Agartala (IXA),6E  0485,17:40,18:35,,Daily,27-Oct-2024,29-Mar-2025
Agartala (IXA),Kolkata (CCU),6E  6705,17:40,18:45,,Daily,27-Oct-2024,29-Mar-2025
Kolkata (CCU),Patna (PAT),6E  0895,17:40,18:50,,Daily,27-Oct-2024,29-Mar-2025
Delhi (DEL),Lucknow (LKO),6E  2376,17:40,18:50,,Daily,27-Oct-2024,29-Mar-2025
Delhi (DEL),Visakhapatnam (VTZ),6E  5176,17:40,19:55,,Every Mon Tue Wed Thu Sat Sun,27-Oct-2024,03-Nov-2024
Hyderabad (HYD),Aurangabad (IXU),6E  7159,17:40,19:05,,Every Mon Tue Wed Thu Sat Sun,27-Oct-2024,03-Nov-2024
Srinagar (SXR),Delhi (DEL),6E  2197,17:40,19:15,,Every Mon Wed Fri Sat Sun,27-Oct-2024,02-Nov-2024
Nasik(ISK),Ahmedabad (AMD),6E  7219,17:45,18:55,,Daily,27-Oct-2024,29-Mar-2025
Bengaluru (BLR),Patna (PAT),6E  6451,17:45,20:15,,Daily,27-Oct-2024,29-Mar-2025
Mumbai (BOM),Udaipur (UDR),6E  5219,17:45,19:15,,Daily,27-Oct-2024,10-Nov-2024
Chennai (MAA),Jaipur (JAI),6E  6381,17:45,20:15,,Daily,27-Oct-2024,29-Mar-2025
Vijayawada (VGA),Visakhapatnam (VTZ),6E  7251,17:45,18:50,,Daily,27-Oct-2024,03-Nov-2024
Delhi (DEL),Coimbatore (CJB),6E  2346,17:45,20:45,,Every Mon Tue Wed Thu Sat Sun,27-Oct-2024,03-Nov-2024
Gorakhpur (GOP),Mumbai (BOM),6E  0545,17:50,20:35,,Daily,27-Oct-2024,29-Mar-2025
Chennai (MAA),Kozhikode (CCJ),6E  7197,17:50,19:35,,Daily,27-Oct-2024,29-Mar-2025
Delhi (DEL),Chandigarh (IXC),6E  2268,17:50,18:45,,Daily,27-Oct-2024,29-Mar-2025
Pune (PNQ),Chennai (MAA),6E  6714,17:50,19:40,,Daily,27-Oct-2024,29-Mar-2025
Visakhapatnam (VTZ),Chennai (MAA),6E  6089,17:50,19:10,,Daily,27-Oct-2024,29-Mar-2025
Srinagar (SXR),Jammu (IXJ),6E  0431,17:50,18:50,,Every Mon Tue Thu Fri Sat Sun,27-Oct-2024,02-Nov-2024
Srinagar (SXR),Mumbai (BOM),6E  0431,17:50,22:20,IXJ,Every Mon Tue Thu Fri Sat Sun,27-Oct-2024,02-Nov-2024
Dehradun (DED),Hyderabad (HYD),6E  0423,17:50,20:20,,Every Mon Tue Wed Thu Fri Sun,27-Oct-2024,28-Mar-2025
Jaipur (JAI),Dehradun (DED),6E  7468,17:50,19:10,,Every Mon Tue Wed Thu Sat Sun,27-Oct-2024,03-Nov-2024
Chennai (MAA),Bhubaneshwar (BBI),6E  0143,17:55,19:40,,Daily,27-Oct-2024,17-Nov-2024
Bengaluru (BLR),Bhopal (BHO),6E  6465,17:55,20:05,,Daily,27-Oct-2024,29-Mar-2025
Patna (PAT),Bengaluru (BLR),6E  6276,17:55,20:35,,Daily,27-Oct-2024,29-Mar-2025
Varanasi (VNS),Kolkata (CCU),6E  6502,17:55,19:20,,Daily,27-Oct-2024,29-Mar-2025
Guwahati (GAU),Delhi (DEL),6E  2385,17:55,20:45,,Daily,27-Oct-2024,29-Mar-2025
Hirasar Airport(HSR),Delhi (DEL),6E  6279,17:55,19:45,,Daily,27-Oct-2024,29-Mar-2025
Ranchi (IXR),Delhi (DEL),6E  2349,17:55,20:00,,Daily,27-Oct-2024,29-Mar-2025
Delhi (DEL),Patna (PAT),6E  2695,17:55,19:35,,Daily,27-Oct-2024,29-Mar-2025
Mumbai (BOM),Bengaluru (BLR),6E  5047,18:00,19:45,,Daily,27-Oct-2024,29-Mar-2025
Bengaluru (BLR),Delhi (DEL),6E  6034,18:00,20:55,,Daily,27-Oct-2024,29-Mar-2025
Mumbai (BOM),Delhi (DEL),6E  6082,18:00,20:10,,Daily,27-Oct-2024,05-Jan-2025
Delhi (DEL),Mumbai (BOM),6E  2327,18:00,20:20,,Daily,27-Oct-2024,05-Jan-2025
Kolkata (CCU),Delhi (DEL),6E  5013,18:00,20:30,,Daily,27-Oct-2024,29-Mar-2025
Delhi (DEL),Kolkata (CCU),6E  2057,18:00,20:05,,Daily,27-Oct-2024,29-Mar-2025
Guwahati (GAU),Kolkata (CCU),6E  6159,18:00,19:25,,Daily,27-Oct-2024,29-Mar-2025
Kolkata (CCU),Jharsuguda (JRG),6E  7087,18:00,19:30,,Daily,27-Oct-2024,29-Mar-2025
Lucknow (LKO),Chennai (MAA),6E  0518,18:00,20:40,,Daily,27-Oct-2024,29-Mar-2025
Delhi (DEL),Ranchi (IXR),6E  5339,18:00,19:50,,Daily,27-Oct-2024,14-Nov-2024
Jharsuguda (JRG),Delhi (DEL),6E  0461,18:00,19:55,,Daily,27-Oct-2024,29-Mar-2025
Raipur (RPR),Delhi (DEL),6E  5349,18:00,19:55,,Daily,27-Oct-2024,29-Mar-2025
Goa (GOI),Chandigarh (IXC),6E  0724,18:00,20:45,,Daily,27-Oct-2024,29-Mar-2025
Hyderabad (HYD),Kolkata (CCU),6E  0283,18:00,20:00,,Every Mon Tue Wed Sun,27-Oct-2024,30-Oct-2024
Bengaluru (BLR),Mumbai (BOM),6E  5255,18:00,20:05,,Every Mon Tue Wed Thu Sat Sun,27-Oct-2024,03-Nov-2024
Delhi (DEL),Goa (GOI),6E  2279,18:00,20:30,,Every Sun,27-Oct-2024,03-Nov-2024
Bengaluru (BLR),Goa (GOI),6E  0309,18:05,19:20,,Daily,27-Oct-2024,29-Mar-2025
Hyderabad (HYD),Bengaluru (BLR),6E  6417,18:05,19:20,,Daily,27-Oct-2024,29-Mar-2025
Bengaluru (BLR),Belgaum (IXG),6E  7226,18:05,19:45,,Daily,27-Oct-2024,29-Mar-2025
Bengaluru (BLR),Ranchi (IXR),6E  0221,18:05,20:20,,Daily,27-Oct-2024,29-Mar-2025
Mumbai (BOM),Patna (PAT),6E  5173,18:05,20:30,,Daily,27-Oct-2024,29-Mar-2025
Madurai (IXM),Bengaluru (BLR),6E  7357,18:10,19:40,,Daily,27-Oct-2024,29-Mar-2025
Chennai (MAA),Bengaluru (BLR),6E  0365,18:10,19:10,,Daily,27-Oct-2024,29-Mar-2025
Mumbai (BOM),Coimbatore (CJB),6E  6303,18:10,20:05,,Daily,27-Oct-2024,30-Nov-2024
Jaipur (JAI),Mumbai (BOM),6E  5324,18:10,20:10,,Daily,27-Oct-2024,29-Mar-2025
Kolkata (CCU),Chennai (MAA),6E  0234,18:10,20:35,,Daily,27-Oct-2024,17-Nov-2024
Kochi (COK),Dubai (DXB),6E  1475,18:10,21:15,,Daily,27-Oct-2024,29-Mar-2025
Hyderabad (HYD),Tirupati (TIR),6E  2486,18:10,19:20,,Daily,27-Oct-2024,29-Mar-2025
Vijayawada (VGA),Hyderabad (HYD),6E  7392,18:10,19:20,,Daily,27-Oct-2024,29-Mar-2025
Chennai (MAA),Delhi (DEL),6E  0613,18:10,20:55,,Every Mon Tue Wed Thu Sat Sun,27-Oct-2024,03-Nov-2024
Delhi (DEL),Udaipur (UDR),6E  2123,18:10,19:30,,Every Mon Tue Wed Thu Sat Sun,27-Oct-2024,03-Nov-2024
Ahmedabad (AMD),Bhubaneshwar (BBI),6E  6013,18:10,20:10,,Every Wed Sun,27-Oct-2024,30-Oct-2024
Ranchi (IXR),Ahmedabad (AMD),6E  6184,18:15,20:45,,Daily,27-Oct-2024,29-Mar-2025
Lucknow (LKO),Ahmedabad (AMD),6E  6968,18:15,20:15,,Daily,27-Oct-2024,29-Mar-2025
Bengaluru (BLR),Guwahati (GAU),6E  6541,18:15,21:15,,Daily,27-Oct-2024,29-Mar-2025
Dhaka (DAC),Kolkata (CCU),6E  1106,18:15,18:50,,Daily,27-Oct-2024,29-Mar-2025
Jaipur (JAI),Bengaluru (BLR),6E  0556,18:15,20:45,,Daily,27-Oct-2024,29-Mar-2025
Jaipur (JAI),Coimbatore (CJB),6E  0556,18:15,22:30,BLR,Daily,27-Oct-2024,29-Mar-2025
Hyderabad (HYD),Delhi (DEL),6E  2317,18:15,20:35,,Daily,27-Oct-2024,22-Mar-2025
Pune (PNQ),Raipur (RPR),6E  6905,18:15,19:55,,Daily,27-Oct-2024,29-Mar-2025
Delhi (DEL),Bengaluru (BLR),6E  6622,18:15,21:10,,Every Mon Tue Wed Sat Sun,27-Oct-2024,03-Nov-2024
Chennai (MAA),Kolkata (CCU),6E  0606,18:15,20:30,,Every Mon Tue Wed Thu Sat Sun,27-Oct-2024,03-Nov-2024
Delhi (DEL),Vadodara (BDQ),6E  6637,18:20,19:55,,Daily,27-Oct-2024,29-Mar-2025
Bengaluru (BLR),Madurai (IXM),6E  7586,18:20,19:50,,Daily,27-Oct-2024,29-Mar-2025
Dubai (DXB),Mumbai (BOM),6E  1454,18:20,22:55,,Daily,27-Oct-2024,30-Nov-2024
Kolkata (CCU),Raipur (RPR),6E  7215,18:20,20:30,,Daily,27-Oct-2024,29-Mar-2025
Hyderabad (HYD),Kochi (COK),6E  6684,18:20,19:55,,Daily,27-Oct-2024,29-Mar-2025
Patna (PAT),Delhi (DEL),6E  2185,18:20,20:10,,Daily,27-Oct-2024,29-Nov-2024
Chennai (MAA),Tiruchirappalli (TRZ),6E  7238,18:20,19:35,,Daily,27-Oct-2024,29-Mar-2025
Kolkata (CCU),Bengaluru (BLR),6E  6251,18:25,21:15,,Daily,27-Oct-2024,29-Mar-2025
Bengaluru (BLR),Indore (IDR),6E  6743,18:25,20:30,,Daily,27-Oct-2024,29-Mar-2025
Mumbai (BOM),Dubai (DXB),6E  1455,18:25,20:25,,Daily,27-Oct-2024,29-Mar-2025
Kolkata (CCU),Hyderabad (HYD),6E  6368,18:25,20:40,,Daily,27-Oct-2024,29-Mar-2025
Delhi (DEL),Dehradun (DED),6E  6582,18:25,19:15,,Daily,27-Oct-2024,29-Mar-2025
Goa (GOI),Lucknow (LKO),6E  6811,18:25,20:45,,Daily,27-Oct-2024,29-Mar-2025
Indore (IDR),Hyderabad (HYD),6E  6916,18:25,19:45,,Daily,27-Oct-2024,29-Mar-2025
Chennai (MAA),Varanasi (VNS),6E  0401,18:25,20:40,,Daily,27-Oct-2024,29-Mar-2025
Bhubaneshwar (BBI),Hyderabad (HYD),6E  6187,18:25,20:10,,Every Mon Tue Wed Fri Sat Sun,27-Oct-2024,29-Mar-2025
Nagpur (NAG),Lucknow (LKO),6E  7467,18:25,20:20,,Every Mon Wed Fri Sun,27-Oct-2024,13-Dec-2024
Visakhapatnam (VTZ),Bengaluru (BLR),6E  2772,18:25,20:00,,Every Tue Wed Thu Fri Sun,27-Oct-2024,03-Nov-2024
Ahmedabad (AMD),Mumbai (BOM),6E  0803,18:30,19:50,,Daily,27-Oct-2024,29-Mar-2025
Hyderabad (HYD),Coimbatore (CJB),6E  6594,18:30,19:55,,Daily,27-Oct-2024,29-Mar-2025
Mumbai (BOM),Bhubaneshwar (BBI),6E  6199,18:30,20:45,,Daily,27-Oct-2024,29-Mar-2025
Bengaluru (BLR),Chennai (MAA),6E  6017,18:30,19:25,,Daily,27-Oct-2024,29-Mar-2025
Kolkata (CCU),Mumbai (BOM),6E  5128,18:30,21:40,,Daily,27-Oct-2024,29-Mar-2025
Delhi (DEL),Srinagar (SXR),6E  2448,18:30,20:00,,Daily,27-Oct-2024,02-Nov-2024
Patna (PAT),Hyderabad (HYD),6E  6127,18:30,20:35,,Daily,27-Oct-2024,29-Mar-2025
Hyderabad (HYD),Ahmedabad (AMD),6E  6727,18:30,20:25,,Every Mon Tue Thu Sat Sun,27-Oct-2024,03-Nov-2024
Hubli (HBX),Delhi (DEL),6E  2648,18:30,21:05,,Every Mon Wed Fri Sun,27-Oct-2024,15-Nov-2024
Pune (PNQ),Hubli (HBX),6E  7069,18:30,19:50,,Every Mon Wed Fri Sun,27-Oct-2024,28-Mar-2025
Coimbatore (CJB),Bengaluru (BLR),6E  0838,18:30,19:25,,Every Tue Wed Thu Fri Sat Sun,27-Oct-2024,03-Nov-2024
Coimbatore (CJB),Jaipur (JAI),6E  0838,18:30,22:35,BLR,Every Tue Wed Thu Fri Sat Sun,27-Oct-2024,03-Nov-2024
Mumbai (BOM),Ahmedabad (AMD),6E  5254,18:35,19:45,,Daily,27-Oct-2024,29-Mar-2025
Delhi (DEL),Ahmedabad (AMD),6E  5317,18:35,20:20,,Daily,27-Oct-2024,29-Mar-2025
Ahmedabad (AMD),Nagpur (NAG),6E  7247,18:35,20:30,,Daily,27-Oct-2024,29-Mar-2025
Bengaluru (BLR),Kolkata (CCU),6E  0676,18:35,21:00,,Daily,27-Oct-2024,29-Mar-2025
Dehradun (DED),Mumbai (BOM),6E  0933,18:35,21:20,,Daily,27-Oct-2024,29-Mar-2025
Jaipur (JAI),Kolkata (CCU),6E  0784,18:35,20:40,,Daily,27-Oct-2024,29-Mar-2025
Delhi (DEL),Pune (PNQ),6E  2608,18:35,20:40,,Daily,27-Oct-2024,03-Nov-2024
Surat (STV),Delhi (DEL),6E  2237,18:35,20:30,,Daily,27-Oct-2024,29-Mar-2025
Chennai (MAA),Vijayawada (VGA),6E  7046,18:35,19:55,,Daily,27-Oct-2024,29-Mar-2025
Ahmedabad (AMD),Goa (GOI),6E  0992,18:35,20:10,,Every Mon Tue Thu Fri Sat Sun,27-Oct-2024,29-Mar-2025
Kolkata (CCU),Visakhapatnam (VTZ),6E  0616,18:35,20:10,,Every Mon Tue Wed Thu Sat Sun,27-Oct-2024,03-Nov-2024
Delhi (DEL),Nagpur (NAG),6E  2651,18:35,20:20,,Every Mon Tue Wed Thu Sat Sun,27-Oct-2024,03-Nov-2024
Mumbai (BOM),Raipur (RPR),6E  2371,18:35,20:25,,Every Mon Tue Wed Thu Sun,27-Oct-2024,31-Oct-2024
Lucknow (LKO),Bhopal (BHO),6E  7076,18:35,20:15,,Every Mon Wed Fri Sun,27-Oct-2024,28-Mar-2025
Chennai (MAA),Colombo (CMB),6E  1173,18:35,19:55,,Every Wed Fri Sun,27-Oct-2024,10-Nov-2024
Mangalore (IXE),Bengaluru (BLR),6E  0388,18:40,19:35,,Daily,27-Oct-2024,29-Mar-2025
Hyderabad (HYD),Mumbai (BOM),6E  5039,18:40,20:20,,Daily,27-Oct-2024,29-Mar-2025
Kolkata (CCU),Lucknow (LKO),6E  0856,18:40,20:25,,Daily,27-Oct-2024,29-Mar-2025
Indore (IDR),Nagpur (NAG),6E  7751,18:40,19:55,,Daily,27-Oct-2024,27-Nov-2024
Vijayawada (VGA),Mumbai (BOM),6E  5184,18:40,20:20,,Every Mon Tue Wed Thu Sat Sun,27-Oct-2024,03-Nov-2024
Bengaluru (BLR),Kochi (COK),6E  0144,18:40,19:45,,Every Mon Tue Wed Thu Sat Sun,27-Oct-2024,03-Nov-2024
Nagpur (NAG),Mumbai (BOM),6E  5036,18:40,20:15,,Every Mon Tue Wed Thu Sun,27-Oct-2024,31-Oct-2024
Ahmedabad (AMD),Delhi (DEL),6E  2032,18:45,20:25,,Daily,27-Oct-2024,29-Mar-2025
Kolkata (CCU),Bhubaneshwar (BBI),6E  6717,18:45,19:50,,Daily,27-Oct-2024,29-Mar-2025
Goa (GOI),Mumbai (BOM),6E  6808,18:45,20:15,,Daily,27-Oct-2024,10-Nov-2024
Bagdogra (IXB),Kolkata (CCU),6E  6135,18:45,19:55,,Daily,27-Oct-2024,30-Nov-2024
Raipur (RPR),Goa (GOI),6E  0885,18:45,20:40,,Daily,27-Oct-2024,29-Mar-2025
Raipur (RPR),Kochi (COK),6E  0885,18:45,22:55,GOI,Daily,27-Oct-2024,29-Mar-2025
Dehradun (DED),Delhi (DEL),6E  2072,18:45,19:35,,Daily,27-Oct-2024,29-Mar-2025
Chandigarh (IXC),Delhi (DEL),6E  2113,18:45,19:45,,Daily,27-Oct-2024,29-Mar-2025
Delhi (DEL),Lucknow (LKO),6E  5358,18:45,19:55,,Daily,27-Oct-2024,29-Mar-2025
Nagpur (NAG),Delhi (DEL),6E  5147,18:45,20:30,,Daily,27-Oct-2024,29-Mar-2025
Delhi (DEL),Riyadh (RUH),6E  0071,18:45,21:45,,Daily,27-Oct-2024,29-Mar-2025
Hyderabad (HYD),Patna (PAT),6E  0915,18:45,20:40,,Daily,27-Oct-2024,29-Mar-2025
Varanasi (VNS),Hyderabad (HYD),6E  0432,18:45,20:45,,Daily,27-Oct-2024,29-Mar-2025
Mumbai (BOM),Mopa(GOX),6E  6057,18:45,19:55,,Every Mon Tue Thu Fri Sat Sun,27-Oct-2024,24-Nov-2024
Vadodara (BDQ),Bengaluru (BLR),6E  0808,18:50,20:45,,Daily,27-Oct-2024,29-Mar-2025
Rajahmundry (RJA),Hyderabad (HYD),6E  7547,18:50,20:00,,Daily,27-Oct-2024,29-Mar-2025
Hyderabad (HYD),Raipur (RPR),6E  7248,18:50,20:35,,Daily,27-Oct-2024,29-Mar-2025
Tiruchirappalli (TRZ),Singapore (SIN),6E  1007,18:50,01:45,,Daily,27-Oct-2024,29-Mar-2025
Hyderabad (HYD),Ranchi (IXR),6E  0186,18:50,20:30,,Every Mon Tue Thu Fri Sat Sun,27-Oct-2024,03-Nov-2024
Ranchi (IXR),Bhubaneshwar (BBI),6E  7362,18:55,20:25,,Daily,27-Oct-2024,29-Mar-2025
Chandigarh (IXC),Bengaluru (BLR),6E  0593,18:55,22:00,,Daily,27-Oct-2024,29-Mar-2025
Bengaluru (BLR),Rajahmundry (RJA),6E  7231,18:55,20:50,,Daily,27-Oct-2024,29-Mar-2025
Thiruvananthapuram (TRV),Bengaluru (BLR),6E  0691,18:55,20:10,,Daily,27-Oct-2024,03-Nov-2024
Hyderabad (HYD),Sharjah (SHJ),6E  1421,18:55,21:40,,Daily,27-Oct-2024,29-Mar-2025
Singapore (SIN),Hyderabad (HYD),6E  1028,18:55,21:05,,Daily,27-Oct-2024,29-Mar-2025
Udaipur (UDR),Jaipur (JAI),6E  7749,18:55,20:00,,Daily,27-Oct-2024,29-Mar-2025
Pune (PNQ),Kolkata (CCU),6E  6561,18:55,21:20,,Every Tue Thu Sun,27-Oct-2024,27-Mar-2025
Bengaluru (BLR),Delhi (DEL),6E  0735,19:00,22:00,,Daily,27-Oct-2024,29-Mar-2025
Nagpur (NAG),Bengaluru (BLR),6E  6896,19:00,20:40,,Daily,27-Oct-2024,29-Mar-2025
Mumbai (BOM),Delhi (DEL),6E  6613,19:00,21:15,,Daily,27-Oct-2024,05-Jan-2025
Delhi (DEL),Mumbai (BOM),6E  0354,19:00,21:35,,Daily,27-Oct-2024,13-Nov-2024
Hirasar Airport(HSR),Mumbai (BOM),6E  0274,19:00,20:15,,Daily,27-Oct-2024,29-Mar-2025
Chennai (MAA),Mumbai (BOM),6E  5367,19:00,21:10,,Daily,27-Oct-2024,30-Nov-2024
Srinagar (SXR),Chandigarh (IXC),6E  6041,19:00,19:50,,Daily,27-Oct-2024,02-Nov-2024
Srinagar (SXR),Kolkata (CCU),6E  6041,19:00,22:45,IXC,Daily,27-Oct-2024,02-Nov-2024
Delhi (DEL),Surat (STV),6E  2383,19:00,20:55,,Daily,27-Oct-2024,29-Mar-2025
Varanasi (VNS),Delhi (DEL),6E  2146,19:00,20:25,,Daily,27-Oct-2024,29-Mar-2025
Goa (GOI),Chennai (MAA),6E  0589,19:00,20:25,,Daily,27-Oct-2024,29-Mar-2025
Madurai (IXM),Chennai (MAA),6E  7182,19:00,20:15,,Daily,27-Oct-2024,29-Mar-2025
Delhi (DEL),Bengaluru (BLR),6E  2487,19:00,22:00,,Every Mon Tue Wed Fri Sat Sun,27-Oct-2024,03-Nov-2024
Kolkata (CCU),Jaipur (JAI),6E  0114,19:00,21:30,,Every Mon Tue Wed Thu Sat Sun,27-Oct-2024,03-Nov-2024
Visakhapatnam (VTZ),Hyderabad (HYD),6E  0216,19:00,20:15,,Every Mon Tue Wed Thu Sat Sun,27-Oct-2024,03-Nov-2024
Agartala (IXA),Kolkata (CCU),6E  0961,19:05,20:10,,Daily,27-Oct-2024,29-Mar-2025
Agartala (IXA),Ahmedabad (AMD),6E  0961,19:05,00:15,CCU,Daily,27-Oct-2024,29-Mar-2025
Bengaluru (BLR),Mopa(GOX),6E  0977,19:05,20:25,,Daily,27-Oct-2024,29-Mar-2025
Goa (GOI),Coimbatore (CJB),6E  7019,19:05,21:00,,Daily,27-Oct-2024,29-Mar-2025
Kannur (CNN),Hyderabad (HYD),6E  7178,19:05,21:00,,Daily,27-Oct-2024,29-Mar-2025
Delhi (DEL),Patna (PAT),6E  5008,19:05,20:50,,Daily,27-Oct-2024,29-Mar-2025
Chennai (MAA),Indore (IDR),6E  0489,19:05,21:20,,Daily,27-Oct-2024,29-Mar-2025
Jaipur (JAI),Chandigarh (IXC),6E  7414,19:05,20:35,,Daily,27-Oct-2024,29-Mar-2025
Ranchi (IXR),Chennai (MAA),6E  0209,19:05,21:20,,Daily,27-Oct-2024,29-Mar-2025
Mysuru (MYQ),Chennai (MAA),6E  7615,19:05,20:20,,Daily,27-Oct-2024,29-Mar-2025
Surat (STV),Bengaluru (BLR),6E  5034,19:05,20:55,,Every Mon Tue Wed Thu Fri Sun,27-Oct-2024,01-Nov-2024
Mangalore (IXE),Dubai (DXB),6E  1467,19:05,21:45,,Every Tue Thu Sat Sun,27-Oct-2024,29-Mar-2025
Mumbai (BOM),Amritsar (ATQ),6E  0272,19:10,21:35,,Daily,27-Oct-2024,27-Nov-2024
Bengaluru (BLR),Kozhikode (CCJ),6E  0152,19:10,20:15,,Daily,27-Oct-2024,29-Mar-2025
Aurangabad (IXU),Delhi (DEL),6E  2325,19:10,21:05,,Daily,27-Oct-2024,10-Nov-2024
Chennai (MAA),Hyderabad (HYD),6E  6215,19:10,20:30,,Daily,27-Oct-2024,29-Mar-2025
Mopa(GOX),Nagpur (NAG),6E  0122,19:10,20:45,,Every Mon Tue Thu Fri Sat Sun,27-Oct-2024,28-Mar-2025
Hyderabad (HYD),Nagpur (NAG),6E  7543,19:10,20:35,,Every Mon Tue Wed Thu Sat Sun,27-Oct-2024,03-Nov-2024
Amritsar (ATQ),Delhi (DEL),6E  2342,19:10,20:25,,Every Mon Tue Wed Thu Sun,27-Oct-2024,03-Nov-2024
Chandigarh (IXC),Ahmedabad (AMD),6E  6395,19:15,21:05,,Daily,27-Oct-2024,29-Mar-2025
Bhopal (BHO),Hyderabad (HYD),6E  7122,19:15,21:40,,Daily,27-Oct-2024,15-Nov-2024
Mumbai (BOM),Bengaluru (BLR),6E  5074,19:15,21:00,,Daily,27-Oct-2024,29-Mar-2025
Chennai (MAA),Bengaluru (BLR),6E  0189,19:15,20:15,,Daily,27-Oct-2024,29-Mar-2025
Vijayawada (VGA),Bengaluru (BLR),6E  7704,19:15,21:00,,Daily,27-Oct-2024,29-Mar-2025
Delhi (DEL),Kozhikode (CCJ),6E  2145,19:15,22:15,,Daily,27-Oct-2024,29-Nov-2024
Kolkata (CCU),Delhi (DEL),6E  0493,19:15,21:40,,Daily,27-Oct-2024,29-Mar-2025
Bengaluru (BLR),Mumbai (BOM),6E  5376,19:15,21:20,,Every Mon Tue Wed Thu Sat Sun,27-Oct-2024,03-Nov-2024
Kolkata (CCU),Ranchi (IXR),6E  7674,19:20,20:30,,Daily,27-Oct-2024,29-Mar-2025
Kochi (COK),Chennai (MAA),6E  0387,19:20,20:30,,Daily,27-Oct-2024,29-Mar-2025
Lucknow (LKO),Delhi (DEL),6E  5072,19:20,20:35,,Daily,27-Oct-2024,29-Mar-2025
Delhi (DEL),Tbilisi(TBS),6E  1807,19:20,23:35,,Daily,27-Oct-2024,29-Mar-2025
Hyderabad (HYD),Rajahmundry (RJA),6E  7123,19:20,20:35,,Daily,27-Oct-2024,29-Mar-2025
Chennai (MAA),Madurai (IXM),6E  7592,19:20,20:45,,Daily,27-Oct-2024,29-Mar-2025
Mumbai (BOM),Hyderabad (HYD),6E  5326,19:20,20:45,,Every Mon Tue Wed Thu Sat Sun,27-Oct-2024,03-Nov-2024
Mumbai (BOM),Indore (IDR),6E  0551,19:20,20:45,,Every Mon Tue Wed Thu Sat Sun,27-Oct-2024,03-Nov-2024
Guwahati (GAU),Kolkata (CCU),6E  6966,19:20,20:45,,Every Mon Tue Wed Thu Sat Sun,27-Oct-2024,03-Nov-2024
Hyderabad (HYD),Lucknow (LKO),6E  6167,19:20,21:10,,Every Mon Tue Wed Thu Sat Sun,27-Oct-2024,03-Nov-2024
Ahmedabad (AMD),Jaipur (JAI),6E  7131,19:25,21:05,,Daily,27-Oct-2024,29-Mar-2025
Bhubaneshwar (BBI),Kolkata (CCU),6E  7584,19:25,20:40,,Daily,27-Oct-2024,29-Mar-2025
Mumbai (BOM),Vadodara (BDQ),6E  2168,19:25,20:30,,Daily,27-Oct-2024,29-Mar-2025
Patna (PAT),Kolkata (CCU),6E  0342,19:25,20:35,,Daily,27-Oct-2024,29-Mar-2025
Goa (GOI),Delhi (DEL),6E  2029,19:25,22:10,,Daily,27-Oct-2024,29-Mar-2025
Hyderabad (HYD),Mopa(GOX),6E  0946,19:25,20:40,,Daily,27-Oct-2024,29-Mar-2025
Chennai (MAA),Mangalore (IXE),6E  7727,19:25,21:05,,Daily,27-Oct-2024,29-Mar-2025
Jammu (IXJ),Mumbai (BOM),6E  0431,19:25,22:20,,Every Mon Tue Thu Fri Sat Sun,27-Oct-2024,02-Nov-2024
Mumbai (BOM),Aurangabad (IXU),6E  5392,19:25,20:40,,Every Mon Tue Wed Thu Sat Sun,27-Oct-2024,03-Nov-2024
Aurangabad (IXU),Hyderabad (HYD),6E  7147,19:25,20:50,,Every Mon Tue Wed Thu Sat Sun,27-Oct-2024,03-Nov-2024
Thiruvananthapuram (TRV),Hyderabad (HYD),6E  0335,19:25,21:10,,Every Mon Wed Fri Sat Sun,27-Oct-2024,03-Nov-2024
Bengaluru (BLR),Lucknow (LKO),6E  0903,19:25,22:00,,Every Mon Wed Thu Fri Sat Sun,27-Oct-2024,29-Mar-2025
Hyderabad (HYD),Chennai (MAA),6E  6174,19:25,20:45,,Every Mon Wed Thu Fri Sat Sun,27-Oct-2024,29-Mar-2025
Lucknow (LKO),Dammam (DMM),6E  0097,19:25,22:05,,Every Tue Thu Sat Sun,27-Oct-2024,17-Nov-2024
Mumbai (BOM),Bhopal (BHO),6E  0397,19:30,21:00,,Daily,27-Oct-2024,29-Mar-2025
Mumbai (BOM),Kochi (COK),6E  6327,19:30,21:25,,Daily,27-Oct-2024,29-Mar-2025
Delhi (DEL),Raipur (RPR),6E  2274,19:30,21:20,,Daily,27-Oct-2024,29-Mar-2025
Doha (DOH),Chennai (MAA),6E  1322,19:30,02:25,,Daily,27-Oct-2024,29-Mar-2025
Hyderabad (HYD),Mangalore (IXE),6E  7103,19:30,21:20,,Daily,27-Oct-2024,29-Mar-2025
Delhi (DEL),Kolkata (CCU),6E  6517,19:30,21:35,,Every Mon Tue Wed Fri Sat Sun,27-Oct-2024,03-Nov-2024
Dehradun (DED),Jaipur (JAI),6E  7148,19:30,20:50,,Every Mon Tue Wed Thu Sat Sun,27-Oct-2024,03-Nov-2024
Dehradun (DED),Indore (IDR),6E  7148,19:30,22:40,JAI,Every Mon Tue Wed Thu Sat Sun,27-Oct-2024,03-Nov-2024
Hyderabad (HYD),Abu Dhabi (AUH),6E  1407,19:35,22:25,,Daily,27-Oct-2024,29-Mar-2025
Kolkata (CCU),Guwahati (GAU),6E  6663,19:35,20:45,,Daily,27-Oct-2024,29-Mar-2025
Chennai (MAA),Thiruvananthapuram (TRV),6E  6149,19:35,20:55,,Daily,27-Oct-2024,03-Nov-2024
Indore (IDR),Delhi (DEL),6E  2010,19:35,21:10,,Every Mon Tue Wed Thu Sat Sun,27-Oct-2024,03-Nov-2024
Patna (PAT),Ahmedabad (AMD),6E  0178,19:40,21:55,,Daily,27-Oct-2024,29-Mar-2025
Mumbai (BOM),Abu Dhabi (AUH),6E  1401,19:40,21:40,,Daily,27-Oct-2024,29-Mar-2025
Singapore (SIN),Mumbai (BOM),6E  1012,19:40,23:25,,Daily,27-Oct-2024,29-Mar-2025
Delhi (DEL),Goa (GOI),6E  2603,19:40,22:10,,Daily,27-Oct-2024,29-Mar-2025
Singapore (SIN),Delhi (DEL),6E  1014,19:40,23:20,,Daily,27-Oct-2024,29-Mar-2025
Visakhapatnam (VTZ),Vijayawada (VGA),6E  7129,19:40,20:45,,Daily,27-Oct-2024,03-Nov-2024
Jeddah (JED),Bengaluru (BLR),6E  0078,19:40,03:50,,Every Wed Fri Sat Sun,27-Oct-2024,28-Mar-2025
Ahmedabad (AMD),Indore (IDR),6E  7187,19:45,20:55,,Daily,27-Oct-2024,29-Mar-2025
Bengaluru (BLR),Nagpur (NAG),6E  0486,19:45,21:35,,Daily,27-Oct-2024,29-Mar-2025
Mumbai (BOM),Lucknow (LKO),6E  5088,19:45,21:45,,Daily,27-Oct-2024,29-Mar-2025
Udaipur (UDR),Mumbai (BOM),6E  5148,19:45,21:25,,Daily,27-Oct-2024,10-Nov-2024
Delhi (DEL),Chennai (MAA),6E  2762,19:45,22:35,,Daily,27-Oct-2024,29-Mar-2025
Dubai (DXB),Chennai (MAA),6E  1472,19:45,01:15,,Daily,27-Oct-2024,24-Nov-2024
Jabalpur (JLR),Indore (IDR),6E  7315,19:45,21:15,,Daily,27-Oct-2024,29-Mar-2025
Bengaluru (BLR),Ahmedabad (AMD),6E  6423,19:50,22:05,,Daily,27-Oct-2024,29-Mar-2025
Bengaluru (BLR),Bhubaneshwar (BBI),6E  0411,19:50,21:55,,Daily,27-Oct-2024,29-Mar-2025
Bhubaneshwar (BBI),Delhi (DEL),6E  2024,19:50,22:30,,Daily,27-Oct-2024,29-Mar-2025
Goa (GOI),Bengaluru (BLR),6E  6298,19:50,21:10,,Daily,27-Oct-2024,29-Mar-2025
Pune (PNQ),Bengaluru (BLR),6E  6055,19:50,21:20,,Daily,27-Oct-2024,29-Mar-2025
Raipur (RPR),Bengaluru (BLR),6E  0979,19:50,21:45,,Daily,27-Oct-2024,29-Mar-2025
Jharsuguda (JRG),Kolkata (CCU),6E  7088,19:50,21:10,,Daily,27-Oct-2024,29-Mar-2025
Dehradun (DED),Delhi (DEL),6E  6581,19:50,20:40,,Daily,27-Oct-2024,29-Mar-2025
Tirupati (TIR),Hyderabad (HYD),6E  6591,19:50,20:50,,Daily,27-Oct-2024,29-Mar-2025
Lucknow (LKO),Bengaluru (BLR),6E  6354,19:50,22:25,,Every Tue Wed Thu Fri Sat Sun,27-Oct-2024,03-Nov-2024
Delhi (DEL),Ahmedabad (AMD),6E  2153,19:55,21:40,,Daily,27-Oct-2024,29-Mar-2025
Delhi (DEL),Azerbaijan(GYD),6E  1803,19:55,23:45,,Daily,27-Oct-2024,12-Nov-2024
Hyderabad (HYD),Delhi (DEL),6E  2233,19:55,22:20,,Daily,27-Oct-2024,30-Nov-2024
Tiruchirappalli (TRZ),Chennai (MAA),6E  7151,19:55,20:55,,Daily,27-Oct-2024,29-Mar-2025
Mumbai (BOM),Kuwait (KWI),6E  1235,19:55,22:10,,Every Mon Thu Sun,27-Oct-2024,10-Nov-2024
Bengaluru (BLR),Varanasi (VNS),6E  0185,19:55,22:15,,Every Mon Tue Wed Thu Sat Sun,27-Oct-2024,03-Nov-2024
Doha (DOH),Hyderabad (HYD),6E  1316,19:55,02:25,,Every Mon Wed Thu Fri Sat Sun,27-Oct-2024,29-Mar-2025
Hyderabad (HYD),Kochi (COK),6E  0169,19:55,21:30,,Every Thu Sat Sun,27-Oct-2024,17-Nov-2024
Delhi (DEL),Bhopal (BHO),6E  0894,20:00,21:20,,Daily,27-Oct-2024,29-Mar-2025
Delhi (DEL),Bengaluru (BLR),6E  2412,20:00,22:50,,Daily,27-Oct-2024,29-Mar-2025
Bengaluru (BLR),Hyderabad (HYD),6E  0855,20:00,21:25,,Daily,27-Oct-2024,03-Nov-2024
Varanasi (VNS),Mumbai (BOM),6E  5292,20:00,22:30,,Daily,27-Oct-2024,29-Mar-2025
Kozhikode (CCJ),Chennai (MAA),6E  7287,20:00,21:35,,Daily,27-Oct-2024,29-Mar-2025
Hyderabad (HYD),Kolkata (CCU),6E  0944,20:00,22:10,,Daily,27-Oct-2024,29-Mar-2025
Chennai (MAA),Kochi (COK),6E  6903,20:00,21:15,,Daily,27-Oct-2024,17-Nov-2024
Mumbai (BOM),Delhi (DEL),6E  2384,20:00,22:10,,Every Mon Tue Wed Thu Sat Sun,27-Oct-2024,03-Nov-2024
Delhi (DEL),Mumbai (BOM),6E  2303,20:00,22:30,,Every Mon Tue Wed Thu Sat Sun,27-Oct-2024,03-Nov-2024
Udaipur (UDR),Delhi (DEL),6E  2242,20:00,21:20,,Every Mon Tue Wed Thu Sat Sun,27-Oct-2024,03-Nov-2024
Ahmedabad (AMD),Bengaluru (BLR),6E  0481,20:05,22:15,,Daily,27-Oct-2024,29-Mar-2025
Chennai (MAA),Ahmedabad (AMD),6E  0678,20:05,22:25,,Daily,27-Oct-2024,29-Mar-2025
Belgaum (IXG),Bengaluru (BLR),6E  7239,20:05,21:25,,Daily,27-Oct-2024,29-Mar-2025
Bengaluru (BLR),Tiruchirappalli (TRZ),6E  7165,20:05,21:35,,Daily,27-Oct-2024,29-Mar-2025
Bengaluru (BLR),Kochi (COK),6E  0435,20:05,21:10,,Daily,27-Oct-2024,29-Mar-2025
Hyderabad (HYD),Jaipur (JAI),6E  6638,20:05,22:00,,Daily,27-Oct-2024,29-Mar-2025
Hyderabad (HYD),Vijayawada (VGA),6E  7283,20:05,21:05,,Daily,27-Oct-2024,29-Mar-2025
Mumbai (BOM),Chennai (MAA),6E  6229,20:05,21:55,,Every Mon Tue Wed Thu Sat Sun,27-Oct-2024,03-Nov-2024
Bengaluru (BLR),Jaipur (JAI),6E  0838,20:05,22:35,,Every Tue Wed Thu Fri Sat Sun,27-Oct-2024,03-Nov-2024
Guwahati (GAU),Bhubaneshwar (BBI),6E  6914,20:10,22:05,,Daily,27-Oct-2024,29-Mar-2025
Bhubaneshwar (BBI),Chennai (MAA),6E  0145,20:10,22:00,,Daily,27-Oct-2024,17-Nov-2024
Doha (DOH),Bengaluru (BLR),6E  1302,20:10,02:50,,Daily,27-Oct-2024,29-Mar-2025
Hubli (HBX),Bengaluru (BLR),6E  7378,20:10,21:15,,Daily,27-Oct-2024,29-Mar-2025
Madurai (IXM),Bengaluru (BLR),6E  7587,20:10,21:40,,Daily,27-Oct-2024,29-Mar-2025
Varanasi (VNS),Bengaluru (BLR),6E  0499,20:10,22:40,,Daily,27-Oct-2024,29-Mar-2025
Mumbai (BOM),Chandigarh (IXC),6E  6204,20:10,22:25,,Daily,27-Oct-2024,29-Mar-2025
Mumbai (BOM),Nagpur (NAG),6E  5064,20:10,21:40,,Daily,27-Oct-2024,29-Mar-2025
Delhi (DEL),Pune (PNQ),6E  2607,20:10,22:25,,Daily,27-Oct-2024,24-Nov-2024
Chennai (MAA),Hyderabad (HYD),6E  0193,20:10,21:25,,Daily,27-Oct-2024,10-Nov-2024
Hyderabad (HYD),Chandigarh (IXC),6E  6252,20:10,22:40,,Every Mon Tue Wed Thu Sat Sun,27-Oct-2024,03-Nov-2024
Delhi (DEL),Bhubaneshwar (BBI),6E  2201,20:15,22:20,,Daily,27-Oct-2024,10-Nov-2024
Kolkata (CCU),Bengaluru (BLR),6E  6314,20:15,23:05,,Daily,27-Oct-2024,29-Mar-2025
Bengaluru (BLR),Patna (PAT),6E  6256,20:15,22:45,,Daily,27-Oct-2024,14-Dec-2024
Istanbul (IST),Mumbai (BOM),6E  0018,20:15,04:55,,Daily,27-Oct-2024,04-Nov-2024
Mumbai (BOM),Mangalore (IXE),6E  5081,20:15,21:45,,Daily,27-Oct-2024,29-Mar-2025
Coimbatore (CJB),Singapore (SIN),6E  1093,20:15,03:15,,Daily,27-Oct-2024,29-Mar-2025
Delhi (DEL),Hyderabad (HYD),6E  2314,20:15,22:30,,Daily,27-Oct-2024,29-Mar-2025
Istanbul (IST),Delhi (DEL),6E  0012,20:15,04:40,,Daily,27-Oct-2024,14-Nov-2024
Vijayawada (VGA),Hyderabad (HYD),6E  7206,20:15,21:30,,Daily,27-Oct-2024,15-Nov-2024
Nagpur (NAG),Indore (IDR),6E  7318,20:15,21:30,,Daily,27-Oct-2024,29-Mar-2025
Nagpur (NAG),Jaipur (JAI),6E  7318,20:15,23:20,IDR,Daily,27-Oct-2024,29-Mar-2025
Hyderabad (HYD),Bengaluru (BLR),6E  0285,20:15,21:35,,Every Mon Tue Thu Fri Sat Sun,27-Oct-2024,03-Nov-2024
Bengaluru (BLR),Chandigarh (IXC),6E  6385,20:20,23:15,,Daily,27-Oct-2024,29-Mar-2025
Doha (DOH),Mumbai (BOM),6E  1306,20:20,02:15,,Daily,27-Oct-2024,29-Mar-2025
Delhi (DEL),Kochi (COK),6E  2345,20:20,23:30,,Daily,27-Oct-2024,29-Mar-2025
Ranchi (IXR),Delhi (DEL),6E  6031,20:20,22:20,,Daily,27-Oct-2024,14-Nov-2024
Patna (PAT),Delhi (DEL),6E  2792,20:20,22:10,,Daily,27-Oct-2024,29-Mar-2025
Hyderabad (HYD),Kozhikode (CCJ),6E  0875,20:25,22:05,,Daily,27-Oct-2024,30-Nov-2024
Kolkata (CCU),Nagpur (NAG),6E  0862,20:25,22:20,,Daily,27-Oct-2024,29-Mar-2025
Delhi (DEL),Guwahati (GAU),6E  0889,20:25,22:40,,Daily,27-Oct-2024,29-Mar-2025
Delhi (DEL),Thiruvananthapuram (TRV),6E  2189,20:25,23:45,,Daily,27-Oct-2024,29-Mar-2025
Indore (IDR),Kolkata (CCU),6E  6566,20:25,22:25,,Every Mon Tue Wed Thu Fri Sun,27-Oct-2024,01-Dec-2024
Ahmedabad (AMD),Mumbai (BOM),6E  5346,20:30,21:50,,Daily,27-Oct-2024,30-Nov-2024
Bengaluru (BLR),Mumbai (BOM),6E  5094,20:30,22:30,,Daily,27-Oct-2024,30-Nov-2024
Bengaluru (BLR),Delhi (DEL),6E  2062,20:30,23:30,,Daily,27-Oct-2024,29-Mar-2025
Mumbai (BOM),Kolkata (CCU),6E  5089,20:30,23:05,,Daily,27-Oct-2024,29-Mar-2025
Chennai (MAA),Mumbai (BOM),6E  5149,20:30,22:40,,Daily,27-Oct-2024,24-Nov-2024
Hyderabad (HYD),Coimbatore (CJB),6E  6232,20:30,21:55,,Daily,27-Oct-2024,29-Mar-2025
Guwahati (GAU),Delhi (DEL),6E  2096,20:30,23:25,,Daily,27-Oct-2024,29-Mar-2025
Delhi (DEL),Jeddah (JED),6E  0063,20:30,00:25,,Daily,27-Oct-2024,29-Mar-2025
Raipur (RPR),Chennai (MAA),6E  6138,20:30,22:15,,Daily,27-Oct-2024,29-Mar-2025
Visakhapatnam (VTZ),Delhi (DEL),6E  2776,20:30,23:00,,Every Mon Tue Wed Thu Sat Sun,27-Oct-2024,03-Nov-2024
Hyderabad (HYD),Chennai (MAA),6E  6316,20:30,21:50,,Every Mon Tue Wed Thu Sat Sun,27-Oct-2024,03-Nov-2024
Bhopal (BHO),Ahmedabad (AMD),6E  7569,20:35,22:05,,Daily,27-Oct-2024,29-Mar-2025
Delhi (DEL),Abu Dhabi (AUH),6E  1405,20:35,23:20,,Daily,27-Oct-2024,29-Mar-2025
Coimbatore (CJB),Mumbai (BOM),6E  5249,20:35,22:45,,Daily,27-Oct-2024,30-Nov-2024
Chandigarh (IXC),Kolkata (CCU),6E  6041,20:35,22:45,,Daily,27-Oct-2024,02-Nov-2024
Delhi (DEL),Varanasi (VNS),6E  6258,20:35,22:00,,Every Mon Tue Wed Thu Sat Sun,27-Oct-2024,03-Nov-2024
Visakhapatnam (VTZ),Hyderabad (HYD),6E  0883,20:40,21:55,,Daily,27-Oct-2024,29-Mar-2025
Visakhapatnam (VTZ),Ahmedabad (AMD),6E  0883,20:40,00:25,HYD,Daily,27-Oct-2024,29-Mar-2025
Ahmedabad (AMD),Chennai (MAA),6E  0348,20:40,22:55,,Daily,27-Oct-2024,03-Nov-2024
Delhi (DEL),Amritsar (ATQ),6E  2045,20:40,21:50,,Daily,27-Oct-2024,29-Mar-2025
Vadodara (BDQ),Delhi (DEL),6E  5164,20:40,22:20,,Daily,27-Oct-2024,29-Mar-2025
Bengaluru (BLR),Kolkata (CCU),6E  0975,20:40,23:10,,Daily,27-Oct-2024,29-Mar-2025
Kolkata (CCU),Ho Chi Minh (SGN),6E  1641,20:40,01:40,,Daily,27-Oct-2024,29-Mar-2025
Srinagar (SXR),Delhi (DEL),6E  2449,20:40,22:05,,Daily,27-Oct-2024,02-Nov-2024
Bhopal (BHO),Bengaluru (BLR),6E  6466,20:45,22:50,,Daily,27-Oct-2024,29-Mar-2025
Coimbatore (CJB),Pune (PNQ),6E  0671,20:45,22:15,,Daily,27-Oct-2024,21-Nov-2024
Mangalore (IXE),Delhi (DEL),6E  2344,20:45,23:40,,Daily,27-Oct-2024,29-Mar-2025
Hyderabad (HYD),Visakhapatnam (VTZ),6E  6285,20:45,22:00,,Every Mon Tue Wed Sat Sun,27-Oct-2024,03-Nov-2024
Kolkata (CCU),Hyderabad (HYD),6E  6154,20:45,23:00,,Every Mon Tue Wed Sun,27-Oct-2024,30-Oct-2024
Mumbai (BOM),Bengaluru (BLR),6E  5252,20:45,22:35,,Every Mon Tue Wed Thu Sat Sun,27-Oct-2024,03-Nov-2024
Chennai (MAA),Bengaluru (BLR),6E  6145,20:45,21:45,,Every Mon Tue Wed Thu Sun,27-Oct-2024,31-Oct-2024
Bengaluru (BLR),Mangalore (IXE),6E  0578,20:50,21:50,,Daily,27-Oct-2024,29-Mar-2025
Bengaluru (BLR),Pune (PNQ),6E  0441,20:50,22:20,,Daily,27-Oct-2024,29-Mar-2025
Mumbai (BOM),Jaipur (JAI),6E  5238,20:50,22:30,,Daily,27-Oct-2024,29-Mar-2025
Mumbai (BOM),Ras Al-Khaima (RKT),6E  1491,20:50,22:40,,Daily,27-Oct-2024,29-Mar-2025
Kolkata (CCU),Delhi (DEL),6E  2079,20:50,23:15,,Daily,27-Oct-2024,29-Mar-2025
Ranchi (IXR),Kolkata (CCU),6E  7235,20:50,22:00,,Daily,27-Oct-2024,29-Mar-2025
Kolkata (CCU),Pune (PNQ),6E  0476,20:50,23:35,,Daily,27-Oct-2024,29-Mar-2025
Dubai (DXB),Delhi (DEL),6E  1464,20:50,01:40,,Daily,27-Oct-2024,29-Mar-2025
Chennai (MAA),Tiruchirappalli (TRZ),6E  7051,20:50,22:05,,Daily,27-Oct-2024,29-Mar-2025
Hyderabad (HYD),Pune (PNQ),6E  0426,20:50,22:00,,Every Mon Tue Fri Sat Sun,27-Oct-2024,03-Nov-2024
Nagpur (NAG),Delhi (DEL),6E  2652,20:50,22:35,,Every Mon Tue Wed Thu Sat Sun,27-Oct-2024,03-Nov-2024
Bhubaneshwar (BBI),Ahmedabad (AMD),6E  6654,20:50,23:30,,Every Wed Sun,27-Oct-2024,30-Oct-2024
Ahmedabad (AMD),Pune (PNQ),6E  0794,20:55,22:05,,Daily,27-Oct-2024,29-Mar-2025
Patna (PAT),Bengaluru (BLR),6E  6452,20:55,23:35,,Daily,27-Oct-2024,29-Mar-2025
Mopa(GOX),Mumbai (BOM),6E  5101,20:55,22:15,,Daily,27-Oct-2024,24-Nov-2024
Hyderabad (HYD),Indore (IDR),6E  0621,20:55,22:25,,Daily,27-Oct-2024,29-Mar-2025
Rajahmundry (RJA),Hyderabad (HYD),6E  7567,20:55,22:05,,Daily,27-Oct-2024,29-Mar-2025
Mumbai (BOM),Goa (GOI),6E  5137,20:55,22:05,,Every Mon Tue Wed Thu Sun,27-Oct-2024,31-Oct-2024
Colombo (CMB),Chennai (MAA),6E  1174,20:55,22:15,,Every Wed Fri Sun,27-Oct-2024,10-Nov-2024
Ahmedabad (AMD),Delhi (DEL),6E  2209,21:00,22:40,,Daily,27-Oct-2024,29-Mar-2025
Vadodara (BDQ),Mumbai (BOM),6E  2169,21:00,22:25,,Daily,27-Oct-2024,29-Mar-2025
Kozhikode (CCJ),Bengaluru (BLR),6E  0153,21:00,21:55,,Daily,27-Oct-2024,29-Mar-2025
Mopa(GOX),Bengaluru (BLR),6E  0901,21:00,22:15,,Daily,27-Oct-2024,29-Mar-2025
Indore (IDR),Bengaluru (BLR),6E  6744,21:00,23:00,,Daily,27-Oct-2024,29-Mar-2025
Mumbai (BOM),Delhi (DEL),6E  0102,21:00,23:15,,Daily,27-Oct-2024,05-Jan-2025
Delhi (DEL),Mumbai (BOM),6E  0395,21:00,23:25,,Daily,27-Oct-2024,05-Jan-2025
Mumbai (BOM),Guwahati (GAU),6E  0319,21:00,23:55,,Daily,27-Oct-2024,29-Mar-2025
Lucknow (LKO),Kolkata (CCU),6E  6469,21:00,22:35,,Daily,27-Oct-2024,29-Mar-2025
Hyderabad (HYD),Goa (GOI),6E  0984,21:00,22:20,,Daily,27-Oct-2024,29-Mar-2025
Ranchi (IXR),Pune (PNQ),6E  6272,21:00,23:10,,Daily,27-Oct-2024,29-Mar-2025
Hyderabad (HYD),Riyadh (RUH),6E  0093,21:00,23:55,,Every Fri Sun,27-Oct-2024,28-Mar-2025
Raipur (RPR),Mumbai (BOM),6E  5049,21:00,23:00,,Every Mon Tue Wed Thu Sun,27-Oct-2024,31-Oct-2024
Delhi (DEL),Kuwait (KWI),6E  1231,21:00,23:15,,Every Mon Wed Thu Fri Sat Sun,27-Oct-2024,29-Mar-2025
Goa (GOI),Delhi (DEL),6E  2326,21:00,23:30,,Every Sun,27-Oct-2024,03-Nov-2024
Mumbai (BOM),Bahrain (BAH),6E  1201,21:05,22:45,,Daily,27-Oct-2024,29-Mar-2025
Delhi (DEL),Chandigarh (IXC),6E  2194,21:05,22:05,,Daily,27-Oct-2024,29-Mar-2025
Chennai (MAA),Delhi (DEL),6E  2017,21:05,00:10,,Daily,27-Oct-2024,29-Mar-2025
Delhi (DEL),Nagpur (NAG),6E  2601,21:05,22:50,,Daily,27-Oct-2024,29-Nov-2024
Chandigarh (IXC),Jaipur (JAI),6E  7413,21:05,22:40,,Daily,27-Oct-2024,29-Mar-2025
Madurai (IXM),Chennai (MAA),6E  7253,21:05,22:25,,Daily,27-Oct-2024,29-Mar-2025
Lucknow (LKO),Jaipur (JAI),6E  7321,21:05,22:50,,Daily,27-Oct-2024,14-Dec-2024
Vijayawada (VGA),Chennai (MAA),6E  7139,21:05,22:30,,Daily,27-Oct-2024,03-Nov-2024
Bengaluru (BLR),Thiruvananthapuram (TRV),6E  6626,21:05,22:30,,Every Mon Sun,27-Oct-2024,28-Oct-2024
Goa (GOI),Ahmedabad (AMD),6E  0281,21:05,22:50,,Every Mon Tue Thu Fri Sat Sun,27-Oct-2024,30-Nov-2024
Ahmedabad (AMD),Hyderabad (HYD),6E  6728,21:05,22:45,,Every Mon Tue Thu Sat Sun,27-Oct-2024,03-Nov-2024
Delhi (DEL),Indore (IDR),6E  2208,21:05,22:35,,Every Mon Tue Wed Fri Sat Sun,27-Oct-2024,03-Nov-2024
Mumbai (BOM),Hyderabad (HYD),6E  5056,21:05,22:30,,Every Mon Tue Wed Thu Sat Sun,27-Oct-2024,03-Nov-2024
Jeddah (JED),Mumbai (BOM),6E  0062,21:05,04:30,,Every Mon Wed Thu Fri Sat Sun,27-Oct-2024,29-Mar-2025
Kolkata (CCU),Ahmedabad (AMD),6E  0961,21:10,00:15,,Daily,27-Oct-2024,29-Mar-2025
Nagpur (NAG),Ahmedabad (AMD),6E  7169,21:10,23:10,,Daily,27-Oct-2024,29-Mar-2025
Rajahmundry (RJA),Bengaluru (BLR),6E  7232,21:10,23:00,,Daily,27-Oct-2024,29-Mar-2025
Chennai (MAA),Coimbatore (CJB),6E  0731,21:10,22:10,,Daily,27-Oct-2024,17-Nov-2024
Delhi (DEL),Jaipur (JAI),6E  2042,21:10,22:05,,Daily,27-Oct-2024,29-Mar-2025
Delhi (DEL),Pune (PNQ),6E  5342,21:10,23:15,,Daily,27-Oct-2024,29-Mar-2025
Mopa(GOX),Hyderabad (HYD),6E  0945,21:10,22:20,,Daily,27-Oct-2024,29-Mar-2025
Patna (PAT),Hyderabad (HYD),6E  6683,21:10,23:25,,Daily,27-Oct-2024,29-Mar-2025
Lucknow (LKO),Indore (IDR),6E  7221,21:10,23:15,,Daily,27-Oct-2024,29-Mar-2025
Varanasi (VNS),Chennai (MAA),6E  6044,21:10,23:25,,Daily,27-Oct-2024,29-Mar-2025
Ranchi (IXR),Hyderabad (HYD),6E  0191,21:10,23:05,,Every Mon Tue Thu Fri Sat Sun,27-Oct-2024,03-Nov-2024
Aurangabad (IXU),Mumbai (BOM),6E  5383,21:10,22:20,,Every Mon Tue Wed Thu Sat Sun,27-Oct-2024,03-Nov-2024
Visakhapatnam (VTZ),Kolkata (CCU),6E  0617,21:10,22:35,,Every Mon Tue Wed Thu Sat Sun,27-Oct-2024,03-Nov-2024
Jaipur (JAI),Indore (IDR),6E  7148,21:10,22:40,,Every Mon Tue Wed Thu Sat Sun,27-Oct-2024,03-Nov-2024
Kochi (COK),Kuwait (KWI),6E  1237,21:10,00:15,,Every Mon Wed Fri Sat Sun,27-Oct-2024,17-Nov-2024
Indore (IDR),Ahmedabad (AMD),6E  7168,21:15,22:25,,Daily,27-Oct-2024,29-Mar-2025
Bengaluru (BLR),Indore (IDR),6E  0747,21:15,23:20,,Daily,27-Oct-2024,29-Mar-2025
Bengaluru (BLR),Singapore (SIN),6E  1005,21:15,04:30,,Daily,27-Oct-2024,29-Mar-2025
Delhi (DEL),Kolkata (CCU),6E  5014,21:15,23:20,,Daily,27-Oct-2024,29-Mar-2025
Guwahati (GAU),Kolkata (CCU),6E  6664,21:15,22:40,,Daily,27-Oct-2024,29-Mar-2025
Hyderabad (HYD),Kochi (COK),6E  0204,21:15,22:50,,Daily,27-Oct-2024,29-Mar-2025
Delhi (DEL),Doha (DOH),6E  1307,21:15,23:20,,Daily,27-Oct-2024,29-Mar-2025
Raipur (RPR),Hyderabad (HYD),6E  7249,21:15,23:05,,Daily,27-Oct-2024,29-Mar-2025
Nagpur (NAG),Mopa(GOX),6E  0123,21:15,22:50,,Every Mon Tue Thu Fri Sat Sun,27-Oct-2024,29-Mar-2025
Kolkata (CCU),Patna (PAT),6E  7060,21:15,22:50,,Every Mon Tue Wed Sat Sun,27-Oct-2024,03-Nov-2024
Bhubaneshwar (BBI),Hyderabad (HYD),6E  0631,21:15,23:00,,Every Mon Tue Wed Thu Sat Sun,27-Oct-2024,03-Nov-2024
Coimbatore (CJB),Delhi (DEL),6E  5046,21:15,00:20,,Every Mon Tue Wed Thu Sat Sun,27-Oct-2024,03-Nov-2024
Chennai (MAA),Hyderabad (HYD),6E  0341,21:15,22:30,,Every Mon Tue Wed Thu Sat Sun,27-Oct-2024,03-Nov-2024
Bhubaneshwar (BBI),Kolkata (CCU),6E  7117,21:20,22:40,,Daily,27-Oct-2024,29-Mar-2025
Bengaluru (BLR),Jaipur (JAI),6E  6273,21:20,23:55,,Daily,27-Oct-2024,29-Mar-2025
Chennai (MAA),Kolkata (CCU),6E  0923,21:20,23:30,,Daily,27-Oct-2024,17-Nov-2024
Delhi (DEL),Dammam (DMM),6E  0083,21:20,23:35,,Daily,27-Oct-2024,29-Mar-2025
Patna (PAT),Delhi (DEL),6E  5166,21:20,23:10,,Daily,27-Oct-2024,29-Mar-2025
Pune (PNQ),Delhi (DEL),6E  2369,21:20,23:35,,Daily,27-Oct-2024,03-Nov-2024
Lucknow (LKO),Pune (PNQ),6E  0118,21:20,23:30,,Daily,27-Oct-2024,29-Mar-2025
Hyderabad (HYD),Varanasi (VNS),6E  5350,21:20,23:10,,Every Mon Tue Wed Sat Sun,27-Oct-2024,03-Nov-2024
Nagpur (NAG),Hyderabad (HYD),6E  7695,21:20,22:50,,Every Mon Tue Wed Thu Sat Sun,27-Oct-2024,03-Nov-2024
Bengaluru (BLR),Abu Dhabi (AUH),6E  1419,21:25,23:50,,Daily,27-Oct-2024,30-Nov-2024
Coimbatore (CJB),Bengaluru (BLR),6E  7012,21:25,22:25,,Daily,27-Oct-2024,29-Mar-2025
Dubai (DXB),Mumbai (BOM),6E  1456,21:25,02:00,,Daily,27-Oct-2024,29-Mar-2025
Mumbai (BOM),Muscat (MCT),6E  1267,21:25,22:55,,Daily,27-Oct-2024,29-Mar-2025
Surat (STV),Delhi (DEL),6E  2082,21:25,23:15,,Daily,27-Oct-2024,29-Mar-2025
Vijayawada (VGA),Hyderabad (HYD),6E  7284,21:25,22:40,,Daily,27-Oct-2024,29-Mar-2025
Mangalore (IXE),Chennai (MAA),6E  7212,21:25,23:10,,Daily,27-Oct-2024,29-Mar-2025
Thiruvananthapuram (TRV),Chennai (MAA),6E  6959,21:25,22:40,,Daily,27-Oct-2024,03-Nov-2024
Hyderabad (HYD),Bhubaneshwar (BBI),6E  0922,21:25,23:00,,Every Mon Tue Wed Thu Sat Sun,27-Oct-2024,03-Nov-2024
Chennai (MAA),Kochi (COK),6E  0156,21:25,22:40,,Every Mon Wed Thu Fri Sat Sun,27-Oct-2024,29-Mar-2025
Mumbai (BOM),Ahmedabad (AMD),6E  5268,21:30,22:40,,Daily,27-Oct-2024,30-Nov-2024
Bhopal (BHO),Mumbai (BOM),6E  0396,21:30,23:10,,Daily,27-Oct-2024,29-Mar-2025
Patna (PAT),Mumbai (BOM),6E  6619,21:30,00:20,,Daily,27-Oct-2024,29-Mar-2025
Raipur (RPR),Kolkata (CCU),6E  7216,21:30,23:25,,Daily,27-Oct-2024,29-Mar-2025
Bengaluru (BLR),Coimbatore (CJB),6E  0556,21:30,22:30,,Daily,27-Oct-2024,29-Mar-2025
Delhi (DEL),Lucknow (LKO),6E  2318,21:30,22:40,,Daily,27-Oct-2024,29-Mar-2025
Delhi (DEL),Hyderabad (HYD),6E  2027,21:30,23:45,,Every Mon Tue Wed Thu Fri Sun,27-Oct-2024,03-Nov-2024
Indore (IDR),Mumbai (BOM),6E  0552,21:30,23:05,,Every Mon Tue Wed Thu Sat Sun,27-Oct-2024,03-Nov-2024
Kolkata (CCU),Guwahati (GAU),6E  0572,21:30,22:40,,Every Mon Tue Wed Thu Sat Sun,27-Oct-2024,03-Nov-2024
Hyderabad (HYD),Chennai (MAA),6E  6617,21:30,22:45,,Every Mon Wed Fri Sun,27-Oct-2024,03-Nov-2024
Delhi (DEL),Almaty(ALA),6E  1801,21:35,00:35,,Daily,27-Oct-2024,29-Mar-2025
Ahmedabad (AMD),Kuwait (KWI),6E  1243,21:35,23:40,,Daily,27-Oct-2024,29-Mar-2025
Delhi (DEL),Bengaluru (BLR),6E  0477,21:35,00:25,,Daily,27-Oct-2024,29-Mar-2025
Goa (GOI),Kochi (COK),6E  0885,21:35,22:55,,Daily,27-Oct-2024,29-Mar-2025
Jaipur (JAI),Pune (PNQ),6E  6116,21:35,23:20,,Daily,27-Oct-2024,29-Mar-2025
Jaipur (JAI),Ahmedabad (AMD),6E  7138,21:40,23:20,,Daily,27-Oct-2024,29-Mar-2025
Mangalore (IXE),Hyderabad (HYD),6E  7241,21:40,23:30,,Daily,27-Oct-2024,29-Mar-2025
Hyderabad (HYD),Thiruvananthapuram (TRV),6E  5381,21:40,23:25,,Daily,27-Oct-2024,29-Mar-2025
Hyderabad (HYD),Mumbai (BOM),6E  5003,21:40,23:20,,Every Mon Tue Wed Thu Sat Sun,27-Oct-2024,03-Nov-2024
Bengaluru (BLR),Goa (GOI),6E  6168,21:40,23:00,,Every Mon Tue Wed Thu Sun,27-Oct-2024,31-Oct-2024
Ahmedabad (AMD),Chandigarh (IXC),6E  6506,21:45,23:25,,Daily,27-Oct-2024,29-Mar-2025
Kolkata (CCU),Bangkok (BKK),6E  1057,21:45,01:55,,Daily,27-Oct-2024,21-Nov-2024
Kochi (COK),Bengaluru (BLR),6E  0472,21:45,22:50,,Daily,27-Oct-2024,29-Mar-2025
Kolkata (CCU),Mumbai (BOM),6E  0115,21:45,00:50,,Daily,27-Oct-2024,30-Nov-2024
Mumbai (BOM),Indore (IDR),6E  0225,21:45,23:00,,Daily,27-Oct-2024,29-Mar-2025
Hyderabad (HYD),Kolkata (CCU),6E  6369,21:45,23:45,,Daily,27-Oct-2024,29-Mar-2025
Kolkata (CCU),Chennai (MAA),6E  0723,21:45,00:10,,Every Mon Tue Wed Thu Sat Sun,27-Oct-2024,03-Nov-2024
Delhi (DEL),Chennai (MAA),6E  6341,21:45,00:30,,Every Mon Tue Wed Thu Sat Sun,27-Oct-2024,03-Nov-2024
Lucknow (LKO),Hyderabad (HYD),6E  6166,21:45,23:45,,Every Mon Tue Wed Thu Sat Sun,27-Oct-2024,03-Nov-2024
Mumbai (BOM),Doha (DOH),6E  1341,21:50,23:10,,Daily,27-Oct-2024,29-Mar-2025
Mumbai (BOM),Chennai (MAA),6E  5291,21:50,23:50,,Daily,27-Oct-2024,30-Nov-2024
Bengaluru (BLR),Delhi (DEL),6E  2307,21:50,00:45,,Every Mon Tue Wed Sat Sun,27-Oct-2024,03-Nov-2024
Tiruchirappalli (TRZ),Bengaluru (BLR),6E  7166,21:55,23:05,,Daily,27-Oct-2024,29-Mar-2025
Kozhikode (CCJ),Jeddah (JED),6E  0065,21:55,01:40,,Daily,27-Oct-2024,29-Mar-2025
Kochi (COK),Chennai (MAA),6E  6904,21:55,23:05,,Daily,27-Oct-2024,17-Nov-2024
Lucknow (LKO),Sharjah (SHJ),6E  1423,21:55,00:55,,Daily,27-Oct-2024,29-Mar-2025
Bhopal (BHO),Delhi (DEL),6E  2109,22:00,23:20,,Daily,27-Oct-2024,29-Mar-2025
Kolkata (CCU),Bengaluru (BLR),6E  0573,22:00,00:45,,Daily,27-Oct-2024,29-Mar-2025
Bengaluru (BLR),Hyderabad (HYD),6E  0684,22:00,23:20,,Daily,27-Oct-2024,29-Mar-2025
Hyderabad (HYD),Bengaluru (BLR),6E  6505,22:00,23:15,,Daily,27-Oct-2024,03-Nov-2024
Delhi (DEL),Mumbai (BOM),6E  6114,22:00,00:25,,Daily,27-Oct-2024,05-Jan-2025
Raipur (RPR),Delhi (DEL),6E  5215,22:00,23:55,,Daily,27-Oct-2024,29-Mar-2025
Indore (IDR),Chennai (MAA),6E  0756,22:00,00:05,,Daily,27-Oct-2024,29-Mar-2025
Indore (IDR),Jaipur (JAI),6E  7318,22:00,23:20,,Daily,27-Oct-2024,29-Mar-2025
Jaipur (JAI),Kolkata (CCU),6E  6427,22:00,00:05,,Every Mon Tue Wed Thu Sat Sun,27-Oct-2024,03-Nov-2024
Kochi (COK),Abu Dhabi (AUH),6E  1403,22:00,00:55,,Every Mon Wed Fri Sat Sun,27-Oct-2024,17-Nov-2024
Amritsar (ATQ),Mumbai (BOM),6E  0278,22:05,00:35,,Daily,27-Oct-2024,27-Nov-2024
Nagpur (NAG),Bengaluru (BLR),6E  6803,22:05,23:45,,Daily,27-Oct-2024,29-Mar-2025
Mumbai (BOM),Dammam (DMM),6E  0081,22:05,23:45,,Daily,27-Oct-2024,29-Mar-2025
Kolkata (CCU),Hanoi (HAN),6E  1631,22:05,02:10,,Daily,27-Oct-2024,29-Mar-2025
Chandigarh (IXC),Pune (PNQ),6E  0681,22:05,00:30,,Daily,27-Oct-2024,29-Mar-2025
Chandigarh (IXC),Kochi (COK),6E  0681,22:05,02:55,PNQ,Daily,27-Oct-2024,29-Mar-2025
Hyderabad (HYD),Dammam (DMM),6E  0085,22:05,00:45,,Daily,27-Oct-2024,29-Mar-2025
Mumbai (BOM),Bengaluru (BLR),6E  5388,22:05,23:45,,Every Mon Tue Wed Thu Sat Sun,27-Oct-2024,03-Nov-2024
Bengaluru (BLR),Mumbai (BOM),6E  5295,22:10,00:10,,Daily,27-Oct-2024,30-Nov-2024
Mumbai (BOM),Goa (GOI),6E  6106,22:10,23:15,,Daily,27-Oct-2024,10-Nov-2024
Delhi (DEL),Ahmedabad (AMD),6E  2013,22:15,00:00,,Daily,27-Oct-2024,29-Mar-2025
Ahmedabad (AMD),Jeddah (JED),6E  0075,22:15,01:40,,Daily,27-Oct-2024,29-Mar-2025
Bengaluru (BLR),Kolkata (CCU),6E  0952,22:15,00:45,,Daily,27-Oct-2024,29-Mar-2025
Bengaluru (BLR),Kochi (COK),6E  6919,22:15,23:25,,Daily,27-Oct-2024,29-Mar-2025
Dubai (DXB),Bengaluru (BLR),6E  1486,22:15,03:30,,Daily,27-Oct-2024,29-Mar-2025
Kochi (COK),Mumbai (BOM),6E  0548,22:15,00:20,,Daily,27-Oct-2024,30-Nov-2024
Mumbai (BOM),Delhi (DEL),6E  0651,22:15,00:30,,Daily,27-Oct-2024,13-Nov-2024
Lucknow (LKO),Mumbai (BOM),6E  2245,22:15,00:35,,Daily,27-Oct-2024,29-Mar-2025
Mumbai (BOM),Nagpur (NAG),6E  5243,22:15,23:40,,Daily,27-Oct-2024,29-Mar-2025
Chennai (MAA),Kuala Lumpur (KUL),6E  1031,22:15,04:45,,Daily,27-Oct-2024,29-Mar-2025
Kolkata (CCU),Delhi (DEL),6E  2415,22:15,01:00,,Every Mon Tue Wed Fri Sat Sun,27-Oct-2024,03-Nov-2024
Ahmedabad (AMD),Bengaluru (BLR),6E  0996,22:20,00:40,,Daily,27-Oct-2024,29-Mar-2025
Amritsar (ATQ),Delhi (DEL),6E  2473,22:20,23:35,,Daily,27-Oct-2024,29-Mar-2025
Chennai (MAA),Singapore (SIN),6E  1001,22:20,05:10,,Daily,27-Oct-2024,29-Mar-2025
Mangalore (IXE),Mumbai (BOM),6E  0164,22:25,00:05,,Daily,27-Oct-2024,29-Mar-2025
Coimbatore (CJB),Hyderabad (HYD),6E  6231,22:25,23:50,,Daily,27-Oct-2024,29-Mar-2025
Delhi (DEL),Tashkent (TAS),6E  1805,22:25,01:05,,Daily,27-Oct-2024,29-Mar-2025
Hyderabad (HYD),Kuwait (KWI),6E  1233,22:25,01:30,,Daily,27-Oct-2024,29-Mar-2025
Tiruchirappalli (TRZ),Chennai (MAA),6E  7052,22:25,23:30,,Daily,27-Oct-2024,29-Mar-2025
Jeddah (JED),Hyderabad (HYD),6E  0068,22:25,06:10,,Every Mon Wed Thu Fri Sat Sun,27-Oct-2024,29-Mar-2025
Ahmedabad (AMD),Abu Dhabi (AUH),6E  1431,22:30,00:25,,Daily,27-Oct-2024,29-Mar-2025
Chennai (MAA),Kannur (CNN),6E  6073,22:30,23:45,,Daily,27-Oct-2024,29-Mar-2025
Delhi (DEL),Hyderabad (HYD),6E  0494,22:30,00:45,,Daily,27-Oct-2024,29-Mar-2025
Jaipur (JAI),Hyderabad (HYD),6E  0816,22:30,00:30,,Daily,27-Oct-2024,29-Mar-2025
Singapore (SIN),Chennai (MAA),6E  1004,22:30,00:15,,Daily,27-Oct-2024,29-Mar-2025
Chennai (MAA),Mumbai (BOM),6E  6225,22:30,00:35,,Every Mon Tue Wed Thu Sat Sun,27-Oct-2024,03-Nov-2024
Hyderabad (HYD),Ahmedabad (AMD),6E  0883,22:35,00:25,,Daily,27-Oct-2024,29-Mar-2025
Lucknow (LKO),Bengaluru (BLR),6E  0906,22:35,01:10,,Daily,27-Oct-2024,29-Mar-2025
Bengaluru (BLR),Pune (PNQ),6E  0116,22:35,00:05,,Daily,27-Oct-2024,29-Mar-2025
Jaipur (JAI),Delhi (DEL),6E  5136,22:35,23:35,,Daily,27-Oct-2024,29-Mar-2025
Varanasi (VNS),Delhi (DEL),6E  5229,22:35,00:05,,Every Mon Tue Wed Thu Sat Sun,27-Oct-2024,03-Nov-2024
Chennai (MAA),Hyderabad (HYD),6E  6317,22:35,23:50,,Every Mon Tue Wed Thu Sat Sun,27-Oct-2024,03-Nov-2024
Abu Dhabi (AUH),Mumbai (BOM),6E  1402,22:40,03:05,,Daily,27-Oct-2024,29-Mar-2025
Bhubaneshwar (BBI),Bengaluru (BLR),6E  0611,22:40,00:50,,Daily,27-Oct-2024,29-Mar-2025
Coimbatore (CJB),Chennai (MAA),6E  6315,22:40,23:45,,Daily,27-Oct-2024,17-Nov-2024
Chennai (MAA),Pune (PNQ),6E  0561,22:40,00:20,,Daily,27-Oct-2024,29-Mar-2025
Sharjah (SHJ),Thiruvananthapuram (TRV),6E  1426,22:40,04:15,,Daily,27-Oct-2024,29-Mar-2025
Pune (PNQ),Hyderabad (HYD),6E  0103,22:40,00:00,,Every Mon Tue Sun,27-Oct-2024,29-Oct-2024
Visakhapatnam (VTZ),Hyderabad (HYD),6E  6286,22:40,23:55,,Every Mon Tue Wed Sat Sun,27-Oct-2024,03-Nov-2024
Bengaluru (BLR),Chennai (MAA),6E  6146,22:40,23:40,,Every Mon Tue Wed Sun,27-Oct-2024,30-Oct-2024
Goa (GOI),Mumbai (BOM),6E  5138,22:40,00:10,,Every Mon Tue Wed Thu Sun,27-Oct-2024,31-Oct-2024
Pune (PNQ),Ahmedabad (AMD),6E  0547,22:45,00:05,,Daily,27-Oct-2024,29-Mar-2025
Kozhikode (CCJ),Delhi (DEL),6E  2773,22:45,01:55,,Daily,27-Oct-2024,29-Nov-2024
Goa (GOI),Delhi (DEL),6E  2164,22:45,01:15,,Daily,27-Oct-2024,29-Mar-2025
Dubai (DXB),Hyderabad (HYD),6E  1466,22:45,03:50,,Daily,27-Oct-2024,29-Mar-2025
Riyadh (RUH),Delhi (DEL),6E  0072,22:45,05:30,,Every Fri Sat Sun,27-Oct-2024,03-Nov-2024
Ahmedabad (AMD),Mumbai (BOM),6E  6794,22:45,00:05,,Every Mon Tue Wed Fri Sat Sun,27-Oct-2024,03-Nov-2024
Hyderabad (HYD),Ras Al-Khaima (RKT),6E  1495,22:45,01:25,,Every Mon Wed Fri Sat Sun,27-Oct-2024,17-Nov-2024
Bhubaneshwar (BBI),Delhi (DEL),6E  2202,22:50,01:20,,Daily,27-Oct-2024,10-Nov-2024
Indore (IDR),Mumbai (BOM),6E  6598,22:55,00:20,,Daily,27-Oct-2024,29-Mar-2025
Nagpur (NAG),Mumbai (BOM),6E  5302,22:55,00:30,,Daily,27-Oct-2024,29-Mar-2025
Guwahati (GAU),Pune (PNQ),6E  0746,22:55,02:20,,Daily,27-Oct-2024,30-Nov-2024
Pune (PNQ),Chennai (MAA),6E  0238,22:55,00:40,,Daily,27-Oct-2024,21-Nov-2024
Ahmedabad (AMD),Delhi (DEL),6E  5006,23:00,00:40,,Daily,27-Oct-2024,29-Mar-2025
Coimbatore (CJB),Bengaluru (BLR),6E  5355,23:00,23:50,,Daily,27-Oct-2024,29-Mar-2025
Delhi (DEL),Bengaluru (BLR),6E  6131,23:00,01:45,,Daily,27-Oct-2024,29-Mar-2025
Mumbai (BOM),Lucknow (LKO),6E  5264,23:00,01:10,,Daily,27-Oct-2024,29-Mar-2025
Delhi (DEL),Chennai (MAA),6E  2386,23:00,01:50,,Daily,27-Oct-2024,29-Mar-2025
Pune (PNQ),Delhi (DEL),6E  2278,23:00,01:15,,Daily,27-Oct-2024,21-Nov-2024
Thiruvananthapuram (TRV),Bengaluru (BLR),6E  6627,23:00,00:15,,Every Mon Sun,27-Oct-2024,28-Oct-2024
Bengaluru (BLR),Delhi (DEL),6E  6813,23:00,01:55,,Every Mon Tue Wed Fri Sat Sun,27-Oct-2024,03-Nov-2024
Varanasi (VNS),Bengaluru (BLR),6E  0184,23:00,01:30,,Every Mon Tue Wed Thu Sat Sun,27-Oct-2024,03-Nov-2024
Goa (GOI),Hyderabad (HYD),6E  0985,23:00,00:00,,Every Mon Tue Wed Thu Sun,27-Oct-2024,31-Oct-2024
Ahmedabad (AMD),Chennai (MAA),6E  0679,23:05,01:25,,Daily,27-Oct-2024,29-Mar-2025
Jaipur (JAI),Bengaluru (BLR),6E  0373,23:05,01:35,,Daily,27-Oct-2024,29-Mar-2025
Hyderabad (HYD),Goa (GOI),6E  6532,23:05,00:20,,Every Mon Tue Wed Sat Sun,27-Oct-2024,03-Nov-2024
Lucknow (LKO),Delhi (DEL),6E  2058,23:10,00:25,,Daily,27-Oct-2024,29-Mar-2025
Pune (PNQ),Thiruvananthapuram (TRV),6E  6647,23:10,01:05,,Daily,27-Oct-2024,17-Nov-2024
Kuwait (KWI),Mumbai (BOM),6E  1236,23:10,05:35,,Every Mon Thu Sun,27-Oct-2024,10-Nov-2024
Indore (IDR),Delhi (DEL),6E  2019,23:10,00:40,,Every Mon Tue Wed Fri Sat Sun,27-Oct-2024,03-Nov-2024
Mumbai (BOM),Ahmedabad (AMD),6E  0296,23:15,00:25,,Daily,27-Oct-2024,29-Mar-2025
Mumbai (BOM),Hyderabad (HYD),6E  5393,23:15,00:40,,Daily,27-Oct-2024,30-Nov-2024
Jaipur (JAI),Mumbai (BOM),6E  0546,23:15,01:05,,Daily,27-Oct-2024,29-Mar-2025
Chennai (MAA),Delhi (DEL),6E  2282,23:15,02:10,,Daily,27-Oct-2024,29-Mar-2025
Bengaluru (BLR),Hyderabad (HYD),6E  6178,23:15,00:25,,Every Mon Tue Wed Sat Sun,27-Oct-2024,03-Nov-2024
Hyderabad (HYD),Chennai (MAA),6E  6007,23:15,00:25,,Every Mon Tue Wed Thu Sat Sun,27-Oct-2024,03-Nov-2024
Mangalore (IXE),Abu Dhabi (AUH),6E  1438,23:20,01:35,,Daily,27-Oct-2024,29-Mar-2025
Nagpur (NAG),Delhi (DEL),6E  5209,23:20,01:05,,Daily,27-Oct-2024,29-Nov-2024
Patna (PAT),Kolkata (CCU),6E  7050,23:20,00:50,,Every Mon Tue Wed Sat Sun,27-Oct-2024,03-Nov-2024
Kochi (COK),Muscat (MCT),6E  1271,23:20,01:40,,Every Tue Thu Sat Sun,27-Oct-2024,17-Nov-2024
Patna (PAT),Bengaluru (BLR),6E  6257,23:25,02:00,,Daily,27-Oct-2024,14-Dec-2024
Kochi (COK),Hyderabad (HYD),6E  0742,23:25,01:05,,Daily,27-Oct-2024,29-Mar-2025
Mopa(GOX),Pune (PNQ),6E  6943,23:25,00:15,,Daily,27-Oct-2024,29-Mar-2025
Bengaluru (BLR),Mumbai (BOM),6E  6283,23:30,01:15,,Every Mon Tue Wed Thu Sat Sun,27-Oct-2024,03-Nov-2024
Mumbai (BOM),Delhi (DEL),6E  2007,23:30,01:45,,Every Mon Tue Wed Thu Sat Sun,27-Oct-2024,03-Nov-2024
Goa (GOI),Bengaluru (BLR),6E  6163,23:30,00:35,,Every Mon Tue Wed Thu Sun,27-Oct-2024,31-Oct-2024
Chennai (MAA),Abu Dhabi (AUH),6E  1411,23:30,02:35,,Every Mon Wed Fri Sat Sun,27-Oct-2024,17-Nov-2024
Hyderabad (HYD),Muscat (MCT),6E  1273,23:30,01:45,,Every Tue Thu Fri Sat Sun,27-Oct-2024,17-Nov-2024
Dammam (DMM),Lucknow (LKO),6E  0098,23:30,05:55,,Every Tue Thu Sat Sun,27-Oct-2024,17-Nov-2024
Kozhikode (CCJ),Dubai (DXB),6E  1473,23:35,02:15,,Daily,27-Oct-2024,20-Nov-2024
Hyderabad (HYD),Mumbai (BOM),6E  5195,23:35,01:15,,Every Mon Tue Wed Thu Sat Sun,27-Oct-2024,03-Nov-2024
Varanasi (VNS),Hyderabad (HYD),6E  5360,23:40,01:40,,Every Mon Tue Wed Sat Sun,27-Oct-2024,03-Nov-2024
Ahmedabad (AMD),Mumbai (BOM),6E  5192,23:45,01:05,,Daily,27-Oct-2024,29-Mar-2025
Abu Dhabi (AUH),Hyderabad (HYD),6E  1408,23:45,04:50,,Daily,27-Oct-2024,29-Mar-2025
Bahrain (BAH),Mumbai (BOM),6E  1202,23:45,05:40,,Daily,27-Oct-2024,29-Mar-2025
Goa (GOI),Mumbai (BOM),6E  0205,23:45,01:10,,Daily,27-Oct-2024,10-Nov-2024
Nagpur (NAG),Pune (PNQ),6E  0835,23:45,01:05,,Daily,27-Oct-2024,29-Mar-2025
Amritsar (ATQ),Pune (PNQ),6E  6129,23:50,02:15,,Daily,27-Oct-2024,29-Mar-2025
Ras Al-Khaima (RKT),Mumbai (BOM),6E  1492,23:50,04:30,,Daily,27-Oct-2024,29-Mar-2025
Delhi (DEL),Pune (PNQ),6E  2618,23:50,01:55,,Daily,27-Oct-2024,29-Mar-2025
Indore (IDR),Pune (PNQ),6E  0147,23:50,01:00,,Daily,27-Oct-2024,29-Mar-2025
Pune (PNQ),Nagpur (NAG),6E  6798,23:50,01:15,,Daily,27-Oct-2024,21-Nov-2024
Hyderabad (HYD),Bengaluru (BLR),6E  0949,23:50,01:05,,Every Mon Tue Wed Thu Sat Sun,27-Oct-2024,03-Nov-2024
Delhi (DEL),Mumbai (BOM),6E  0519,23:55,02:15,,Daily,27-Oct-2024,10-Nov-2024
Muscat (MCT),Mumbai (BOM),6E  1268,23:55,04:25,,Daily,27-Oct-2024,29-Mar-2025
Pune (PNQ),Delhi (DEL),6E  5343,23:55,02:10,,Daily,27-Oct-2024,21-Nov-2024
Lucknow (LKO),Abu Dhabi (AUH),6E  1415,23:55,03:10,,Every Tue Thu Sun,27-Oct-2024,31-Oct-2024
Delhi (DEL),Bengaluru (BLR),6E  2227,00:15,03:00,,Every Mon Sun,28-Oct-2024,03-Nov-2024
Ahmedabad (AMD),Delhi (DEL),6E  2354,00:20,02:00,,Every Mon,28-Oct-2024,28-Oct-2024
Mumbai (BOM),Jeddah (JED),6E  0091,00:40,04:10,,Every Mon Sat,28-Oct-2024,02-Nov-2024
Goa (GOI),Hyderabad (HYD),6E  0206,00:50,01:55,,Every Mon Tue Wed Thu Sat Sun,28-Oct-2024,03-Nov-2024
Riyadh (RUH),Hyderabad (HYD),6E  0094,00:55,08:05,,Every Mon Sat,28-Oct-2024,29-Mar-2025
Delhi (DEL),Ahmedabad (AMD),6E  2353,01:15,02:45,,Every Mon Tue Wed Thu Fri Sun,28-Oct-2024,03-Nov-2024
Ras Al-Khaima (RKT),Hyderabad (HYD),6E  1496,02:25,07:20,,Every Mon Tue Thu Sat Sun,28-Oct-2024,17-Nov-2024
Mumbai (BOM),Bengaluru (BLR),6E  6284,02:30,04:05,,Every Mon Tue Wed Thu Fri Sun,28-Oct-2024,03-Nov-2024
Muscat (MCT),Hyderabad (HYD),6E  1274,02:45,07:20,,Every Mon Wed Fri Sat Sun,28-Oct-2024,17-Nov-2024
Abu Dhabi (AUH),Chandigarh (IXC),6E  1417,04:10,08:55,,Every Mon Wed Fri Sat,28-Oct-2024,29-Nov-2024
Delhi (DEL),Nagpur (NAG),6E  2431,04:40,06:25,,Every Mon,28-Oct-2024,28-Oct-2024
Bengaluru (BLR),Patna (PAT),6E  6243,05:20,07:50,,Every Mon Wed Thu Fri Sun,28-Oct-2024,03-Nov-2024
Chandigarh (IXC),Delhi (DEL),6E  2315,05:45,06:45,,Every Mon Tue Wed Thu Fri Sat,28-Oct-2024,29-Mar-2025
Chandigarh (IXC),Hyderabad (HYD),6E  0867,06:20,08:45,,Every Mon Tue Wed Thu Fri Sat,28-Oct-2024,29-Mar-2025
Bengaluru (BLR),Indore (IDR),6E  0959,06:20,08:25,,Every Mon Wed Fri Sat,28-Oct-2024,29-Mar-2025
Bengaluru (BLR),Chandigarh (IXC),6E  0959,06:20,10:50,IDR,Every Mon Wed Fri Sat,28-Oct-2024,29-Mar-2025
Chennai (MAA),Hyderabad (HYD),6E  0495,06:40,07:55,,Every Mon Tue Wed Fri Sat Sun,28-Oct-2024,03-Nov-2024
Nagpur (NAG),Delhi (DEL),6E  2432,06:55,08:40,,Every Mon,28-Oct-2024,28-Oct-2024
Delhi (DEL),Raipur (RPR),6E  2076,06:55,08:45,,Every Mon Tue Wed Thu Fri Sat,28-Oct-2024,02-Nov-2024
Mumbai (BOM),Durgapur (RDP),6E  5341,07:35,10:05,,Every Mon Wed Thu Sat,28-Oct-2024,29-Mar-2025
Delhi (DEL),Chandigarh (IXC),6E  2316,07:40,08:35,,Every Mon Tue Wed Thu Fri Sat,28-Oct-2024,29-Mar-2025
Coimbatore (CJB),Chennai (MAA),6E  0981,08:00,08:55,,Every Mon Tue Wed Thu Fri Sat,28-Oct-2024,02-Nov-2024
Coimbatore (CJB),Durgapur (RDP),6E  0981,08:00,12:10,MAA,Every Mon Tue Wed Thu Fri Sat,28-Oct-2024,02-Nov-2024
Udaipur (UDR),Jaipur (JAI),6E  7718,08:20,09:25,,Every Mon Tue Thu Fri,28-Oct-2024,28-Mar-2025
Udaipur (UDR),Chandigarh (IXC),6E  7718,08:20,11:20,JAI,Every Mon Tue Thu Fri,28-Oct-2024,28-Mar-2025
Patna (PAT),Bengaluru (BLR),6E  0247,08:20,11:05,,Every Mon Wed Thu Fri Sun,28-Oct-2024,03-Nov-2024
Hyderabad (HYD),Bengaluru (BLR),6E  0151,08:35,09:50,,Every Mon Tue Wed Thu Sat Sun,28-Oct-2024,03-Nov-2024
Ahmedabad (AMD),Ayodhya (AYJ),6E  6687,08:45,10:35,,Every Mon Wed Fri,28-Oct-2024,28-Mar-2025
Chandigarh (IXC),Mopa(GOX),6E  6056,09:10,12:00,,Every Mon Tue Wed Thu Fri Sat,28-Oct-2024,29-Mar-2025
Indore (IDR),Chandigarh (IXC),6E  0959,09:10,10:50,,Every Mon Wed Fri Sat,28-Oct-2024,29-Mar-2025
Raipur (RPR),Delhi (DEL),6E  2191,09:15,11:15,,Every Mon Tue Wed Thu Fri Sat,28-Oct-2024,02-Nov-2024
Chennai (MAA),Indore (IDR),6E  0991,09:15,11:25,,Every Mon Wed,28-Oct-2024,30-Oct-2024
Ahmedabad (AMD),Chandigarh (IXC),6E  6375,09:30,11:10,,Every Mon Tue Thu Fri Sat,28-Oct-2024,29-Mar-2025
Mumbai (BOM),Chandigarh (IXC),6E  5262,09:40,12:00,,Every Mon Tue Wed Thu Fri Sat,28-Oct-2024,29-Mar-2025
Jaipur (JAI),Chandigarh (IXC),6E  7718,09:45,11:20,,Every Mon Tue Thu Fri,28-Oct-2024,28-Mar-2025
Chennai (MAA),Durgapur (RDP),6E  0981,09:50,12:10,,Every Mon Tue Wed Thu Fri Sat,28-Oct-2024,02-Nov-2024
Delhi (DEL),Hollongi (HGI),6E  5927,10:15,12:50,,Every Mon Tue Thu Sat,28-Oct-2024,14-Nov-2024
Chandigarh (IXC),Abu Dhabi (AUH),6E  1418,10:15,12:45,,Every Mon Wed Fri Sat,28-Oct-2024,30-Nov-2024
Hyderabad (HYD),Chandigarh (IXC),6E  0108,10:20,12:50,,Every Mon Tue Wed Thu Fri Sat,28-Oct-2024,29-Mar-2025
Kolkata (CCU),Shillong (SHL),6E  7304,10:25,12:10,,Every Mon Wed Fri,28-Oct-2024,28-Mar-2025
Durgapur (RDP),Mumbai (BOM),6E  5308,10:45,13:35,,Every Mon Wed Thu Sat,28-Oct-2024,29-Mar-2025
Delhi (DEL),kangra(DHM),6E  7485,11:00,12:30,,Every Mon Tue Thu Fri,28-Oct-2024,28-Mar-2025
Hyderabad (HYD),Jagdalpur (JGB),6E  7104,11:05,12:30,,Every Mon Fri,28-Oct-2024,28-Mar-2025
Chennai (MAA),Kurnool (KJB),6E  7047,11:05,12:15,,Every Mon Wed Fri,28-Oct-2024,28-Mar-2025
Delhi (DEL),Dibrugarh (DIB),6E  2254,11:10,13:45,,Every Mon Tue Thu Fri,28-Oct-2024,28-Mar-2025
Kolkata (CCU),Pune (PNQ),6E  0135,11:10,13:50,,Every Mon Wed Fri,28-Oct-2024,28-Mar-2025
Kolkata (CCU),Vadodara (BDQ),6E  0135,11:10,15:45,PNQ,Every Mon Wed Fri,28-Oct-2024,28-Mar-2025
Ayodhya (AYJ),Ahmedabad (AMD),6E  6109,11:15,13:25,,Every Mon Fri,28-Oct-2024,28-Mar-2025
Dubai (DXB),Bhubaneshwar (BBI),6E  1488,11:25,17:00,,Every Mon Wed Fri,28-Oct-2024,28-Mar-2025
Chandigarh (IXC),Ahmedabad (AMD),6E  0112,11:40,13:30,,Every Mon Tue Thu Fri Sat,28-Oct-2024,29-Mar-2025
Srinagar (SXR),Chandigarh (IXC),6E  0262,11:40,12:50,,Every Mon Tue Wed Thu Fri Sat,28-Oct-2024,29-Mar-2025
Delhi (DEL),Ahmedabad (AMD),6E  2286,11:45,13:30,,Every Mon Tue Thu Fri Sat Sun,28-Oct-2024,29-Mar-2025
Indore (IDR),Pune (PNQ),6E  6192,11:55,13:00,,Every Mon Wed,28-Oct-2024,30-Oct-2024
Jammu (IXJ),Leh (IXL),6E  0293,11:55,12:50,,Every Mon Wed Fri,28-Oct-2024,28-Mar-2025
Chandigarh (IXC),Jaipur (JAI),6E  7719,12:00,13:25,,Every Mon Tue Thu Fri,28-Oct-2024,28-Mar-2025
Delhi (DEL),Jammu (IXJ),6E  2609,12:00,13:35,,Every Mon Tue Thu Fri Sat,28-Oct-2024,02-Nov-2024
Delhi (DEL),Srinagar (SXR),6E  2609,12:00,14:45,IXJ,Every Mon Tue Thu Fri Sat,28-Oct-2024,02-Nov-2024
Delhi (DEL),Delhi (DEL),6E  2609,12:00,17:05,IXJ/SXR,Every Mon Tue Thu Fri Sat,28-Oct-2024,02-Nov-2024
Chandigarh (IXC),Indore (IDR),6E  6738,12:15,14:00,,Every Mon Wed Fri Sat,28-Oct-2024,29-Mar-2025
Chandigarh (IXC),Bengaluru (BLR),6E  6738,12:15,16:30,IDR,Every Mon Wed Fri Sat,28-Oct-2024,29-Mar-2025
Bengaluru (BLR),Pune (PNQ),6E  6104,12:25,13:55,,Every Mon Tue Wed Thu Fri Sun,28-Oct-2024,28-Mar-2025
Ahmedabad (AMD),Srinagar (SXR),6E  6265,12:30,14:30,,Every Mon Tue Thu Fri Sat Sun,28-Oct-2024,29-Mar-2025
Mopa(GOX),Chandigarh (IXC),6E  6015,12:35,15:20,,Every Mon Tue Wed Thu Fri Sat,28-Oct-2024,29-Mar-2025
Kurnool (KJB),Chennai (MAA),6E  7048,12:35,13:40,,Every Mon Wed Fri,28-Oct-2024,28-Mar-2025
Chandigarh (IXC),Mumbai (BOM),6E  5263,12:40,15:10,,Every Mon Tue Wed Thu Fri Sat,28-Oct-2024,29-Mar-2025
Shillong (SHL),Imphal (IMF),6E  7686,12:45,13:35,,Every Mon Wed Fri,28-Oct-2024,28-Mar-2025
Jagdalpur (JGB),Hyderabad (HYD),6E  7105,12:50,14:15,,Every Mon Fri,28-Oct-2024,28-Mar-2025
kangra(DHM),Chandigarh (IXC),6E  7722,12:50,14:00,,Every Mon Tue Thu Fri,28-Oct-2024,28-Mar-2025
Kolkata (CCU),Agartala (IXA),6E  6616,13:05,14:00,,Every Mon Wed Thu Sat,28-Oct-2024,29-Mar-2025
Hollongi (HGI),Delhi (DEL),6E  5928,13:25,16:35,,Every Mon Tue Thu Sat,28-Oct-2024,14-Nov-2024
Delhi (DEL),Pune (PNQ),6E  2193,13:25,15:40,,Every Mon Tue Wed Thu Fri Sun,28-Oct-2024,28-Mar-2025
Chandigarh (IXC),Delhi (DEL),6E  2195,13:30,14:30,,Every Mon Tue Wed Thu Fri Sat,28-Oct-2024,29-Mar-2025
Pune (PNQ),Indore (IDR),6E  6191,13:55,15:05,,Every Mon Wed,28-Oct-2024,30-Oct-2024
Imphal (IMF),Shillong (SHL),6E  7685,13:55,15:00,,Every Mon Wed Fri,28-Oct-2024,28-Mar-2025
Jammu (IXJ),Srinagar (SXR),6E  2609,14:05,14:45,,Every Mon Tue Thu Fri Sat,28-Oct-2024,02-Nov-2024
Jammu (IXJ),Delhi (DEL),6E  2609,14:05,17:05,SXR,Every Mon Tue Thu Fri Sat,28-Oct-2024,02-Nov-2024
Chandigarh (IXC),Srinagar (SXR),6E  6352,14:10,15:15,,Every Mon Tue Wed Thu Fri Sat,28-Oct-2024,29-Mar-2025
Chandigarh (IXC),kangra(DHM),6E  7721,14:20,15:15,,Every Mon Tue Thu Fri,28-Oct-2024,28-Mar-2025
Hyderabad (HYD),Hirasar Airport(HSR),6E  0487,14:25,16:15,,Every Mon Wed Fri Sat,28-Oct-2024,29-Mar-2025
Agartala (IXA),Kolkata (CCU),6E  6956,14:30,15:35,,Every Mon Wed Thu Sat,28-Oct-2024,29-Mar-2025
Pune (PNQ),Vadodara (BDQ),6E  0135,14:35,15:45,,Every Mon Wed Fri,28-Oct-2024,28-Mar-2025
Indore (IDR),Bengaluru (BLR),6E  6738,14:35,16:30,,Every Mon Wed Fri Sat,28-Oct-2024,29-Mar-2025
Pune (PNQ),Bengaluru (BLR),6E  0302,14:40,16:20,,Every Mon Tue Wed Thu Fri Sun,28-Oct-2024,28-Mar-2025
Bengaluru (BLR),Jeddah (JED),6E  0077,14:45,18:30,,Every Mon Tue,28-Oct-2024,04-Nov-2024
Hyderabad (HYD),Rajahmundry (RJA),6E  7058,15:10,16:35,,Every Mon Tue Thu Fri,28-Oct-2024,28-Mar-2025
Srinagar (SXR),Ahmedabad (AMD),6E  6266,15:10,17:30,,Every Mon Tue Thu Fri Sat,28-Oct-2024,29-Mar-2025
Srinagar (SXR),Delhi (DEL),6E  2609,15:25,17:05,,Every Mon Tue Thu Fri Sat,28-Oct-2024,02-Nov-2024
kangra(DHM),Delhi (DEL),6E  7486,15:35,17:10,,Every Mon Tue Thu Fri,28-Oct-2024,28-Mar-2025
Indore (IDR),Chennai (MAA),6E  0995,15:40,17:45,,Every Mon Wed,28-Oct-2024,30-Oct-2024
Shillong (SHL),Kolkata (CCU),6E  7309,15:40,17:30,,Every Mon Wed Fri,28-Oct-2024,28-Mar-2025
Srinagar (SXR),Bengaluru (BLR),6E  6498,15:55,19:30,,Every Mon Tue Wed Thu Fri Sat,28-Oct-2024,29-Mar-2025
Bengaluru (BLR),Visakhapatnam (VTZ),6E  0969,16:15,17:45,,Every Mon,28-Oct-2024,28-Oct-2024
Bengaluru (BLR),Lucknow (LKO),6E  0451,16:50,19:20,,Every Mon,28-Oct-2024,28-Oct-2024
Rajahmundry (RJA),Hyderabad (HYD),6E  7059,16:55,18:05,,Every Mon Tue Thu Fri,28-Oct-2024,28-Mar-2025
Vadodara (BDQ),Pune (PNQ),6E  6561,16:55,18:00,,Every Mon Wed Fri,28-Oct-2024,28-Mar-2025
Vadodara (BDQ),Kolkata (CCU),6E  6561,16:55,21:20,PNQ,Every Mon Wed Fri,28-Oct-2024,28-Mar-2025
Hirasar Airport(HSR),Hyderabad (HYD),6E  0488,16:55,18:35,,Every Mon Wed Fri Sat,28-Oct-2024,29-Mar-2025
Bhubaneshwar (BBI),Dubai (DXB),6E  1487,17:55,21:45,,Every Mon Wed Fri,28-Oct-2024,28-Mar-2025
Delhi (DEL),Mopa(GOX),6E  2279,18:00,20:30,,Every Mon Wed,28-Oct-2024,30-Oct-2024
Ahmedabad (AMD),Bhubaneshwar (BBI),6E  6013,18:10,20:10,,Every Mon Tue Thu Fri Sat Sun,28-Oct-2024,29-Mar-2025
Delhi (DEL),Jammu (IXJ),6E  5050,18:10,19:40,,Every Mon Tue Thu Fri Sat Sun,28-Oct-2024,10-Nov-2024
Visakhapatnam (VTZ),Bengaluru (BLR),6E  2772,18:25,20:00,,Every Mon,28-Oct-2024,28-Oct-2024
Delhi (DEL),Hyderabad (HYD),6E  2768,18:25,20:40,,Every Mon Tue Wed Thu Sat Sun,28-Oct-2024,03-Nov-2024
Pune (PNQ),Kolkata (CCU),6E  6561,18:55,21:20,,Every Mon Wed Fri,28-Oct-2024,28-Mar-2025
Jeddah (JED),Bengaluru (BLR),6E  0078,19:25,03:35,,Every Mon Tue Thu,28-Oct-2024,27-Mar-2025
Lucknow (LKO),Bengaluru (BLR),6E  6354,19:50,22:25,,Every Mon,28-Oct-2024,28-Oct-2024
Bengaluru (BLR),Jaipur (JAI),6E  0838,20:05,22:35,,Every Mon,28-Oct-2024,28-Oct-2024
Jammu (IXJ),Delhi (DEL),6E  2527,20:15,21:35,,Every Mon Tue Thu Fri Sat Sun,28-Oct-2024,10-Nov-2024
Jaipur (JAI),Bengaluru (BLR),6E  6429,20:15,22:55,,Every Mon Tue Wed Thu Sat Sun,28-Oct-2024,03-Nov-2024
Kochi (COK),Bengaluru (BLR),6E  6922,20:20,21:25,,Every Mon Tue Wed Thu,28-Oct-2024,04-Nov-2024
Bhubaneshwar (BBI),Ahmedabad (AMD),6E  6654,20:50,23:30,,Every Mon Tue Thu Fri Sat Sun,28-Oct-2024,29-Mar-2025
Mopa(GOX),Delhi (DEL),6E  2326,21:00,23:30,,Every Mon Wed,28-Oct-2024,30-Oct-2024
Hyderabad (HYD),Delhi (DEL),6E  2256,21:30,23:45,,Every Mon Tue Wed Thu Sat Sun,28-Oct-2024,03-Nov-2024
Bhubaneshwar (BBI),Bangkok (BKK),6E  1065,22:45,02:55,,Every Mon Fri,28-Oct-2024,28-Mar-2025
Riyadh (RUH),Delhi (DEL),6E  0072,22:45,05:35,,Every Mon Tue Wed Thu,28-Oct-2024,31-Oct-2024
Bengaluru (BLR),Jaipur (JAI),6E  6428,23:40,01:55,,Every Mon Tue Wed Thu Sat Sun,28-Oct-2024,03-Nov-2024
Lucknow (LKO),Abu Dhabi (AUH),6E  1415,23:55,03:15,,Every Mon Wed,28-Oct-2024,30-Oct-2024
Delhi (DEL),Bengaluru (BLR),6E  2227,00:15,03:00,,Every Tue Thu,29-Oct-2024,31-Oct-2024
Ahmedabad (AMD),Delhi (DEL),6E  2354,00:20,02:00,,Every Tue Wed Thu Fri Sun,29-Oct-2024,03-Nov-2024
Hyderabad (HYD),Delhi (DEL),6E  2352,00:35,02:50,,Every Tue Wed Thu,29-Oct-2024,31-Oct-2024
Mumbai (BOM),Jeddah (JED),6E  0091,00:55,04:15,,Every Tue Fri,29-Oct-2024,01-Nov-2024
Delhi (DEL),Hyderabad (HYD),6E  2351,01:00,03:15,,Every Tue Wed,29-Oct-2024,30-Oct-2024
Mumbai (BOM),Hyderabad (HYD),6E  0564,04:05,05:35,,Every Tue Wed Thu,29-Oct-2024,31-Oct-2024
Abu Dhabi (AUH),Coimbatore (CJB),6E  1498,04:15,09:10,,Every Tue Thu Sun,29-Oct-2024,28-Nov-2024
Jaipur (JAI),Chandigarh (IXC),6E  7742,05:05,06:25,,Every Tue Thu Sat,29-Oct-2024,14-Dec-2024
Jeddah (JED),Mumbai (BOM),6E  0092,05:30,12:55,,Every Tue,29-Oct-2024,29-Oct-2024
Bangkok (BKK),Bhubaneshwar (BBI),6E  1066,05:30,06:45,,Every Tue Sat,29-Oct-2024,29-Mar-2025
Bengaluru (BLR),Thiruvananthapuram (TRV),6E  0873,05:35,06:55,,Daily,29-Oct-2024,29-Mar-2025
Delhi (DEL),Bengaluru (BLR),6E  2061,05:45,08:25,,Daily,29-Oct-2024,29-Mar-2025
Delhi (DEL),Hubli (HBX),6E  2511,06:05,08:45,,Every Tue Thu Sat,29-Oct-2024,29-Mar-2025
Guwahati (GAU),Delhi (DEL),6E  2339,06:15,09:00,,Daily,29-Oct-2024,29-Mar-2025
Delhi (DEL),Srinagar (SXR),6E  2641,06:45,08:15,,Every Tue Thu,29-Oct-2024,31-Oct-2024
Chandigarh (IXC),Jaipur (JAI),6E  7743,06:45,08:20,,Every Tue Thu Sat,29-Oct-2024,14-Dec-2024
Bengaluru (BLR),Kochi (COK),6E  6445,07:10,08:25,,Every Tue Thu Fri Sat Sun,29-Oct-2024,03-Nov-2024
Thiruvananthapuram (TRV),Bengaluru (BLR),6E  6629,07:25,08:40,,Daily,29-Oct-2024,29-Mar-2025
Lucknow (LKO),Nagpur (NAG),6E  7462,07:25,09:25,,Every Tue Thu Sat,29-Oct-2024,14-Dec-2024
Lucknow (LKO),Aurangabad (IXU),6E  7462,07:25,11:05,NAG,Every Tue Thu Sat,29-Oct-2024,14-Dec-2024
Lucknow (LKO),Goa (GOI),6E  7462,07:25,13:40,NAG/IXU,Every Tue Thu Sat,29-Oct-2024,14-Dec-2024
Guwahati (GAU),Kolkata (CCU),6E  0201,07:30,09:05,,Every Tue Thu Sat,29-Oct-2024,14-Dec-2024
Guwahati (GAU),Amritsar (ATQ),6E  0201,07:30,12:25,CCU,Every Tue Thu Sat,29-Oct-2024,14-Dec-2024
Bengaluru (BLR),Mopa(GOX),6E  6176,07:45,09:05,,Every Tue,29-Oct-2024,29-Oct-2024
Chennai (MAA),Bengaluru (BLR),6E  6815,08:40,09:40,,Every Tue Thu Sat,29-Oct-2024,29-Mar-2025
Chennai (MAA),Kanpur (KNU),6E  6815,08:40,12:50,BLR,Every Tue Thu Sat,29-Oct-2024,29-Mar-2025
Srinagar (SXR),Delhi (DEL),6E  2221,08:55,10:30,,Every Tue Thu,29-Oct-2024,31-Oct-2024
Kochi (COK),Bengaluru (BLR),6E  6482,08:55,10:00,,Every Tue Thu Fri Sat Sun,29-Oct-2024,03-Nov-2024
Guwahati (GAU),Hyderabad (HYD),6E  6881,09:00,11:55,,Every Tue,29-Oct-2024,25-Mar-2025
Bhubaneshwar (BBI),Prayagraj (IXD),6E  7265,09:00,11:00,,Every Tue Thu Sat,29-Oct-2024,14-Dec-2024
Delhi (DEL),Kolkata (CCU),6E  2104,09:00,10:55,,Every Tue Wed,29-Oct-2024,26-Mar-2025
Bengaluru (BLR),Kochi (COK),6E  0113,09:00,10:10,,Every Tue Wed Thu Sat,29-Oct-2024,02-Nov-2024
Hubli (HBX),Delhi (DEL),6E  2512,09:15,11:50,,Every Tue Thu Sat,29-Oct-2024,29-Mar-2025
Chennai (MAA),Surat (STV),6E  0991,09:15,11:25,,Every Tue Thu Sun,29-Oct-2024,27-Mar-2025
Ahmedabad (AMD),Bengaluru (BLR),6E  0823,09:35,11:45,,Every Tue,29-Oct-2024,25-Mar-2025
Mopa(GOX),Bengaluru (BLR),6E  6075,09:35,10:40,,Every Tue,29-Oct-2024,29-Oct-2024
Kolkata (CCU),Amritsar (ATQ),6E  0201,09:35,12:25,,Every Tue Thu Sat,29-Oct-2024,14-Dec-2024
Bengaluru (BLR),Aurangabad (IXU),6E  0516,09:35,11:15,,Every Tue Thu Sat,29-Oct-2024,29-Mar-2025
Bengaluru (BLR),Kurnool (KJB),6E  7176,09:35,10:55,,Every Tue Thu Sat,29-Oct-2024,29-Mar-2025
Bengaluru (BLR),Agartala (IXA),6E  0524,09:45,12:35,,Every Tue Thu Sat,29-Oct-2024,29-Mar-2025
Bengaluru (BLR),Dibrugarh (DIB),6E  0524,09:45,14:20,IXA,Every Tue Thu Sat,29-Oct-2024,29-Mar-2025
Nagpur (NAG),Aurangabad (IXU),6E  7462,09:45,11:05,,Every Tue Thu Sat,29-Oct-2024,14-Dec-2024
Nagpur (NAG),Goa (GOI),6E  7462,09:45,13:40,IXU,Every Tue Thu Sat,29-Oct-2024,14-Dec-2024
Kochi (COK),Male (MLE),6E  1133,09:50,10:50,,Every Tue,29-Oct-2024,25-Mar-2025
Bhubaneshwar (BBI),Bengaluru (BLR),6E  0703,10:10,12:20,,Every Tue,29-Oct-2024,25-Mar-2025
Coimbatore (CJB),Abu Dhabi (AUH),6E  1497,10:10,12:45,,Every Tue Thu Sun,29-Oct-2024,28-Nov-2024
Mumbai (BOM),Bengaluru (BLR),6E  5076,10:15,12:00,,Every Tue,29-Oct-2024,25-Mar-2025
Leh (IXL),Chandigarh (IXC),6E  0291,10:15,11:15,,Every Tue Thu Sat,29-Oct-2024,29-Mar-2025
Bengaluru (BLR),Kanpur (KNU),6E  6815,10:20,12:50,,Every Tue Thu Sat,29-Oct-2024,29-Mar-2025
Tirupati (TIR),Vijayawada (VGA),6E  7422,10:20,11:30,,Every Tue Thu Sat,29-Oct-2024,29-Mar-2025
Tirupati (TIR),Shirdi (SAG),6E  7422,10:20,14:10,VGA,Every Tue Thu Sat,29-Oct-2024,29-Mar-2025
Tirupati (TIR),Indore (IDR),6E  7422,10:20,15:55,VGA/SAG,Every Tue Thu Sat,29-Oct-2024,29-Mar-2025
Tirupati (TIR),Lucknow (LKO),6E  7422,10:20,19:10,,Every Tue Thu Sat,29-Oct-2024,29-Mar-2025
Mumbai (BOM),Jaipur (JAI),6E  0594,10:35,12:25,,Every Tue Thu Sat,29-Oct-2024,30-Nov-2024
Hyderabad (HYD),Prayagraj (IXD),6E  6291,10:50,12:45,,Every Tue Thu Sat,29-Oct-2024,29-Mar-2025
Bengaluru (BLR),Bareilly (BEK),6E  6533,11:05,14:05,,Every Tue Thu Sat,29-Oct-2024,29-Mar-2025
Kurnool (KJB),Visakhapatnam (VTZ),6E  7195,11:15,12:55,,Every Tue Thu Sat,29-Oct-2024,29-Mar-2025
Delhi (DEL),Bhopal (BHO),6E  2433,11:20,12:35,,Every Tue Thu,29-Oct-2024,31-Oct-2024
Mumbai (BOM),Tiruchirappalli (TRZ),6E  0591,11:20,13:25,,Every Tue Thu Sat,29-Oct-2024,29-Mar-2025
Jaipur (JAI),Indore (IDR),6E  7154,11:20,12:50,,Every Tue Thu Sat,29-Oct-2024,14-Dec-2024
Jaipur (JAI),Nasik(ISK),6E  7154,11:20,14:20,IDR,Every Tue Thu Sat,29-Oct-2024,14-Dec-2024
Shillong (SHL),Kolkata (CCU),6E  7314,11:25,12:55,,Every Tue,29-Oct-2024,25-Mar-2025
Bhubaneshwar (BBI),Durgapur (RDP),6E  7504,11:30,13:10,,Every Tue Thu Sat,29-Oct-2024,29-Mar-2025
Udaipur (UDR),Bengaluru (BLR),6E  0412,11:35,14:00,,Every Tue,29-Oct-2024,25-Mar-2025
Prayagraj (IXD),Bhubaneshwar (BBI),6E  7266,11:35,13:25,,Every Tue Thu Sat,29-Oct-2024,14-Dec-2024
Deoghar (DGH),Ranchi (IXR),6E  7965,11:35,12:30,,Every Tue Thu Sat,29-Oct-2024,29-Mar-2025
Aurangabad (IXU),Goa (GOI),6E  7462,11:40,13:40,,Every Tue Thu Sat,29-Oct-2024,14-Dec-2024
Mumbai (BOM),Agra (AGR),6E  5316,11:45,13:50,,Every Tue Thu Sat,29-Oct-2024,09-Nov-2024
Chandigarh (IXC),Leh (IXL),6E  0293,11:45,12:50,,Every Tue Thu Sat,29-Oct-2024,29-Mar-2025
Male (MLE),Kochi (COK),6E  1134,11:55,13:45,,Every Tue,29-Oct-2024,25-Mar-2025
Vijayawada (VGA),Shirdi (SAG),6E  7422,11:55,14:10,,Every Tue Thu Sat,29-Oct-2024,29-Mar-2025
Vijayawada (VGA),Indore (IDR),6E  7422,11:55,15:55,SAG,Every Tue Thu Sat,29-Oct-2024,29-Mar-2025
Vijayawada (VGA),Lucknow (LKO),6E  7422,11:55,19:10,SAG/IDR,Every Tue Thu Sat,29-Oct-2024,29-Mar-2025
Dubai (DXB),Kochi (COK),6E  1476,12:00,17:40,,Every Tue,29-Oct-2024,25-Mar-2025
Aurangabad (IXU),Bengaluru (BLR),6E  0517,12:00,13:30,,Every Tue Thu Sat,29-Oct-2024,29-Mar-2025
Agatti(AGX),Kochi (COK),6E  7006,12:05,13:25,,Every Tue,29-Oct-2024,25-Mar-2025
Agatti(AGX),Kozhikode (CCJ),6E  7006,12:05,14:35,COK,Every Tue,29-Oct-2024,25-Mar-2025
Agatti(AGX),Bengaluru (BLR),6E  7006,12:05,16:10,COK/CCJ,Every Tue,29-Oct-2024,25-Mar-2025
Surat (STV),Pune (PNQ),6E  6192,12:05,13:00,,Every Tue Thu Sun,29-Oct-2024,27-Mar-2025
Chennai (MAA),Hyderabad (HYD),6E  6925,12:15,13:30,,Every Tue Thu Sat,29-Oct-2024,29-Mar-2025
Chennai (MAA),Jammu (IXJ),6E  6925,12:15,17:10,HYD,Every Tue Thu Sat,29-Oct-2024,29-Mar-2025
Ranchi (IXR),Deoghar (DGH),6E  7964,12:50,13:40,,Every Tue Thu Sat,29-Oct-2024,29-Mar-2025
Delhi (DEL),Surat (STV),6E  0315,12:55,15:00,,Every Tue,29-Oct-2024,25-Mar-2025
Amritsar (ATQ),Kolkata (CCU),6E  6344,12:55,15:30,,Every Tue Thu Sat,29-Oct-2024,29-Mar-2025
Amritsar (ATQ),Guwahati (GAU),6E  6344,12:55,17:30,CCU,Every Tue Thu Sat,29-Oct-2024,29-Mar-2025
Jharsuguda (JRG),Bengaluru (BLR),6E  0128,13:00,15:00,,Every Tue,29-Oct-2024,25-Mar-2025
Chennai (MAA),Thiruvananthapuram (TRV),6E  0447,13:00,14:15,,Every Tue,29-Oct-2024,25-Mar-2025
Port Blair (IXZ),Chennai (MAA),6E  2698,13:00,15:25,,Every Tue Sat,29-Oct-2024,29-Mar-2025
Bengaluru (BLR),Mangalore (IXE),6E  6453,13:00,14:00,,Every Tue Thu,29-Oct-2024,31-Oct-2024
Hyderabad (HYD),Agra (AGR),6E  0931,13:00,15:00,,Every Tue Thu Sat,29-Oct-2024,29-Mar-2025
Kadapa (CDP),Vijayawada (VGA),6E  7278,13:00,14:05,,Every Tue Thu Sat,29-Oct-2024,29-Mar-2025
Bhopal (BHO),Delhi (DEL),6E  5083,13:05,14:25,,Every Tue Thu,29-Oct-2024,31-Oct-2024
Agartala (IXA),Dibrugarh (DIB),6E  0524,13:05,14:20,,Every Tue Thu Sat,29-Oct-2024,29-Mar-2025
Indore (IDR),Nasik(ISK),6E  7154,13:10,14:20,,Every Tue Thu Sat,29-Oct-2024,14-Dec-2024
Prayagraj (IXD),Hyderabad (HYD),6E  6292,13:15,15:15,,Every Tue Thu Sat,29-Oct-2024,29-Mar-2025
Bengaluru (BLR),Kolkata (CCU),6E  0172,13:20,15:55,,Every Tue Wed,29-Oct-2024,26-Mar-2025
Tuticorin (TCR),Chennai (MAA),6E  7606,13:25,15:10,,Every Tue,29-Oct-2024,25-Mar-2025
Visakhapatnam (VTZ),Kurnool (KJB),6E  7198,13:25,15:10,,Every Tue Thu Sat,29-Oct-2024,29-Mar-2025
Kanpur (KNU),Bengaluru (BLR),6E  6012,13:25,15:50,,Every Tue Thu Sat,29-Oct-2024,29-Mar-2025
Kanpur (KNU),Chennai (MAA),6E  6012,13:25,17:30,BLR,Every Tue Thu Sat,29-Oct-2024,29-Mar-2025
Durgapur (RDP),Guwahati (GAU),6E  7507,13:30,15:05,,Every Tue Thu Sat,29-Oct-2024,29-Mar-2025
Kochi (COK),Kozhikode (CCJ),6E  7006,13:45,14:35,,Every Tue,29-Oct-2024,25-Mar-2025
Kochi (COK),Bengaluru (BLR),6E  7006,13:45,16:10,CCJ,Every Tue,29-Oct-2024,25-Mar-2025
Tiruchirappalli (TRZ),Mumbai (BOM),6E  0592,13:55,16:15,,Every Tue Thu Sat,29-Oct-2024,30-Nov-2024
Pune (PNQ),Surat (STV),6E  6191,13:55,14:55,,Every Tue Thu Sun,29-Oct-2024,27-Mar-2025
Hyderabad (HYD),Rajahmundry (RJA),6E  7311,14:00,15:10,,Every Tue,29-Oct-2024,25-Mar-2025
Hyderabad (HYD),Mopa(GOX),6E  6682,14:05,15:20,,Every Tue,29-Oct-2024,25-Mar-2025
Jaipur (JAI),Mumbai (BOM),6E  0596,14:05,15:50,,Every Tue Thu Sat,29-Oct-2024,09-Nov-2024
Goa (GOI),Aurangabad (IXU),6E  7467,14:05,16:05,,Every Tue Thu Sat,29-Oct-2024,14-Dec-2024
Goa (GOI),Nagpur (NAG),6E  7467,14:05,18:05,IXU,Every Tue Thu Sat,29-Oct-2024,14-Dec-2024
Goa (GOI),Lucknow (LKO),6E  7467,14:05,20:20,IXU/NAG,Every Tue Thu Sat,29-Oct-2024,14-Dec-2024
Hyderabad (HYD),Jammu (IXJ),6E  6925,14:15,17:10,,Every Tue Thu Sat,29-Oct-2024,29-Mar-2025
Hyderabad (HYD),Lucknow (LKO),6E  0487,14:20,16:10,,Every Tue,29-Oct-2024,25-Mar-2025
Vijayawada (VGA),Kadapa (CDP),6E  7279,14:25,15:35,,Every Tue Thu Sat,29-Oct-2024,29-Mar-2025
Lucknow (LKO),Varanasi (VNS),6E  7741,14:25,15:25,,Every Tue Thu Sat,29-Oct-2024,29-Mar-2025
Mangalore (IXE),Bengaluru (BLR),6E  6454,14:35,15:30,,Every Tue Thu,29-Oct-2024,31-Oct-2024
Hyderabad (HYD),Shirdi (SAG),6E  6062,14:40,16:00,,Every Tue,29-Oct-2024,25-Mar-2025
Nasik(ISK),Indore (IDR),6E  7109,14:40,15:50,,Every Tue Thu Sat,29-Oct-2024,14-Dec-2024
Nasik(ISK),Jaipur (JAI),6E  7109,14:40,17:30,IDR,Every Tue Thu Sat,29-Oct-2024,14-Dec-2024
Shirdi (SAG),Indore (IDR),6E  7422,14:40,15:55,,Every Tue Thu Sat,29-Oct-2024,29-Mar-2025
Shirdi (SAG),Lucknow (LKO),6E  7422,14:40,19:10,IDR,Every Tue Thu Sat,29-Oct-2024,29-Mar-2025
Srinagar (SXR),Amritsar (ATQ),6E  0478,14:45,15:45,,Every Tue Thu Fri Sat Sun,29-Oct-2024,03-Nov-2024
Srinagar (SXR),Bengaluru (BLR),6E  0478,14:45,19:20,ATQ,Every Tue Thu Fri Sat Sun,29-Oct-2024,03-Nov-2024
Srinagar (SXR),Chennai (MAA),6E  0478,14:45,22:05,ATQ/BLR,Every Tue Thu Fri Sat Sun,29-Oct-2024,03-Nov-2024
Bareilly (BEK),Bengaluru (BLR),6E  6534,14:45,17:35,,Every Tue Thu Sat,29-Oct-2024,29-Mar-2025
Thiruvananthapuram (TRV),Chennai (MAA),6E  0571,14:50,16:05,,Every Tue,29-Oct-2024,25-Mar-2025
Kozhikode (CCJ),Bengaluru (BLR),6E  7006,14:55,16:10,,Every Tue,29-Oct-2024,25-Mar-2025
Bengaluru (BLR),Patna (PAT),6E  6277,14:55,17:20,,Every Tue,29-Oct-2024,25-Mar-2025
Agra (AGR),Mumbai (BOM),6E  5338,14:55,17:05,,Every Tue Thu Sat,29-Oct-2024,09-Nov-2024
Dibrugarh (DIB),Agartala (IXA),6E  0525,15:00,16:25,,Every Tue Thu Sat,29-Oct-2024,29-Mar-2025
Dibrugarh (DIB),Bengaluru (BLR),6E  0525,15:00,19:55,IXA,Every Tue Thu Sat,29-Oct-2024,29-Mar-2025
Bengaluru (BLR),Mangalore (IXE),6E  7425,15:10,16:25,,Every Tue Thu Sat,29-Oct-2024,29-Mar-2025
Bengaluru (BLR),Hyderabad (HYD),6E  0181,15:15,16:35,,Every Tue,29-Oct-2024,25-Mar-2025
Delhi (DEL),Srinagar (SXR),6E  5084,15:20,17:00,,Every Tue Thu,29-Oct-2024,31-Oct-2024
Delhi (DEL),Belgaum (IXG),6E  2647,15:20,17:50,,Every Tue Thu Sat,29-Oct-2024,14-Nov-2024
Guwahati (GAU),Durgapur (RDP),6E  7508,15:25,17:05,,Every Tue Thu Sat,29-Oct-2024,29-Mar-2025
Bengaluru (BLR),Coimbatore (CJB),6E  0602,15:30,16:30,,Every Tue,29-Oct-2024,25-Mar-2025
Kurnool (KJB),Bengaluru (BLR),6E  7106,15:30,16:35,,Every Tue Thu Sat,29-Oct-2024,29-Mar-2025
Agra (AGR),Hyderabad (HYD),6E  0932,15:35,17:35,,Every Tue Thu Sat,29-Oct-2024,29-Mar-2025
Surat (STV),Chennai (MAA),6E  0995,15:40,17:45,,Every Tue Thu Sat Sun,29-Oct-2024,29-Mar-2025
Varanasi (VNS),Lucknow (LKO),6E  7739,15:45,16:25,,Every Tue,29-Oct-2024,29-Oct-2024
Surat (STV),Delhi (DEL),6E  2382,16:10,18:05,,Every Tue,29-Oct-2024,25-Mar-2025
Indore (IDR),Jaipur (JAI),6E  7109,16:10,17:30,,Every Tue Thu Sat,29-Oct-2024,14-Dec-2024
Amritsar (ATQ),Bengaluru (BLR),6E  0478,16:15,19:20,,Every Tue Thu Fri Sat Sun,29-Oct-2024,03-Nov-2024
Amritsar (ATQ),Chennai (MAA),6E  0478,16:15,22:05,BLR,Every Tue Thu Fri Sat Sun,29-Oct-2024,03-Nov-2024
Mopa(GOX),Hyderabad (HYD),6E  6681,16:20,17:30,,Every Tue,29-Oct-2024,25-Mar-2025
Kolkata (CCU),Guwahati (GAU),6E  6344,16:20,17:30,,Every Tue Thu Sat,29-Oct-2024,29-Mar-2025
Shirdi (SAG),Hyderabad (HYD),6E  6063,16:30,17:35,,Every Tue,29-Oct-2024,25-Mar-2025
Bengaluru (BLR),Chennai (MAA),6E  6012,16:30,17:30,,Every Tue Thu Sat,29-Oct-2024,29-Mar-2025
Aurangabad (IXU),Nagpur (NAG),6E  7467,16:35,18:05,,Every Tue Thu Sat,29-Oct-2024,14-Dec-2024
Aurangabad (IXU),Lucknow (LKO),6E  7467,16:35,20:20,NAG,Every Tue Thu Sat,29-Oct-2024,14-Dec-2024
Mangalore (IXE),Bengaluru (BLR),6E  7426,16:45,17:55,,Every Tue Thu Sat,29-Oct-2024,29-Mar-2025
Agartala (IXA),Bengaluru (BLR),6E  0525,16:55,19:55,,Every Tue Thu Sat,29-Oct-2024,29-Mar-2025
Mumbai (BOM),Jeddah (JED),6E  0061,17:05,20:30,,Every Tue,29-Oct-2024,25-Mar-2025
Coimbatore (CJB),Bengaluru (BLR),6E  0903,17:10,18:15,,Every Tue,29-Oct-2024,25-Mar-2025
Coimbatore (CJB),Lucknow (LKO),6E  0903,17:10,22:00,BLR,Every Tue,29-Oct-2024,25-Mar-2025
Indore (IDR),Lucknow (LKO),6E  7422,17:15,19:10,,Every Tue Thu Sat,29-Oct-2024,29-Mar-2025
Hyderabad (HYD),Jeddah (JED),6E  0067,17:20,21:30,,Every Tue,29-Oct-2024,25-Mar-2025
Durgapur (RDP),Bhubaneshwar (BBI),6E  7505,17:25,19:05,,Every Tue Thu Sat,29-Oct-2024,29-Mar-2025
Bhopal (BHO),Udaipur (UDR),6E  7973,17:25,18:40,,Every Tue Thu Sat,29-Oct-2024,29-Mar-2025
Bengaluru (BLR),Hyderabad (HYD),6E  6703,17:40,18:45,,Every Tue,29-Oct-2024,25-Mar-2025
Srinagar (SXR),Delhi (DEL),6E  2197,17:40,19:15,,Every Tue Thu,29-Oct-2024,31-Oct-2024
Jammu (IXJ),Hyderabad (HYD),6E  6617,17:40,20:35,,Every Tue Thu Sat,29-Oct-2024,07-Nov-2024
Jammu (IXJ),Chennai (MAA),6E  6617,17:40,22:45,HYD,Every Tue Thu Sat,29-Oct-2024,07-Nov-2024
Delhi (DEL),Goa (GOI),6E  2279,18:00,20:30,,Every Tue Thu Sat,29-Oct-2024,02-Nov-2024
Hyderabad (HYD),Thiruvananthapuram (TRV),6E  0161,18:20,20:05,,Every Tue,29-Oct-2024,25-Mar-2025
Bengaluru (BLR),Hubli (HBX),6E  7162,18:25,19:50,,Every Tue Thu Sat,29-Oct-2024,29-Mar-2025
Nagpur (NAG),Lucknow (LKO),6E  7467,18:25,20:20,,Every Tue Thu Sat,29-Oct-2024,14-Dec-2024
Belgaum (IXG),Delhi (DEL),6E  2648,18:40,21:05,,Every Tue Thu Sat,29-Oct-2024,14-Nov-2024
Udaipur (UDR),Bhopal (BHO),6E  7974,19:05,20:15,,Every Tue Thu Sat,29-Oct-2024,29-Mar-2025
Bengaluru (BLR),Lucknow (LKO),6E  0903,19:25,22:00,,Every Tue,29-Oct-2024,25-Mar-2025
Hyderabad (HYD),Kochi (COK),6E  0169,19:55,21:30,,Every Tue,29-Oct-2024,25-Mar-2025
Thiruvananthapuram (TRV),Hyderabad (HYD),6E  0335,20:35,22:15,,Every Tue,29-Oct-2024,25-Mar-2025
Bengaluru (BLR),Chennai (MAA),6E  0478,21:00,22:05,,Every Tue Thu Fri Sat Sun,29-Oct-2024,03-Nov-2024
Goa (GOI),Delhi (DEL),6E  2326,21:00,23:30,,Every Tue Thu Sat,29-Oct-2024,02-Nov-2024
Bengaluru (BLR),Thiruvananthapuram (TRV),6E  6626,21:05,22:30,,Daily,29-Oct-2024,29-Mar-2025
Jeddah (JED),Mumbai (BOM),6E  0062,21:30,04:55,,Every Tue,29-Oct-2024,25-Mar-2025
Bhubaneshwar (BBI),Singapore (SIN),6E  1017,21:30,04:10,,Every Tue Sat,29-Oct-2024,29-Mar-2025
Hyderabad (HYD),Chennai (MAA),6E  6617,21:30,22:45,,Every Tue Thu Sat,29-Oct-2024,07-Nov-2024
Jeddah (JED),Hyderabad (HYD),6E  0068,22:30,06:10,,Every Tue,29-Oct-2024,25-Mar-2025
Thiruvananthapuram (TRV),Bengaluru (BLR),6E  6627,23:00,00:15,,Daily,29-Oct-2024,29-Mar-2025
Chennai (MAA),Bengaluru (BLR),6E  0796,23:10,00:15,,Every Tue Thu,29-Oct-2024,31-Oct-2024
Mumbai (BOM),Jeddah (JED),6E  0091,00:15,03:25,,Every Wed,30-Oct-2024,26-Mar-2025
Bengaluru (BLR),Delhi (DEL),6E  2228,01:00,03:50,,Every Wed,30-Oct-2024,30-Oct-2024
Jeddah (JED),Mumbai (BOM),6E  0092,04:25,12:10,,Every Wed,30-Oct-2024,26-Mar-2025
Kolkata (CCU),Dhaka (DAC),6E  1107,06:30,08:00,,Every Mon Wed Fri Sun,30-Oct-2024,01-Dec-2024
Ahmedabad (AMD),Lucknow (LKO),6E  6244,07:20,08:55,,Every Wed,30-Oct-2024,26-Mar-2025
Delhi (DEL),Lucknow (LKO),6E  2107,08:20,09:20,,Every Wed,30-Oct-2024,26-Mar-2025
Udaipur (UDR),Jaipur (JAI),6E  7718,08:20,09:25,,Every Wed Sat,30-Oct-2024,29-Mar-2025
Udaipur (UDR),Chandigarh (IXC),6E  7718,08:20,11:20,JAI,Every Wed Sat,30-Oct-2024,29-Mar-2025
Udaipur (UDR),kangra(DHM),6E  7718,08:20,13:05,JAI/IXC,Every Wed Sat,30-Oct-2024,29-Mar-2025
Pune (PNQ),Delhi (DEL),6E  2661,08:40,11:00,,Every Wed,30-Oct-2024,26-Mar-2025
Rajahmundry (RJA),Hyderabad (HYD),6E  7119,08:50,10:00,,Every Wed,30-Oct-2024,26-Mar-2025
Rajahmundry (RJA),Mangalore (IXE),6E  7119,08:50,12:35,HYD,Every Wed,30-Oct-2024,26-Mar-2025
Dhaka (DAC),Kolkata (CCU),6E  1108,09:00,09:35,,Every Mon Wed Fri Sun,30-Oct-2024,01-Dec-2024
Surat (STV),Dubai (DXB),6E  1507,09:10,11:00,,Every Wed Thu Sat,30-Oct-2024,29-Mar-2025
Lucknow (LKO),Delhi (DEL),6E  2055,09:25,10:45,,Every Wed,30-Oct-2024,26-Mar-2025
Hyderabad (HYD),Jaipur (JAI),6E  6338,09:25,11:25,,Every Wed,30-Oct-2024,26-Mar-2025
Jaipur (JAI),Chandigarh (IXC),6E  7718,09:45,11:20,,Every Wed Sat,30-Oct-2024,29-Mar-2025
Jaipur (JAI),kangra(DHM),6E  7718,09:45,13:05,IXC,Every Wed Sat,30-Oct-2024,29-Mar-2025
Ahmedabad (AMD),Hyderabad (HYD),6E  0643,10:30,12:00,,Every Wed,30-Oct-2024,26-Mar-2025
Ahmedabad (AMD),Bengaluru (BLR),6E  6393,10:40,13:00,,Every Wed,30-Oct-2024,26-Mar-2025
Hyderabad (HYD),Mangalore (IXE),6E  7119,10:45,12:35,,Every Wed,30-Oct-2024,26-Mar-2025
Ahmedabad (AMD),Nasik(ISK),6E  7115,11:00,12:10,,Every Wed,30-Oct-2024,26-Mar-2025
Kolkata (CCU),Hyderabad (HYD),6E  0334,11:00,13:35,,Every Wed,30-Oct-2024,26-Mar-2025
Ahmedabad (AMD),Chandigarh (IXC),6E  6375,11:10,12:45,,Every Wed,30-Oct-2024,26-Mar-2025
Ayodhya (AYJ),Hyderabad (HYD),6E  0932,11:15,13:25,,Every Wed,30-Oct-2024,26-Mar-2025
Ahmedabad (AMD),Mopa(GOX),6E  6345,11:35,13:10,,Every Wed,30-Oct-2024,26-Mar-2025
Ahmedabad (AMD),Srinagar (SXR),6E  6265,11:40,14:00,,Every Wed,30-Oct-2024,26-Mar-2025
Ahmedabad (AMD),Delhi (DEL),6E  2152,11:45,13:30,,Every Wed,30-Oct-2024,26-Mar-2025
Ahmedabad (AMD),Durgapur (RDP),6E  2152,11:45,16:15,DEL,Every Wed,30-Oct-2024,26-Mar-2025
Delhi (DEL),Vadodara (BDQ),6E  2286,11:45,13:25,,Every Wed,30-Oct-2024,26-Mar-2025
Jaipur (JAI),Hyderabad (HYD),6E  0383,11:55,13:40,,Every Wed,30-Oct-2024,26-Mar-2025
Chennai (MAA),Vadodara (BDQ),6E  6374,12:00,14:20,,Every Wed,30-Oct-2024,26-Mar-2025
Delhi (DEL),Chandigarh (IXC),6E  2609,12:00,12:55,,Every Wed,30-Oct-2024,06-Nov-2024
Delhi (DEL),Srinagar (SXR),6E  2609,12:00,14:45,IXC,Every Wed,30-Oct-2024,06-Nov-2024
Delhi (DEL),Delhi (DEL),6E  2609,12:00,17:05,IXC/SXR,Every Wed,30-Oct-2024,06-Nov-2024
Chandigarh (IXC),kangra(DHM),6E  7718,12:00,13:05,,Every Wed Sat,30-Oct-2024,29-Mar-2025
Bengaluru (BLR),Bhubaneshwar (BBI),6E  6535,12:10,14:05,,Every Wed,30-Oct-2024,26-Mar-2025
Mumbai (BOM),Kochi (COK),6E  0268,12:15,14:10,,Every Wed,30-Oct-2024,26-Mar-2025
Delhi (DEL),Srinagar (SXR),6E  2044,12:40,14:15,,Every Wed,30-Oct-2024,06-Nov-2024
Delhi (DEL),Chandigarh (IXC),6E  2044,12:40,16:05,SXR,Every Wed,30-Oct-2024,06-Nov-2024
Delhi (DEL),Delhi (DEL),6E  2044,12:40,17:50,SXR/IXC,Every Wed,30-Oct-2024,06-Nov-2024
Mangalore (IXE),Hyderabad (HYD),6E  7058,12:55,14:50,,Every Wed,30-Oct-2024,26-Mar-2025
Dubai (DXB),Surat (STV),6E  1508,13:10,17:25,,Every Wed Thu Sat,30-Oct-2024,29-Mar-2025
Chandigarh (IXC),Ahmedabad (AMD),6E  0112,13:15,15:10,,Every Wed,30-Oct-2024,26-Mar-2025
Mumbai (BOM),Srinagar (SXR),6E  0559,13:25,16:05,,Every Wed,30-Oct-2024,06-Nov-2024
Lucknow (LKO),Patna (PAT),6E  6902,13:25,14:30,,Every Wed,30-Oct-2024,26-Mar-2025
Chandigarh (IXC),Srinagar (SXR),6E  2609,13:40,14:45,,Every Wed,30-Oct-2024,06-Nov-2024
Chandigarh (IXC),Delhi (DEL),6E  2609,13:40,17:05,SXR,Every Wed,30-Oct-2024,06-Nov-2024
kangra(DHM),Chandigarh (IXC),6E  7517,13:40,14:45,,Every Wed Sat,30-Oct-2024,29-Mar-2025
kangra(DHM),Jaipur (JAI),6E  7517,13:40,17:00,IXC,Every Wed Sat,30-Oct-2024,29-Mar-2025
kangra(DHM),Udaipur (UDR),6E  7517,13:40,18:35,IXC/JAI,Every Wed Sat,30-Oct-2024,29-Mar-2025
Mopa(GOX),Ahmedabad (AMD),6E  0381,13:45,15:25,,Every Wed,30-Oct-2024,26-Mar-2025
Vadodara (BDQ),Delhi (DEL),6E  2287,13:55,15:50,,Every Wed,30-Oct-2024,26-Mar-2025
Bengaluru (BLR),Varanasi (VNS),6E  6805,14:10,16:30,,Every Wed,30-Oct-2024,26-Mar-2025
Delhi (DEL),Durgapur (RDP),6E  2152,14:20,16:15,,Every Wed,30-Oct-2024,26-Mar-2025
Hyderabad (HYD),Raipur (RPR),6E  0261,14:30,15:45,,Every Wed,30-Oct-2024,26-Mar-2025
Srinagar (SXR),Chandigarh (IXC),6E  2044,14:55,16:05,,Every Wed,30-Oct-2024,06-Nov-2024
Srinagar (SXR),Delhi (DEL),6E  2044,14:55,17:50,IXC,Every Wed,30-Oct-2024,06-Nov-2024
Hyderabad (HYD),Jodhpur (JDH),6E  0297,15:00,17:00,,Every Wed,30-Oct-2024,26-Mar-2025
Vadodara (BDQ),Chennai (MAA),6E  6539,15:05,17:15,,Every Wed,30-Oct-2024,26-Mar-2025
Patna (PAT),Lucknow (LKO),6E  0925,15:05,16:15,,Every Wed,30-Oct-2024,26-Mar-2025
Srinagar (SXR),Ahmedabad (AMD),6E  6266,15:10,17:30,,Every Wed,30-Oct-2024,26-Mar-2025
Srinagar (SXR),Delhi (DEL),6E  2609,15:25,17:05,,Every Wed,30-Oct-2024,06-Nov-2024
Ayodhya (AYJ),Ahmedabad (AMD),6E  6109,15:35,17:45,,Every Wed,30-Oct-2024,26-Mar-2025
Chandigarh (IXC),Jaipur (JAI),6E  7517,15:35,17:00,,Every Wed Sat,30-Oct-2024,29-Mar-2025
Chandigarh (IXC),Udaipur (UDR),6E  7517,15:35,18:35,JAI,Every Wed Sat,30-Oct-2024,29-Mar-2025
Hyderabad (HYD),Lucknow (LKO),6E  0935,15:45,17:45,,Every Wed,30-Oct-2024,26-Mar-2025
Ahmedabad (AMD),Kochi (COK),6E  6391,16:05,18:25,,Every Wed,30-Oct-2024,26-Mar-2025
Kochi (COK),Mumbai (BOM),6E  0269,16:35,18:40,,Every Wed,30-Oct-2024,26-Mar-2025
Srinagar (SXR),Mumbai (BOM),6E  0431,16:45,19:50,,Every Wed,30-Oct-2024,06-Nov-2024
Chandigarh (IXC),Delhi (DEL),6E  2044,16:50,17:50,,Every Wed,30-Oct-2024,06-Nov-2024
Mopa(GOX),Nagpur (NAG),6E  0104,17:10,18:45,,Every Wed,30-Oct-2024,30-Oct-2024
Jaipur (JAI),Udaipur (UDR),6E  7517,17:30,18:35,,Every Wed Sat,30-Oct-2024,29-Mar-2025
Delhi (DEL),Bhopal (BHO),6E  5050,18:10,19:30,,Every Wed,30-Oct-2024,06-Nov-2024
Ahmedabad (AMD),Goa (GOI),6E  0992,18:35,20:10,,Every Wed,30-Oct-2024,26-Mar-2025
Mumbai (BOM),Mopa(GOX),6E  6057,18:45,20:00,,Every Wed,30-Oct-2024,26-Mar-2025
Hyderabad (HYD),Ranchi (IXR),6E  0186,18:50,20:30,,Every Wed,30-Oct-2024,30-Oct-2024
Kochi (COK),Ahmedabad (AMD),6E  6392,18:55,21:25,,Every Wed,30-Oct-2024,26-Mar-2025
Nagpur (NAG),Mopa(GOX),6E  0123,19:15,21:00,,Every Wed,30-Oct-2024,26-Mar-2025
Surat (STV),Hyderabad (HYD),6E  0929,19:30,21:00,,Every Wed Thu Sat,30-Oct-2024,29-Mar-2025
Bhopal (BHO),Delhi (DEL),6E  2527,20:15,21:35,,Every Wed,30-Oct-2024,06-Nov-2024
Hyderabad (HYD),Pune (PNQ),6E  0426,20:50,22:00,,Every Wed Thu,30-Oct-2024,31-Oct-2024
Goa (GOI),Ahmedabad (AMD),6E  0281,21:05,22:50,,Every Wed,30-Oct-2024,27-Nov-2024
Ranchi (IXR),Hyderabad (HYD),6E  0191,21:10,23:05,,Every Wed,30-Oct-2024,30-Oct-2024
Delhi (DEL),Patna (PAT),6E  5186,22:00,23:40,,Daily,30-Oct-2024,17-Nov-2024
Ahmedabad (AMD),Hyderabad (HYD),6E  6728,22:10,23:40,,Every Wed,30-Oct-2024,26-Mar-2025
Pune (PNQ),Hyderabad (HYD),6E  0103,22:40,00:00,,Every Wed Thu,30-Oct-2024,31-Oct-2024
Patna (PAT),Delhi (DEL),6E  5189,00:15,02:05,,Daily,31-Oct-2024,18-Nov-2024
Mumbai (BOM),Jeddah (JED),6E  0091,00:15,03:40,,Every Thu,31-Oct-2024,27-Mar-2025
Delhi (DEL),Hyderabad (HYD),6E  2351,01:00,03:15,,Every Thu,31-Oct-2024,31-Oct-2024
Jeddah (JED),Mumbai (BOM),6E  0092,04:40,12:10,,Every Thu,31-Oct-2024,27-Mar-2025
Kolkata (CCU),Chennai (MAA),6E  0344,05:15,07:30,,Every Thu,31-Oct-2024,28-Nov-2024
Hyderabad (HYD),Kolkata (CCU),6E  6494,06:05,08:05,,Daily,31-Oct-2024,31-Dec-2024
Bengaluru (BLR),Phuket (HKT),6E  1077,06:15,11:40,,Every Thu,31-Oct-2024,27-Mar-2025
Chennai (MAA),Port Blair (IXZ),6E  6122,07:15,09:15,,Every Thu Sun,31-Oct-2024,03-Nov-2024
Port Blair (IXZ),Chennai (MAA),6E  0581,07:25,09:40,,Every Thu,31-Oct-2024,19-Dec-2024
Port Blair (IXZ),Visakhapatnam (VTZ),6E  0581,07:25,11:45,MAA,Every Thu,31-Oct-2024,19-Dec-2024
Bhubaneshwar (BBI),Chennai (MAA),6E  0141,08:25,10:20,,Every Thu,31-Oct-2024,27-Mar-2025
Kolkata (CCU),Hyderabad (HYD),6E  6513,08:50,11:15,,Daily,31-Oct-2024,31-Dec-2024
Port Blair (IXZ),Chennai (MAA),6E  6121,09:50,12:10,,Every Thu Sun,31-Oct-2024,03-Nov-2024
Chennai (MAA),Visakhapatnam (VTZ),6E  0581,10:15,11:45,,Every Thu,31-Oct-2024,19-Dec-2024
Hyderabad (HYD),Kolkata (CCU),6E  0376,11:55,14:00,,Daily,31-Oct-2024,31-Dec-2024
Chennai (MAA),Dhaka (DAC),6E  1113,13:20,16:25,,Every Thu Fri,31-Oct-2024,01-Nov-2024
Bengaluru (BLR),Jeddah (JED),6E  0077,14:45,18:25,,Every Tue Thu,31-Oct-2024,27-Mar-2025
Kolkata (CCU),Hyderabad (HYD),6E  6908,15:00,17:15,,Daily,31-Oct-2024,31-Dec-2024
Varanasi (VNS),Lucknow (LKO),6E  7739,16:05,16:45,,Every Tue Thu Sat,31-Oct-2024,30-Nov-2024
Hyderabad (HYD),Thiruvananthapuram (TRV),6E  0161,17:10,18:55,,Every Thu,31-Oct-2024,31-Oct-2024
Dhaka (DAC),Chennai (MAA),6E  1114,17:25,19:45,,Every Thu Fri,31-Oct-2024,01-Nov-2024
Hyderabad (HYD),Kolkata (CCU),6E  0283,18:00,20:00,,Every Thu Sat Sun,31-Oct-2024,03-Nov-2024
Thiruvananthapuram (TRV),Hyderabad (HYD),6E  0335,19:25,21:10,,Every Thu,31-Oct-2024,31-Oct-2024
Delhi (DEL),Kolkata (CCU),6E  6517,19:30,21:35,,Every Thu,31-Oct-2024,31-Oct-2024
Kolkata (CCU),Hyderabad (HYD),6E  6154,20:45,23:00,,Every Thu Sat Sun,31-Oct-2024,03-Nov-2024
Delhi (DEL),Indore (IDR),6E  2208,21:05,22:35,,Every Thu,31-Oct-2024,31-Oct-2024
Bengaluru (BLR),Delhi (DEL),6E  2307,21:50,00:45,,Every Thu,31-Oct-2024,31-Oct-2024
Kolkata (CCU),Delhi (DEL),6E  2415,22:15,01:00,,Every Thu,31-Oct-2024,31-Oct-2024
Bengaluru (BLR),Delhi (DEL),6E  6813,23:00,01:55,,Every Thu,31-Oct-2024,31-Oct-2024
Indore (IDR),Delhi (DEL),6E  2019,23:10,00:40,,Every Thu,31-Oct-2024,31-Oct-2024
Mumbai (BOM),Ahmedabad (AMD),6E  5085,02:45,03:55,,Daily,01-Nov-2024,29-Mar-2025
Bengaluru (BLR),Mumbai (BOM),6E  5323,03:00,05:00,,Daily,01-Nov-2024,29-Mar-2025
Ahmedabad (AMD),Mumbai (BOM),6E  5182,04:35,05:55,,Daily,01-Nov-2024,29-Mar-2025
Chennai (MAA),Thiruvananthapuram (TRV),6E  6001,04:50,06:15,,Daily,01-Nov-2024,17-Nov-2024
Delhi (DEL),Madurai (IXM),6E  2059,05:25,08:30,,Every Fri Sat,01-Nov-2024,02-Nov-2024
Jeddah (JED),Mumbai (BOM),6E  0092,06:00,13:25,,Every Fri,01-Nov-2024,27-Dec-2024
Mumbai (BOM),Bengaluru (BLR),6E  5352,06:05,07:45,,Daily,01-Nov-2024,29-Mar-2025
Mumbai (BOM),Nagpur (NAG),6E  5124,06:25,07:55,,Daily,01-Nov-2024,29-Mar-2025
Mumbai (BOM),Udaipur (UDR),6E  5038,06:45,08:05,,Daily,01-Nov-2024,29-Mar-2025
Thiruvananthapuram (TRV),Chennai (MAA),6E  0343,07:00,08:15,,Daily,01-Nov-2024,17-Nov-2024
Nagpur (NAG),Mumbai (BOM),6E  0174,08:25,09:50,,Daily,01-Nov-2024,29-Mar-2025
Udaipur (UDR),Mumbai (BOM),6E  5185,08:35,09:55,,Daily,01-Nov-2024,29-Mar-2025
Chennai (MAA),Guwahati (GAU),6E  6309,08:55,11:35,,Daily,01-Nov-2024,20-Nov-2024
Chennai (MAA),Agartala (IXA),6E  6309,08:55,13:50,GAU,Daily,01-Nov-2024,20-Nov-2024
Bengaluru (BLR),Kochi (COK),6E  0113,09:00,10:10,,Every Tue Wed Thu Fri,01-Nov-2024,15-Nov-2024
Madurai (IXM),Delhi (DEL),6E  2088,09:15,12:30,,Every Fri Sat,01-Nov-2024,02-Nov-2024
Hyderabad (HYD),Kolhapur (KLH),6E  7563,10:05,11:40,,Every Fri,01-Nov-2024,01-Nov-2024
Mumbai (BOM),Kochi (COK),6E  6701,10:40,12:40,,Daily,01-Nov-2024,29-Mar-2025
Mumbai (BOM),Indore (IDR),6E  5181,10:40,12:00,,Daily,01-Nov-2024,29-Mar-2025
Kochi (COK),Bengaluru (BLR),6E  0897,10:40,11:50,,Every Tue Wed Thu Fri,01-Nov-2024,15-Nov-2024
Kochi (COK),Varanasi (VNS),6E  0897,10:40,14:55,BLR,Every Tue Wed Thu Fri,01-Nov-2024,15-Nov-2024
Kolhapur (KLH),Hyderabad (HYD),6E  7564,12:00,13:15,,Every Fri,01-Nov-2024,01-Nov-2024
Indore (IDR),Hyderabad (HYD),6E  0511,12:30,13:50,,Daily,01-Nov-2024,29-Mar-2025
Bengaluru (BLR),Varanasi (VNS),6E  0897,12:30,14:55,,Every Tue Wed Thu Fri,01-Nov-2024,15-Nov-2024
Hyderabad (HYD),Madurai (IXM),6E  6781,12:50,14:25,,Every Fri,01-Nov-2024,01-Nov-2024
Guwahati (GAU),Agartala (IXA),6E  6309,12:55,13:50,,Daily,01-Nov-2024,20-Nov-2024
Delhi (DEL),Udaipur (UDR),6E  2101,13:10,14:30,,Every Fri Sat,01-Nov-2024,02-Nov-2024
Kochi (COK),Mumbai (BOM),6E  5102,13:30,15:35,,Daily,01-Nov-2024,10-Nov-2024
Hyderabad (HYD),Indore (IDR),6E  6915,14:30,16:00,,Daily,01-Nov-2024,29-Mar-2025
Agartala (IXA),Guwahati (GAU),6E  0119,14:40,15:30,,Daily,01-Nov-2024,20-Nov-2024
Agartala (IXA),Chennai (MAA),6E  0119,14:40,19:45,GAU,Daily,01-Nov-2024,20-Nov-2024
Mumbai (BOM),Mopa(GOX),6E  6228,14:50,16:00,,Every Tue Fri,01-Nov-2024,31-Dec-2024
Madurai (IXM),Hyderabad (HYD),6E  6782,14:55,16:30,,Every Fri,01-Nov-2024,01-Nov-2024
Udaipur (UDR),Delhi (DEL),6E  2102,15:05,16:25,,Every Fri Sat,01-Nov-2024,02-Nov-2024
Varanasi (VNS),Bengaluru (BLR),6E  0144,15:30,17:55,,Every Tue Wed Thu Fri,01-Nov-2024,15-Nov-2024
Varanasi (VNS),Kochi (COK),6E  0144,15:30,19:45,BLR,Every Tue Wed Thu Fri,01-Nov-2024,15-Nov-2024
Indore (IDR),Mumbai (BOM),6E  2389,16:30,17:50,,Daily,01-Nov-2024,29-Mar-2025
Mopa(GOX),Mumbai (BOM),6E  5231,16:30,17:50,,Every Tue Fri,01-Nov-2024,31-Dec-2024
Guwahati (GAU),Chennai (MAA),6E  0119,16:35,19:45,,Daily,01-Nov-2024,20-Nov-2024
Mumbai (BOM),Nagpur (NAG),6E  5035,16:40,18:10,,Daily,01-Nov-2024,29-Mar-2025
Hyderabad (HYD),Visakhapatnam (VTZ),6E  0208,17:10,18:20,,Every Fri,01-Nov-2024,01-Nov-2024
Delhi (DEL),Amritsar (ATQ),6E  2341,17:30,18:40,,Every Fri Sat,01-Nov-2024,02-Nov-2024
Delhi (DEL),Bengaluru (BLR),6E  6622,18:15,21:10,,Every Fri,01-Nov-2024,01-Nov-2024
Mumbai (BOM),Raipur (RPR),6E  2371,18:35,20:20,,Daily,01-Nov-2024,29-Mar-2025
Nagpur (NAG),Mumbai (BOM),6E  5036,18:40,20:15,,Daily,01-Nov-2024,29-Mar-2025
Bengaluru (BLR),Kochi (COK),6E  0144,18:40,19:45,,Every Tue Wed Thu Fri,01-Nov-2024,15-Nov-2024
Visakhapatnam (VTZ),Hyderabad (HYD),6E  0216,19:00,20:15,,Every Fri,01-Nov-2024,01-Nov-2024
Amritsar (ATQ),Delhi (DEL),6E  2342,19:10,20:25,,Every Fri Sat,01-Nov-2024,02-Nov-2024
Hyderabad (HYD),Lucknow (LKO),6E  6167,19:20,21:10,,Every Fri,01-Nov-2024,01-Nov-2024
Bengaluru (BLR),Varanasi (VNS),6E  0185,19:55,22:15,,Every Fri,01-Nov-2024,01-Nov-2024
Kochi (COK),Bengaluru (BLR),6E  6922,20:20,21:25,,Every Tue Wed Thu Fri,01-Nov-2024,15-Nov-2024
Chennai (MAA),Bengaluru (BLR),6E  6145,20:45,21:45,,Daily,01-Nov-2024,20-Nov-2024
Mumbai (BOM),Goa (GOI),6E  5137,20:55,22:05,,Daily,01-Nov-2024,29-Mar-2025
Raipur (RPR),Mumbai (BOM),6E  5049,21:00,23:00,,Daily,01-Nov-2024,30-Nov-2024
Jaipur (JAI),Indore (IDR),6E  7148,21:10,22:40,,Every Fri,01-Nov-2024,01-Nov-2024
Bengaluru (BLR),Goa (GOI),6E  6168,21:40,23:00,,Every Mon Wed Fri Sat Sun,01-Nov-2024,10-Nov-2024
Lucknow (LKO),Hyderabad (HYD),6E  6166,21:45,23:45,,Every Fri,01-Nov-2024,01-Nov-2024
Bengaluru (BLR),Delhi (DEL),6E  2307,21:50,00:45,,Every Fri,01-Nov-2024,01-Nov-2024
Bengaluru (BLR),Chennai (MAA),6E  6146,22:40,23:40,,Daily,01-Nov-2024,20-Nov-2024
Goa (GOI),Mumbai (BOM),6E  5138,22:40,00:10,,Daily,01-Nov-2024,29-Mar-2025
Pune (PNQ),Hyderabad (HYD),6E  0103,22:40,00:05,,Every Mon Tue Wed Fri Sat Sun,01-Nov-2024,06-Nov-2024
Varanasi (VNS),Bengaluru (BLR),6E  0184,23:00,01:30,,Every Fri,01-Nov-2024,01-Nov-2024
Goa (GOI),Bengaluru (BLR),6E  6163,23:30,00:35,,Every Mon Wed Fri Sat Sun,01-Nov-2024,10-Nov-2024
Lucknow (LKO),Abu Dhabi (AUH),6E  1415,23:50,03:10,,Every Tue Thu Fri Sun,01-Nov-2024,28-Nov-2024
Chennai (MAA),Pune (PNQ),6E  0236,04:55,06:35,,Every Sat,02-Nov-2024,29-Mar-2025
Ahmedabad (AMD),Mopa(GOX),6E  6418,05:00,06:35,,Every Sat,02-Nov-2024,29-Mar-2025
Kochi (COK),Goa (GOI),6E  0211,05:35,06:55,,Every Sat,02-Nov-2024,29-Mar-2025
Kochi (COK),Raipur (RPR),6E  0211,05:35,09:15,GOI,Every Sat,02-Nov-2024,29-Mar-2025
Chennai (MAA),Mopa(GOX),6E  0907,05:45,07:15,,Every Sat,02-Nov-2024,22-Mar-2025
Hyderabad (HYD),Visakhapatnam (VTZ),6E  0618,05:50,07:00,,Every Sat,02-Nov-2024,09-Nov-2024
Bengaluru (BLR),Mopa(GOX),6E  0194,06:15,07:35,,Every Sat,02-Nov-2024,29-Mar-2025
Hyderabad (HYD),Bengaluru (BLR),6E  0413,06:55,08:10,,Every Sat,02-Nov-2024,09-Nov-2024
Mopa(GOX),Ahmedabad (AMD),6E  6419,07:10,08:50,,Every Sat,02-Nov-2024,29-Mar-2025
Pune (PNQ),Ahmedabad (AMD),6E  6093,07:10,08:30,,Every Sat,02-Nov-2024,29-Mar-2025
Chennai (MAA),Mangalore (IXE),6E  7746,07:10,08:45,,Every Sat,02-Nov-2024,29-Mar-2025
Goa (GOI),Raipur (RPR),6E  0211,07:25,09:15,,Every Sat,02-Nov-2024,29-Mar-2025
Visakhapatnam (VTZ),Hyderabad (HYD),6E  0307,07:40,08:50,,Every Sat,02-Nov-2024,09-Nov-2024
Visakhapatnam (VTZ),Varanasi (VNS),6E  0307,07:40,11:15,HYD,Every Sat,02-Nov-2024,09-Nov-2024
Mopa(GOX),Chennai (MAA),6E  0908,07:45,09:10,,Every Sat,02-Nov-2024,22-Mar-2025
Chennai (MAA),Pune (PNQ),6E  0502,07:45,09:25,,Every Sat,02-Nov-2024,09-Nov-2024
Bengaluru (BLR),Mopa(GOX),6E  6176,07:45,09:05,,Every Sat Sun,02-Nov-2024,03-Nov-2024
Mopa(GOX),Bengaluru (BLR),6E  0249,08:05,09:15,,Every Sat,02-Nov-2024,29-Mar-2025
Bengaluru (BLR),Hyderabad (HYD),6E  0886,09:00,10:15,,Every Sat,02-Nov-2024,09-Nov-2024
Bengaluru (BLR),Gorakhpur (GOP),6E  0886,09:00,13:25,HYD,Every Sat,02-Nov-2024,09-Nov-2024
Chennai (MAA),Surat (STV),6E  0991,09:00,11:05,,Every Sat,02-Nov-2024,29-Mar-2025
Bengaluru (BLR),Thiruvananthapuram (TRV),6E  0688,09:05,10:25,,Every Mon Sat Sun,02-Nov-2024,17-Nov-2024
Ahmedabad (AMD),Pune (PNQ),6E  6095,09:05,10:15,,Every Sat,02-Nov-2024,29-Mar-2025
Hyderabad (HYD),Varanasi (VNS),6E  0307,09:30,11:15,,Every Sat,02-Nov-2024,09-Nov-2024
Mopa(GOX),Bengaluru (BLR),6E  6075,09:35,10:40,,Every Sat Sun,02-Nov-2024,03-Nov-2024
Delhi (DEL),Hyderabad (HYD),6E  2124,10:00,12:10,,Every Sat,02-Nov-2024,29-Mar-2025
Pune (PNQ),Chennai (MAA),6E  0625,10:05,11:45,,Every Sat,02-Nov-2024,09-Nov-2024
Thiruvananthapuram (TRV),Bengaluru (BLR),6E  0661,10:55,12:10,,Every Mon Sat Sun,02-Nov-2024,17-Nov-2024
Pune (PNQ),Bengaluru (BLR),6E  0133,10:55,12:25,,Every Sat,02-Nov-2024,29-Mar-2025
Hyderabad (HYD),Gorakhpur (GOP),6E  0886,11:20,13:25,,Every Sat,02-Nov-2024,09-Nov-2024
Bengaluru (BLR),Kochi (COK),6E  6104,11:25,12:40,,Every Sat,02-Nov-2024,29-Mar-2025
Surat (STV),Goa (GOI),6E  6192,11:35,12:50,,Every Sat,02-Nov-2024,29-Mar-2025
Varanasi (VNS),Hyderabad (HYD),6E  0626,11:45,14:00,,Every Sat,02-Nov-2024,09-Nov-2024
Varanasi (VNS),Visakhapatnam (VTZ),6E  0626,11:45,15:55,HYD,Every Sat,02-Nov-2024,09-Nov-2024
Dehradun (DED),Hyderabad (HYD),6E  0423,12:00,14:30,,Every Sat,02-Nov-2024,29-Mar-2025
Kolkata (CCU),Dimapur (DMU),6E  6339,12:45,14:05,,Every Sat,02-Nov-2024,30-Nov-2024
Bengaluru (BLR),Surat (STV),6E  0465,12:50,14:50,,Every Mon Sat Sun,02-Nov-2024,17-Nov-2024
Hyderabad (HYD),Delhi (DEL),6E  2248,12:50,15:20,,Every Sat,02-Nov-2024,29-Mar-2025
Goa (GOI),Surat (STV),6E  6191,13:25,14:40,,Every Sat,02-Nov-2024,29-Mar-2025
Kolkata (CCU),Ahmedabad (AMD),6E  0135,13:30,16:25,,Every Sat,02-Nov-2024,30-Nov-2024
Kolkata (CCU),Pune (PNQ),6E  0135,13:30,18:15,AMD,Every Sat,02-Nov-2024,30-Nov-2024
Delhi (DEL),Pune (PNQ),6E  2193,13:45,16:05,,Every Sat,02-Nov-2024,29-Mar-2025
Gorakhpur (GOP),Hyderabad (HYD),6E  6319,14:05,16:05,,Every Sat,02-Nov-2024,09-Nov-2024
Ahmedabad (AMD),Goa (GOI),6E  0522,14:10,15:45,,Every Sat,02-Nov-2024,29-Mar-2025
Kochi (COK),Bengaluru (BLR),6E  0302,14:20,15:25,,Every Sat,02-Nov-2024,29-Mar-2025
Dimapur (DMU),Kolkata (CCU),6E  6155,14:35,16:05,,Every Sat,02-Nov-2024,30-Nov-2024
Bengaluru (BLR),Pune (PNQ),6E  0414,14:40,16:10,,Every Sat,02-Nov-2024,29-Mar-2025
Hyderabad (HYD),Visakhapatnam (VTZ),6E  0626,14:45,15:55,,Every Sat,02-Nov-2024,09-Nov-2024
Durgapur (RDP),Hyderabad (HYD),6E  0598,14:55,16:55,,Every Sat,02-Nov-2024,09-Nov-2024
Durgapur (RDP),Chennai (MAA),6E  0598,14:55,19:20,HYD,Every Sat,02-Nov-2024,09-Nov-2024
Surat (STV),Goa (GOI),6E  0419,15:20,16:40,,Every Mon Sat Sun,02-Nov-2024,17-Nov-2024
Hyderabad (HYD),Pune (PNQ),6E  0402,15:25,16:35,,Every Sat,02-Nov-2024,29-Mar-2025
Goa (GOI),Ahmedabad (AMD),6E  6553,16:15,17:55,,Every Sat,02-Nov-2024,29-Mar-2025
Chennai (MAA),Hyderabad (HYD),6E  6158,16:30,17:45,,Every Sat,02-Nov-2024,09-Nov-2024
Visakhapatnam (VTZ),Hyderabad (HYD),6E  0783,16:35,18:00,,Every Sat,02-Nov-2024,09-Nov-2024
Pune (PNQ),Bengaluru (BLR),6E  0137,16:50,18:30,,Every Sat,02-Nov-2024,29-Mar-2025
Ahmedabad (AMD),Pune (PNQ),6E  0135,17:00,18:15,,Every Sat,02-Nov-2024,30-Nov-2024
Goa (GOI),Surat (STV),6E  0418,17:10,18:30,,Every Mon Sat Sun,02-Nov-2024,17-Nov-2024
Pune (PNQ),Hyderabad (HYD),6E  0403,17:15,18:25,,Every Sat,02-Nov-2024,29-Mar-2025
Kolkata (CCU),Indore (IDR),6E  0798,17:30,19:55,,Every Sat,02-Nov-2024,30-Nov-2024
Hyderabad (HYD),Chennai (MAA),6E  0598,18:00,19:20,,Every Sat,02-Nov-2024,09-Nov-2024
Pune (PNQ),Kolkata (CCU),6E  6561,18:55,21:20,,Every Sat,02-Nov-2024,30-Nov-2024
Surat (STV),Bengaluru (BLR),6E  5034,19:05,20:55,,Every Mon Sat Sun,02-Nov-2024,17-Nov-2024
Indore (IDR),Kolkata (CCU),6E  6566,20:25,22:25,,Every Sat,02-Nov-2024,30-Nov-2024
Delhi (DEL),Hyderabad (HYD),6E  2027,21:30,23:45,,Every Sat,02-Nov-2024,02-Nov-2024
Goa (GOI),Hyderabad (HYD),6E  0985,23:00,00:05,,Every Mon Tue Wed Sat Sun,02-Nov-2024,06-Nov-2024
Lucknow (LKO),Abu Dhabi (AUH),6E  1415,23:50,03:15,,Every Mon Wed Sat,02-Nov-2024,27-Nov-2024
Hyderabad (HYD),Delhi (DEL),6E  2352,00:35,02:50,,Every Sun,03-Nov-2024,03-Nov-2024
Mumbai (BOM),Jeddah (JED),6E  0091,00:40,04:05,,Every Sun,03-Nov-2024,29-Dec-2024
Delhi (DEL),Hyderabad (HYD),6E  2351,01:00,03:10,,Every Mon Tue Wed Sun,03-Nov-2024,06-Nov-2024
Jeddah (JED),Mumbai (BOM),6E  0092,05:30,12:50,,Every Sun,03-Nov-2024,23-Mar-2025
Chandigarh (IXC),Mopa(GOX),6E  6056,05:30,08:20,,Every Sun,03-Nov-2024,23-Mar-2025
Coimbatore (CJB),Chennai (MAA),6E  0981,08:00,08:55,,Every Sun,03-Nov-2024,03-Nov-2024
Delhi (DEL),Jammu (IXJ),6E  2609,12:00,13:35,,Every Sun,03-Nov-2024,03-Nov-2024
Mumbai (BOM),Jammu (IXJ),6E  0559,13:25,16:00,,Every Sun,03-Nov-2024,03-Nov-2024
Hyderabad (HYD),Jammu (IXJ),6E  6253,13:30,16:15,,Every Sun,03-Nov-2024,03-Nov-2024
Kolkata (CCU),Chandigarh (IXC),6E  0874,14:05,16:40,,Every Sun,03-Nov-2024,03-Nov-2024
Delhi (DEL),Amritsar (ATQ),6E  5106,14:35,15:35,,Every Sun,03-Nov-2024,03-Nov-2024
Jammu (IXJ),Delhi (DEL),6E  2247,14:35,15:55,,Every Sun,03-Nov-2024,03-Nov-2024
Srinagar (SXR),Ahmedabad (AMD),6E  6266,15:00,17:30,,Every Sun,03-Nov-2024,23-Mar-2025
Delhi (DEL),Ahmedabad (AMD),6E  5084,15:10,17:00,,Every Sun,03-Nov-2024,03-Nov-2024
Chennai (MAA),Coimbatore (CJB),6E  0982,15:45,17:05,,Every Sun,03-Nov-2024,03-Nov-2024
Amritsar (ATQ),Delhi (DEL),6E  5070,16:25,17:40,,Every Sun,03-Nov-2024,03-Nov-2024
Jammu (IXJ),Mumbai (BOM),6E  0431,16:45,19:50,,Every Sun,03-Nov-2024,03-Nov-2024
Jammu (IXJ),Hyderabad (HYD),6E  6255,17:05,20:05,,Every Sun,03-Nov-2024,03-Nov-2024
Chandigarh (IXC),Kolkata (CCU),6E  6041,17:20,19:30,,Every Sun,03-Nov-2024,03-Nov-2024
Ahmedabad (AMD),Delhi (DEL),6E  2197,17:40,19:15,,Every Sun,03-Nov-2024,03-Nov-2024
Delhi (DEL),Bhopal (BHO),6E  2448,18:30,19:50,,Every Sun,03-Nov-2024,03-Nov-2024
Bhopal (BHO),Delhi (DEL),6E  2449,20:30,22:05,,Every Sun,03-Nov-2024,03-Nov-2024
Delhi (DEL),Bengaluru (BLR),6E  2227,00:15,03:00,,Daily,04-Nov-2024,10-Nov-2024
Ahmedabad (AMD),Delhi (DEL),6E  2354,00:20,02:00,,Daily,04-Nov-2024,10-Nov-2024
Hyderabad (HYD),Delhi (DEL),6E  2352,00:35,02:50,,Daily,04-Nov-2024,11-Nov-2024
Mumbai (BOM),Jeddah (JED),6E  0091,00:40,04:10,,Every Mon Tue Sat,04-Nov-2024,29-Mar-2025
Mumbai (BOM),Ahmedabad (AMD),6E  0911,00:50,02:00,,Daily,04-Nov-2024,29-Mar-2025
Goa (GOI),Hyderabad (HYD),6E  0206,00:50,01:55,,Daily,04-Nov-2024,29-Mar-2025
Bengaluru (BLR),Delhi (DEL),6E  2228,01:00,03:50,,Daily,04-Nov-2024,10-Nov-2024
Chennai (MAA),Pune (PNQ),6E  0916,01:10,02:50,,Daily,04-Nov-2024,29-Mar-2025
Delhi (DEL),Ahmedabad (AMD),6E  2353,01:15,02:45,,Daily,04-Nov-2024,10-Nov-2024
Mumbai (BOM),Bengaluru (BLR),6E  6284,02:30,04:05,,Daily,04-Nov-2024,29-Mar-2025
Ahmedabad (AMD),Pune (PNQ),6E  0699,03:00,04:10,,Daily,04-Nov-2024,29-Mar-2025
Pune (PNQ),Chennai (MAA),6E  0918,03:30,05:10,,Daily,04-Nov-2024,29-Mar-2025
Mumbai (BOM),Hyderabad (HYD),6E  0564,04:05,05:30,,Daily,04-Nov-2024,29-Mar-2025
Delhi (DEL),Nagpur (NAG),6E  2431,04:40,06:25,,Daily,04-Nov-2024,29-Mar-2025
Pune (PNQ),Ahmedabad (AMD),6E  0819,04:50,06:10,,Daily,04-Nov-2024,29-Mar-2025
Jeddah (JED),Mumbai (BOM),6E  0092,05:10,12:40,,Every Mon Sat,04-Nov-2024,29-Mar-2025
Bengaluru (BLR),Patna (PAT),6E  6243,05:20,07:50,,Every Mon Wed Fri Sun,04-Nov-2024,17-Nov-2024
Delhi (DEL),Madurai (IXM),6E  2059,05:25,08:30,,Daily,04-Nov-2024,29-Mar-2025
Hyderabad (HYD),Patna (PAT),6E  6467,05:30,07:25,,Daily,04-Nov-2024,17-Nov-2024
Hyderabad (HYD),Chennai (MAA),6E  0531,05:35,06:45,,Daily,04-Nov-2024,29-Mar-2025
Delhi (DEL),Tirupati (TIR),6E  0286,05:45,08:25,,Daily,04-Nov-2024,29-Mar-2025
Bengaluru (BLR),Mangalore (IXE),6E  6858,06:05,07:10,,Daily,04-Nov-2024,29-Mar-2025
Hyderabad (HYD),Tirupati (TIR),6E  7532,06:20,07:50,,Daily,04-Nov-2024,29-Mar-2025
Chennai (MAA),Hyderabad (HYD),6E  0495,06:40,07:55,,Daily,04-Nov-2024,29-Mar-2025
Delhi (DEL),Srinagar (SXR),6E  2641,06:45,08:15,,Daily,04-Nov-2024,10-Nov-2024
Delhi (DEL),Jodhpur (JDH),6E  2411,06:55,08:15,,Daily,04-Nov-2024,29-Mar-2025
Nagpur (NAG),Delhi (DEL),6E  2432,06:55,08:40,,Daily,04-Nov-2024,29-Mar-2025
Delhi (DEL),Raipur (RPR),6E  2076,06:55,08:45,,Daily,04-Nov-2024,29-Mar-2025
Kolkata (CCU),Silchar (IXS),6E  6179,07:05,08:15,,Daily,04-Nov-2024,29-Mar-2025
Bengaluru (BLR),Kochi (COK),6E  6445,07:10,08:25,,Daily,04-Nov-2024,29-Mar-2025
Delhi (DEL),Jammu (IXJ),6E  2180,07:20,08:45,,Every Mon Tue Thu Fri Sat Sun,04-Nov-2024,10-Nov-2024
Delhi (DEL),Bagdogra (IXB),6E  2148,07:30,09:25,,Every Mon Tue,04-Nov-2024,05-Nov-2024
Mangalore (IXE),Bengaluru (BLR),6E  0306,07:40,08:35,,Daily,04-Nov-2024,29-Mar-2025
Kolkata (CCU),Bagdogra (IXB),6E  6785,07:40,08:45,,Daily,04-Nov-2024,29-Mar-2025
Bengaluru (BLR),Mopa(GOX),6E  6176,07:45,09:05,,Every Mon Wed Fri Sun,04-Nov-2024,17-Nov-2024
Chennai (MAA),Hyderabad (HYD),6E  0295,07:55,09:10,,Daily,04-Nov-2024,29-Mar-2025
Patna (PAT),Hyderabad (HYD),6E  6092,07:55,10:05,,Daily,04-Nov-2024,15-Nov-2024
Coimbatore (CJB),Chennai (MAA),6E  0981,08:00,08:55,,Daily,04-Nov-2024,10-Nov-2024
Coimbatore (CJB),Durgapur (RDP),6E  0981,08:00,12:10,MAA,Daily,04-Nov-2024,10-Nov-2024
Hyderabad (HYD),Patna (PAT),6E  6382,08:00,09:50,,Daily,04-Nov-2024,29-Mar-2025
Tirupati (TIR),Hyderabad (HYD),6E  7563,08:10,09:35,,Daily,04-Nov-2024,29-Mar-2025
Tirupati (TIR),Kolhapur (KLH),6E  7563,08:10,11:40,HYD,Daily,04-Nov-2024,29-Mar-2025
Patna (PAT),Bengaluru (BLR),6E  0247,08:20,11:05,,Every Mon Wed Fri Sun,04-Nov-2024,17-Nov-2024
Hyderabad (HYD),Bengaluru (BLR),6E  0151,08:35,09:50,,Daily,04-Nov-2024,29-Mar-2025
Hyderabad (HYD),Rajahmundry (RJA),6E  7477,08:40,09:55,,Daily,04-Nov-2024,29-Mar-2025
Silchar (IXS),Kolkata (CCU),6E  6181,08:45,09:55,,Daily,04-Nov-2024,29-Mar-2025
Jodhpur (JDH),Delhi (DEL),6E  2246,08:50,10:10,,Daily,04-Nov-2024,29-Mar-2025
Kochi (COK),Bengaluru (BLR),6E  6482,08:55,10:00,,Daily,04-Nov-2024,29-Mar-2025
Srinagar (SXR),Delhi (DEL),6E  2221,08:55,10:30,,Daily,04-Nov-2024,10-Nov-2024
Madurai (IXM),Delhi (DEL),6E  2088,09:15,12:30,,Daily,04-Nov-2024,29-Mar-2025
Raipur (RPR),Delhi (DEL),6E  2191,09:15,11:15,,Daily,04-Nov-2024,29-Mar-2025
Tirupati (TIR),Delhi (DEL),6E  2075,09:15,11:45,,Daily,04-Nov-2024,29-Mar-2025
Chennai (MAA),Indore (IDR),6E  0991,09:15,11:25,,Every Mon Wed Fri,04-Nov-2024,28-Mar-2025
Bagdogra (IXB),Kolkata (CCU),6E  6786,09:20,10:30,,Daily,04-Nov-2024,29-Mar-2025
Jammu (IXJ),Delhi (DEL),6E  2181,09:20,10:50,,Every Mon Tue Thu Fri Sat Sun,04-Nov-2024,10-Nov-2024
Hyderabad (HYD),Tirupati (TIR),6E  0482,09:35,10:35,,Daily,04-Nov-2024,29-Mar-2025
Mopa(GOX),Bengaluru (BLR),6E  6075,09:35,10:40,,Every Mon Wed Fri Sun,04-Nov-2024,17-Nov-2024
Chennai (MAA),Durgapur (RDP),6E  0981,09:50,12:10,,Daily,04-Nov-2024,10-Nov-2024
Hyderabad (HYD),Chennai (MAA),6E  6151,10:00,11:20,,Daily,04-Nov-2024,29-Mar-2025
Bagdogra (IXB),Delhi (DEL),6E  2147,10:00,12:20,,Every Mon Tue,04-Nov-2024,05-Nov-2024
Hyderabad (HYD),Kolhapur (KLH),6E  7563,10:05,11:40,,Daily,04-Nov-2024,29-Mar-2025
Rajahmundry (RJA),Hyderabad (HYD),6E  7289,10:15,11:25,,Daily,04-Nov-2024,29-Mar-2025
Patna (PAT),Hyderabad (HYD),6E  6383,10:25,12:35,,Daily,04-Nov-2024,29-Mar-2025
Kochi (COK),Bengaluru (BLR),6E  0897,10:40,11:50,,Every Mon Sat Sun,04-Nov-2024,17-Nov-2024
Kochi (COK),Varanasi (VNS),6E  0897,10:40,14:55,BLR,Every Mon Sat Sun,04-Nov-2024,17-Nov-2024
Hyderabad (HYD),Ahmedabad (AMD),6E  6338,10:50,12:40,,Every Mon Tue Thu Fri Sat Sun,04-Nov-2024,29-Mar-2025
Tirupati (TIR),Hyderabad (HYD),6E  0473,11:05,12:10,,Daily,04-Nov-2024,29-Mar-2025
Delhi (DEL),Bhopal (BHO),6E  2433,11:20,12:35,,Daily,04-Nov-2024,10-Nov-2024
Indore (IDR),Pune (PNQ),6E  6192,11:55,13:00,,Every Mon Wed Fri,04-Nov-2024,28-Mar-2025
Kolhapur (KLH),Hyderabad (HYD),6E  7564,12:00,13:15,,Daily,04-Nov-2024,29-Mar-2025
Kolhapur (KLH),Tirupati (TIR),6E  7564,12:00,15:10,HYD,Daily,04-Nov-2024,29-Mar-2025
Delhi (DEL),Jammu (IXJ),6E  2609,12:00,13:35,,Every Mon Tue Thu Fri Sat Sun,04-Nov-2024,10-Nov-2024
Delhi (DEL),Srinagar (SXR),6E  2609,12:00,14:45,IXJ,Every Mon Tue Thu Fri Sat Sun,04-Nov-2024,10-Nov-2024
Delhi (DEL),Delhi (DEL),6E  2609,12:00,17:05,IXJ/SXR,Every Mon Tue Thu Fri Sat Sun,04-Nov-2024,10-Nov-2024
Hyderabad (HYD),Delhi (DEL),6E  2234,12:15,14:35,,Daily,04-Nov-2024,29-Mar-2025
Bengaluru (BLR),Varanasi (VNS),6E  0897,12:30,14:55,,Every Mon Sat Sun,04-Nov-2024,17-Nov-2024
Durgapur (RDP),Chennai (MAA),6E  0982,12:45,15:15,,Daily,04-Nov-2024,10-Nov-2024
Durgapur (RDP),Coimbatore (CJB),6E  0982,12:45,17:05,MAA,Daily,04-Nov-2024,10-Nov-2024
Hyderabad (HYD),Madurai (IXM),6E  6781,12:50,14:25,,Daily,04-Nov-2024,29-Mar-2025
Delhi (DEL),Bagdogra (IXB),6E  2239,13:00,14:55,,Every Mon Tue Wed,04-Nov-2024,06-Nov-2024
Bhopal (BHO),Delhi (DEL),6E  5083,13:05,14:25,,Daily,04-Nov-2024,10-Nov-2024
Delhi (DEL),Udaipur (UDR),6E  2101,13:10,14:30,,Daily,04-Nov-2024,29-Mar-2025
Hyderabad (HYD),Bengaluru (BLR),6E  0180,13:15,14:35,,Every Mon Wed Thu Fri Sat Sun,04-Nov-2024,29-Mar-2025
Ahmedabad (AMD),Hyderabad (HYD),6E  0383,13:20,14:55,,Every Mon Tue Thu Fri Sat Sun,04-Nov-2024,29-Mar-2025
Mumbai (BOM),Jammu (IXJ),6E  0559,13:25,16:00,,Every Mon Tue Thu Fri Sat Sun,04-Nov-2024,10-Nov-2024
Mumbai (BOM),Srinagar (SXR),6E  0559,13:25,17:15,IXJ,Every Mon Tue Thu Fri Sat Sun,04-Nov-2024,10-Nov-2024
Mumbai (BOM),Jodhpur (JDH),6E  5256,13:25,15:05,,Every Mon Tue Wed Thu Fri Sun,04-Nov-2024,10-Nov-2024
Hyderabad (HYD),Srinagar (SXR),6E  6253,13:30,16:25,,Daily,04-Nov-2024,16-Nov-2024
Hyderabad (HYD),Tirupati (TIR),6E  7564,13:45,15:10,,Daily,04-Nov-2024,29-Mar-2025
Pune (PNQ),Indore (IDR),6E  6191,13:55,15:05,,Every Mon Wed Fri,04-Nov-2024,28-Mar-2025
Kolkata (CCU),Chandigarh (IXC),6E  0874,14:05,16:40,,Daily,04-Nov-2024,16-Nov-2024
Kolkata (CCU),Srinagar (SXR),6E  0874,14:05,18:20,IXC,Daily,04-Nov-2024,16-Nov-2024
Jammu (IXJ),Srinagar (SXR),6E  2609,14:05,14:45,,Every Mon Tue Thu Fri Sat Sun,04-Nov-2024,10-Nov-2024
Jammu (IXJ),Delhi (DEL),6E  2609,14:05,17:05,SXR,Every Mon Tue Thu Fri Sat Sun,04-Nov-2024,10-Nov-2024
Mumbai (BOM),Goa (GOI),6E  6228,14:15,15:25,,Every Mon Wed Thu Sat Sun,04-Nov-2024,29-Dec-2024
Delhi (DEL),Srinagar (SXR),6E  5106,14:35,16:00,,Daily,04-Nov-2024,16-Nov-2024
Srinagar (SXR),Amritsar (ATQ),6E  0478,14:45,15:45,,Daily,04-Nov-2024,29-Mar-2025
Srinagar (SXR),Bengaluru (BLR),6E  0478,14:45,19:20,ATQ,Daily,04-Nov-2024,29-Mar-2025
Srinagar (SXR),Chennai (MAA),6E  0478,14:45,22:05,ATQ/BLR,Daily,04-Nov-2024,29-Mar-2025
Madurai (IXM),Hyderabad (HYD),6E  6782,14:55,16:30,,Daily,04-Nov-2024,29-Mar-2025
Hyderabad (HYD),Jodhpur (JDH),6E  0297,14:55,17:00,,Every Mon Tue Thu Fri Sun,04-Nov-2024,10-Nov-2024
Udaipur (UDR),Delhi (DEL),6E  2102,15:05,16:25,,Daily,04-Nov-2024,29-Mar-2025
Delhi (DEL),Srinagar (SXR),6E  5084,15:20,17:00,,Daily,04-Nov-2024,15-Nov-2024
Srinagar (SXR),Delhi (DEL),6E  2609,15:25,17:05,,Every Mon Tue Thu Fri Sat Sun,04-Nov-2024,10-Nov-2024
Delhi (DEL),Hyderabad (HYD),6E  2243,15:30,17:45,,Daily,04-Nov-2024,29-Mar-2025
Tirupati (TIR),Hyderabad (HYD),6E  7694,15:30,16:50,,Daily,04-Nov-2024,29-Mar-2025
Varanasi (VNS),Bengaluru (BLR),6E  0144,15:30,17:55,,Every Mon Sat Sun,04-Nov-2024,17-Nov-2024
Varanasi (VNS),Kochi (COK),6E  0144,15:30,19:45,BLR,Every Mon Sat Sun,04-Nov-2024,17-Nov-2024
Bagdogra (IXB),Delhi (DEL),6E  2241,15:30,17:50,,Every Mon Tue Wed,04-Nov-2024,06-Nov-2024
Jodhpur (JDH),Mumbai (BOM),6E  5257,15:35,17:25,,Every Mon Tue Wed Thu Fri Sun,04-Nov-2024,10-Nov-2024
Indore (IDR),Chennai (MAA),6E  0995,15:40,17:45,,Every Mon Wed Fri,04-Nov-2024,28-Mar-2025
Chennai (MAA),Coimbatore (CJB),6E  0982,15:45,17:05,,Daily,04-Nov-2024,10-Nov-2024
Chandigarh (IXC),Hyderabad (HYD),6E  6254,15:55,18:25,,Daily,04-Nov-2024,29-Mar-2025
Bengaluru (BLR),Hyderabad (HYD),6E  6067,16:10,17:25,,Daily,04-Nov-2024,29-Mar-2025
Amritsar (ATQ),Bengaluru (BLR),6E  0478,16:15,19:20,,Daily,04-Nov-2024,29-Mar-2025
Amritsar (ATQ),Chennai (MAA),6E  0478,16:15,22:05,BLR,Daily,04-Nov-2024,29-Mar-2025
Mumbai (BOM),Vijayawada (VGA),6E  5183,16:30,18:10,,Daily,04-Nov-2024,29-Mar-2025
Srinagar (SXR),Delhi (DEL),6E  5070,16:30,17:55,,Daily,04-Nov-2024,16-Nov-2024
Goa (GOI),Mumbai (BOM),6E  5231,16:30,17:50,,Every Mon Wed Thu Sat Sun,04-Nov-2024,29-Dec-2024
Jammu (IXJ),Srinagar (SXR),6E  0559,16:35,17:15,,Every Mon Tue Thu Fri Sat Sun,04-Nov-2024,10-Nov-2024
Bengaluru (BLR),Lucknow (LKO),6E  0451,16:50,19:20,,Daily,04-Nov-2024,15-Nov-2024
Bengaluru (BLR),Coimbatore (CJB),6E  0914,17:00,18:00,,Daily,04-Nov-2024,29-Mar-2025
Delhi (DEL),Mumbai (BOM),6E  0864,17:00,19:20,,Daily,04-Nov-2024,11-Jan-2025
Bengaluru (BLR),Thiruvananthapuram (TRV),6E  6628,17:05,18:25,,Every Mon Tue Wed Thu Fri Sun,04-Nov-2024,10-Nov-2024
Chandigarh (IXC),Srinagar (SXR),6E  0874,17:10,18:20,,Daily,04-Nov-2024,16-Nov-2024
Srinagar (SXR),Hyderabad (HYD),6E  6255,17:10,20:05,,Daily,04-Nov-2024,16-Nov-2024
Hyderabad (HYD),Visakhapatnam (VTZ),6E  0208,17:10,18:20,,Daily,04-Nov-2024,24-Nov-2024
Hyderabad (HYD),Thiruvananthapuram (TRV),6E  0161,17:10,18:55,,Every Mon Wed Thu Fri Sun,04-Nov-2024,10-Nov-2024
Delhi (DEL),Amritsar (ATQ),6E  2341,17:30,18:40,,Daily,04-Nov-2024,29-Mar-2025
Delhi (DEL),Indore (IDR),6E  0902,17:30,19:00,,Daily,04-Nov-2024,29-Mar-2025
Jodhpur (JDH),Hyderabad (HYD),6E  6816,17:30,19:25,,Every Mon Tue Wed Thu Fri Sun,04-Nov-2024,10-Nov-2024
Agartala (IXA),Hyderabad (HYD),6E  6617,17:30,20:10,,Every Mon Wed Sun,04-Nov-2024,17-Nov-2024
Agartala (IXA),Chennai (MAA),6E  6617,17:30,22:45,HYD,Every Mon Wed Sun,04-Nov-2024,17-Nov-2024
Srinagar (SXR),Delhi (DEL),6E  2197,17:40,19:15,,Daily,04-Nov-2024,15-Nov-2024
Hyderabad (HYD),Aurangabad (IXU),6E  7159,17:40,19:05,,Daily,04-Nov-2024,29-Mar-2025
Mumbai (BOM),Visakhapatnam (VTZ),6E  5248,17:40,19:45,,Every Mon Tue Wed Thu Sun,04-Nov-2024,10-Nov-2024
Delhi (DEL),Visakhapatnam (VTZ),6E  5176,17:40,19:55,,Every Mon Tue Wed Thu Sun,04-Nov-2024,10-Nov-2024
Delhi (DEL),Coimbatore (CJB),6E  2346,17:45,20:45,,Daily,04-Nov-2024,29-Mar-2025
Vijayawada (VGA),Visakhapatnam (VTZ),6E  7251,17:45,18:50,,Every Mon Tue Wed Thu Sun,04-Nov-2024,10-Nov-2024
Jaipur (JAI),Dehradun (DED),6E  7468,17:50,19:10,,Daily,04-Nov-2024,15-Dec-2024
Srinagar (SXR),Jammu (IXJ),6E  0431,17:50,18:50,,Every Mon Tue Thu Fri Sat Sun,04-Nov-2024,10-Nov-2024
Srinagar (SXR),Mumbai (BOM),6E  0431,17:50,22:20,IXJ,Every Mon Tue Thu Fri Sat Sun,04-Nov-2024,10-Nov-2024
Bengaluru (BLR),Mumbai (BOM),6E  5255,18:00,20:05,,Daily,04-Nov-2024,29-Mar-2025
Hyderabad (HYD),Kolkata (CCU),6E  0283,18:00,20:00,,Daily,04-Nov-2024,31-Dec-2024
Delhi (DEL),Mopa(GOX),6E  2279,18:00,20:30,,Every Mon Wed Fri,04-Nov-2024,28-Mar-2025
Chennai (MAA),Delhi (DEL),6E  0613,18:10,20:55,,Daily,04-Nov-2024,29-Mar-2025
Delhi (DEL),Udaipur (UDR),6E  2123,18:10,19:30,,Daily,04-Nov-2024,29-Mar-2025
Delhi (DEL),Bengaluru (BLR),6E  6622,18:15,21:10,,Daily,04-Nov-2024,29-Mar-2025
Chennai (MAA),Kolkata (CCU),6E  0606,18:15,20:30,,Daily,04-Nov-2024,29-Mar-2025
Delhi (DEL),Hyderabad (HYD),6E  2768,18:25,20:40,,Daily,04-Nov-2024,29-Mar-2025
Coimbatore (CJB),Bengaluru (BLR),6E  0838,18:30,19:25,,Daily,04-Nov-2024,29-Mar-2025
Coimbatore (CJB),Jaipur (JAI),6E  0838,18:30,22:35,BLR,Daily,04-Nov-2024,29-Mar-2025
Delhi (DEL),Srinagar (SXR),6E  2448,18:30,20:00,,Daily,04-Nov-2024,16-Nov-2024
Hyderabad (HYD),Ahmedabad (AMD),6E  6727,18:30,20:25,,Every Mon Tue Thu Fri Sat Sun,04-Nov-2024,29-Mar-2025
Kolkata (CCU),Visakhapatnam (VTZ),6E  0616,18:35,20:10,,Daily,04-Nov-2024,29-Mar-2025
Delhi (DEL),Nagpur (NAG),6E  2651,18:35,20:20,,Daily,04-Nov-2024,29-Mar-2025
Delhi (DEL),Pune (PNQ),6E  2608,18:35,20:40,,Every Mon Tue Wed,04-Nov-2024,06-Nov-2024
Vijayawada (VGA),Mumbai (BOM),6E  5184,18:40,20:20,,Daily,04-Nov-2024,29-Mar-2025
Bengaluru (BLR),Kochi (COK),6E  0144,18:40,19:45,,Every Mon Sat Sun,04-Nov-2024,17-Nov-2024
Hyderabad (HYD),Ranchi (IXR),6E  0186,18:50,20:30,,Daily,04-Nov-2024,24-Nov-2024
Thiruvananthapuram (TRV),Bengaluru (BLR),6E  0691,18:55,20:10,,Every Mon Tue Wed Thu Fri Sun,04-Nov-2024,10-Nov-2024
Delhi (DEL),Bengaluru (BLR),6E  2487,19:00,22:00,,Daily,04-Nov-2024,29-Mar-2025
Srinagar (SXR),Chandigarh (IXC),6E  6041,19:00,19:50,,Daily,04-Nov-2024,16-Nov-2024
Srinagar (SXR),Kolkata (CCU),6E  6041,19:00,22:45,IXC,Daily,04-Nov-2024,16-Nov-2024
Kolkata (CCU),Jaipur (JAI),6E  0114,19:00,21:30,,Daily,04-Nov-2024,29-Mar-2025
Visakhapatnam (VTZ),Hyderabad (HYD),6E  0216,19:00,20:15,,Daily,04-Nov-2024,24-Nov-2024
Amritsar (ATQ),Delhi (DEL),6E  2342,19:10,20:25,,Daily,04-Nov-2024,29-Mar-2025
Hyderabad (HYD),Nagpur (NAG),6E  7543,19:10,20:35,,Daily,04-Nov-2024,29-Mar-2025
Bengaluru (BLR),Mumbai (BOM),6E  5376,19:15,21:20,,Daily,04-Nov-2024,29-Mar-2025
Mumbai (BOM),Hyderabad (HYD),6E  5326,19:20,20:45,,Daily,04-Nov-2024,26-Nov-2024
Mumbai (BOM),Indore (IDR),6E  0551,19:20,20:45,,Daily,04-Nov-2024,29-Mar-2025
Guwahati (GAU),Kolkata (CCU),6E  6966,19:20,20:45,,Daily,04-Nov-2024,29-Mar-2025
Hyderabad (HYD),Lucknow (LKO),6E  6167,19:20,21:10,,Daily,04-Nov-2024,29-Mar-2025
Mumbai (BOM),Aurangabad (IXU),6E  5392,19:25,20:40,,Daily,04-Nov-2024,29-Mar-2025
Aurangabad (IXU),Hyderabad (HYD),6E  7147,19:25,20:50,,Daily,04-Nov-2024,29-Mar-2025
Jammu (IXJ),Mumbai (BOM),6E  0431,19:25,22:20,,Every Mon Tue Thu Fri Sat Sun,04-Nov-2024,10-Nov-2024
Thiruvananthapuram (TRV),Hyderabad (HYD),6E  0335,19:25,21:10,,Every Mon Wed Thu Fri Sun,04-Nov-2024,10-Nov-2024
Delhi (DEL),Kolkata (CCU),6E  6517,19:30,21:35,,Daily,04-Nov-2024,30-Nov-2024
Dehradun (DED),Jaipur (JAI),6E  7148,19:30,20:50,,Daily,04-Nov-2024,29-Mar-2025
Dehradun (DED),Indore (IDR),6E  7148,19:30,22:40,JAI,Daily,04-Nov-2024,29-Mar-2025
Indore (IDR),Delhi (DEL),6E  2010,19:35,21:10,,Daily,04-Nov-2024,29-Mar-2025
Chennai (MAA),Thiruvananthapuram (TRV),6E  6149,19:35,20:55,,Every Mon Tue Wed Thu Fri Sun,04-Nov-2024,17-Nov-2024
Visakhapatnam (VTZ),Vijayawada (VGA),6E  7129,19:40,20:45,,Every Mon Tue Wed Thu Sun,04-Nov-2024,10-Nov-2024
Lucknow (LKO),Bengaluru (BLR),6E  6354,19:50,22:25,,Daily,04-Nov-2024,15-Nov-2024
Bengaluru (BLR),Varanasi (VNS),6E  0185,19:55,22:15,,Daily,04-Nov-2024,16-Nov-2024
Mumbai (BOM),Delhi (DEL),6E  2384,20:00,22:10,,Daily,04-Nov-2024,11-Jan-2025
Delhi (DEL),Mumbai (BOM),6E  2303,20:00,22:30,,Daily,04-Nov-2024,10-Nov-2024
Udaipur (UDR),Delhi (DEL),6E  2242,20:00,21:20,,Daily,04-Nov-2024,29-Mar-2025
Bengaluru (BLR),Hyderabad (HYD),6E  0855,20:00,21:25,,Every Mon Tue Wed Thu Fri Sun,04-Nov-2024,15-Nov-2024
Mumbai (BOM),Chennai (MAA),6E  6229,20:05,21:55,,Daily,04-Nov-2024,29-Mar-2025
Bengaluru (BLR),Jaipur (JAI),6E  0838,20:05,22:35,,Daily,04-Nov-2024,29-Mar-2025
Hyderabad (HYD),Chandigarh (IXC),6E  6252,20:10,22:40,,Daily,04-Nov-2024,29-Mar-2025
Hyderabad (HYD),Bengaluru (BLR),6E  0285,20:15,21:35,,Daily,04-Nov-2024,29-Mar-2025
Jaipur (JAI),Bengaluru (BLR),6E  6429,20:15,22:55,,Daily,04-Nov-2024,11-Nov-2024
Visakhapatnam (VTZ),Delhi (DEL),6E  2776,20:30,23:00,,Daily,04-Nov-2024,29-Mar-2025
Hyderabad (HYD),Chennai (MAA),6E  6316,20:30,21:50,,Daily,04-Nov-2024,29-Mar-2025
Chandigarh (IXC),Kolkata (CCU),6E  6041,20:35,22:45,,Daily,04-Nov-2024,16-Nov-2024
Delhi (DEL),Varanasi (VNS),6E  6258,20:35,22:00,,Daily,04-Nov-2024,30-Nov-2024
Srinagar (SXR),Delhi (DEL),6E  2449,20:40,22:05,,Daily,04-Nov-2024,16-Nov-2024
Ahmedabad (AMD),Chennai (MAA),6E  0348,20:40,22:55,,Every Mon Tue Wed Thu Sun,04-Nov-2024,10-Nov-2024
Mumbai (BOM),Bengaluru (BLR),6E  5252,20:45,22:35,,Daily,04-Nov-2024,29-Mar-2025
Kolkata (CCU),Hyderabad (HYD),6E  6154,20:45,23:00,,Daily,04-Nov-2024,31-Dec-2024
Hyderabad (HYD),Visakhapatnam (VTZ),6E  6285,20:45,22:00,,Daily,04-Nov-2024,29-Mar-2025
Nagpur (NAG),Delhi (DEL),6E  2652,20:50,22:35,,Daily,04-Nov-2024,29-Mar-2025
Hyderabad (HYD),Pune (PNQ),6E  0426,20:50,22:00,,Daily,04-Nov-2024,29-Mar-2025
Bengaluru (BLR),Chennai (MAA),6E  0478,21:00,22:05,,Daily,04-Nov-2024,29-Mar-2025
Mopa(GOX),Delhi (DEL),6E  2326,21:00,23:30,,Every Mon Wed Fri,04-Nov-2024,28-Mar-2025
Mumbai (BOM),Hyderabad (HYD),6E  5056,21:05,22:30,,Daily,04-Nov-2024,30-Nov-2024
Delhi (DEL),Indore (IDR),6E  2208,21:05,22:35,,Daily,04-Nov-2024,29-Mar-2025
Ahmedabad (AMD),Hyderabad (HYD),6E  6728,21:05,22:45,,Every Mon Tue Thu Fri Sat Sun,04-Nov-2024,29-Mar-2025
Vijayawada (VGA),Chennai (MAA),6E  7139,21:05,22:30,,Every Mon Tue Wed Thu Sun,04-Nov-2024,10-Nov-2024
Aurangabad (IXU),Mumbai (BOM),6E  5383,21:10,22:20,,Daily,04-Nov-2024,29-Mar-2025
Visakhapatnam (VTZ),Kolkata (CCU),6E  0617,21:10,22:35,,Daily,04-Nov-2024,29-Mar-2025
Jaipur (JAI),Indore (IDR),6E  7148,21:10,22:40,,Daily,04-Nov-2024,29-Mar-2025
Ranchi (IXR),Hyderabad (HYD),6E  0191,21:10,23:05,,Daily,04-Nov-2024,24-Nov-2024
Bhubaneshwar (BBI),Hyderabad (HYD),6E  0631,21:15,23:00,,Daily,04-Nov-2024,29-Mar-2025
Kolkata (CCU),Patna (PAT),6E  7060,21:15,22:50,,Daily,04-Nov-2024,15-Nov-2024
Coimbatore (CJB),Delhi (DEL),6E  5046,21:15,00:20,,Daily,04-Nov-2024,29-Mar-2025
Chennai (MAA),Hyderabad (HYD),6E  0341,21:15,22:30,,Daily,04-Nov-2024,29-Mar-2025
Nagpur (NAG),Hyderabad (HYD),6E  7695,21:20,22:50,,Daily,04-Nov-2024,29-Mar-2025
Hyderabad (HYD),Varanasi (VNS),6E  5350,21:20,23:10,,Daily,04-Nov-2024,15-Nov-2024
Pune (PNQ),Delhi (DEL),6E  2369,21:20,23:35,,Every Mon Tue Wed,04-Nov-2024,06-Nov-2024
Hyderabad (HYD),Bhubaneshwar (BBI),6E  0922,21:25,23:00,,Daily,04-Nov-2024,29-Mar-2025
Thiruvananthapuram (TRV),Chennai (MAA),6E  6959,21:25,22:40,,Every Mon Tue Wed Thu Fri Sun,04-Nov-2024,17-Nov-2024
Indore (IDR),Mumbai (BOM),6E  0552,21:30,23:05,,Daily,04-Nov-2024,29-Mar-2025
Kolkata (CCU),Guwahati (GAU),6E  0572,21:30,22:40,,Daily,04-Nov-2024,29-Mar-2025
Delhi (DEL),Hyderabad (HYD),6E  2027,21:30,23:45,,Daily,04-Nov-2024,29-Mar-2025
Hyderabad (HYD),Delhi (DEL),6E  2256,21:30,23:45,,Daily,04-Nov-2024,24-Nov-2024
Hyderabad (HYD),Chennai (MAA),6E  6617,21:30,22:45,,Every Mon Wed Sun,04-Nov-2024,17-Nov-2024
Hyderabad (HYD),Mumbai (BOM),6E  5003,21:40,23:20,,Daily,04-Nov-2024,25-Nov-2024
Kolkata (CCU),Chennai (MAA),6E  0723,21:45,00:10,,Daily,04-Nov-2024,29-Mar-2025
Delhi (DEL),Chennai (MAA),6E  6341,21:45,00:30,,Daily,04-Nov-2024,29-Mar-2025
Lucknow (LKO),Hyderabad (HYD),6E  6166,21:45,23:45,,Daily,04-Nov-2024,29-Mar-2025
Bengaluru (BLR),Delhi (DEL),6E  2307,21:50,00:45,,Daily,04-Nov-2024,29-Mar-2025
Jaipur (JAI),Kolkata (CCU),6E  6427,22:00,00:05,,Daily,04-Nov-2024,29-Mar-2025
Hyderabad (HYD),Bengaluru (BLR),6E  6505,22:00,23:15,,Every Mon Tue Wed Thu Fri Sun,04-Nov-2024,10-Nov-2024
Mumbai (BOM),Bengaluru (BLR),6E  5388,22:05,23:45,,Daily,04-Nov-2024,30-Nov-2024
Kolkata (CCU),Delhi (DEL),6E  2415,22:15,01:00,,Daily,04-Nov-2024,30-Nov-2024
Chennai (MAA),Mumbai (BOM),6E  6225,22:30,00:35,,Daily,04-Nov-2024,29-Mar-2025
Varanasi (VNS),Delhi (DEL),6E  5229,22:35,00:05,,Daily,04-Nov-2024,30-Nov-2024
Chennai (MAA),Hyderabad (HYD),6E  6317,22:35,23:50,,Daily,04-Nov-2024,29-Mar-2025
Visakhapatnam (VTZ),Hyderabad (HYD),6E  6286,22:40,23:55,,Daily,04-Nov-2024,29-Mar-2025
Ahmedabad (AMD),Mumbai (BOM),6E  6794,22:45,00:05,,Daily,04-Nov-2024,30-Nov-2024
Riyadh (RUH),Delhi (DEL),6E  0072,22:45,05:30,,Daily,04-Nov-2024,29-Mar-2025
Bengaluru (BLR),Delhi (DEL),6E  6813,23:00,01:55,,Daily,04-Nov-2024,29-Mar-2025
Varanasi (VNS),Bengaluru (BLR),6E  0184,23:00,01:30,,Daily,04-Nov-2024,16-Nov-2024
Hyderabad (HYD),Goa (GOI),6E  6532,23:05,00:20,,Daily,04-Nov-2024,29-Mar-2025
Indore (IDR),Delhi (DEL),6E  2019,23:10,00:40,,Daily,04-Nov-2024,29-Mar-2025
Bengaluru (BLR),Hyderabad (HYD),6E  6178,23:15,00:25,,Daily,04-Nov-2024,29-Mar-2025
Hyderabad (HYD),Chennai (MAA),6E  6007,23:15,00:25,,Daily,04-Nov-2024,29-Mar-2025
Patna (PAT),Kolkata (CCU),6E  7050,23:20,00:50,,Daily,04-Nov-2024,15-Nov-2024
Bengaluru (BLR),Mumbai (BOM),6E  6283,23:30,01:15,,Daily,04-Nov-2024,29-Mar-2025
Mumbai (BOM),Delhi (DEL),6E  2007,23:30,01:45,,Daily,04-Nov-2024,10-Nov-2024
Hyderabad (HYD),Mumbai (BOM),6E  5195,23:35,01:15,,Daily,04-Nov-2024,29-Mar-2025
Bengaluru (BLR),Jaipur (JAI),6E  6428,23:40,01:55,,Daily,04-Nov-2024,11-Nov-2024
Varanasi (VNS),Hyderabad (HYD),6E  5360,23:40,01:40,,Daily,04-Nov-2024,15-Nov-2024
Hyderabad (HYD),Bengaluru (BLR),6E  0949,23:50,01:05,,Daily,04-Nov-2024,29-Mar-2025
Delhi (DEL),Bengaluru (BLR),6E  2852,03:00,05:45,,Every Tue,05-Nov-2024,05-Nov-2024
Bengaluru (BLR),Patna (PAT),6E  6243,05:20,07:50,,Every Tue Thu Sat,05-Nov-2024,16-Nov-2024
Jeddah (JED),Mumbai (BOM),6E  0092,06:20,13:45,,Every Tue,05-Nov-2024,31-Dec-2024
Mumbai (BOM),Istanbul (IST),6E  0017,06:55,12:10,,Daily,05-Nov-2024,14-Nov-2024
Bengaluru (BLR),Hyderabad (HYD),6E  0484,07:40,08:55,,Every Tue Thu Sat,05-Nov-2024,16-Nov-2024
Bengaluru (BLR),Mopa(GOX),6E  6176,07:45,09:05,,Every Tue Thu Sat,05-Nov-2024,16-Nov-2024
Patna (PAT),Bengaluru (BLR),6E  0247,08:20,11:05,,Every Tue Thu Sat,05-Nov-2024,16-Nov-2024
Kolkata (CCU),Aizawl (AJL),6E  6941,08:35,09:45,,Every Tue Thu Sat,05-Nov-2024,23-Nov-2024
Bengaluru (BLR),Thiruvananthapuram (TRV),6E  0688,09:05,10:25,,Every Tue Wed Thu Fri,05-Nov-2024,15-Nov-2024
Mopa(GOX),Bengaluru (BLR),6E  6075,09:35,10:40,,Every Tue Thu Sat,05-Nov-2024,16-Nov-2024
Hyderabad (HYD),Bengaluru (BLR),6E  6066,09:50,11:10,,Every Tue Thu Sat,05-Nov-2024,16-Nov-2024
Aizawl (AJL),Kolkata (CCU),6E  0433,10:15,11:25,,Every Tue Thu Sat,05-Nov-2024,23-Nov-2024
Thiruvananthapuram (TRV),Bengaluru (BLR),6E  0661,10:55,12:10,,Every Tue Wed Thu Fri,05-Nov-2024,15-Nov-2024
Bengaluru (BLR),Surat (STV),6E  0465,12:50,14:50,,Every Tue Wed Thu Fri,05-Nov-2024,15-Nov-2024
Bengaluru (BLR),Mangalore (IXE),6E  6453,13:00,14:00,,Every Tue Thu Sat,05-Nov-2024,16-Nov-2024
Mangalore (IXE),Bengaluru (BLR),6E  6454,14:35,15:30,,Every Tue Thu Sat,05-Nov-2024,16-Nov-2024
Surat (STV),Goa (GOI),6E  0419,15:20,16:40,,Every Tue Wed Thu Fri,05-Nov-2024,15-Nov-2024
Bengaluru (BLR),Visakhapatnam (VTZ),6E  0969,16:15,17:45,,Every Tue Thu Sat,05-Nov-2024,16-Nov-2024
Goa (GOI),Surat (STV),6E  0418,17:10,18:30,,Every Tue Wed Thu Fri,05-Nov-2024,15-Nov-2024
Delhi (DEL),Goa (GOI),6E  2279,18:00,20:30,,Every Tue Thu Sat Sun,05-Nov-2024,27-Mar-2025
Visakhapatnam (VTZ),Bengaluru (BLR),6E  2772,18:25,20:00,,Every Tue Thu Sat,05-Nov-2024,16-Nov-2024
Surat (STV),Bengaluru (BLR),6E  5034,19:05,20:55,,Every Tue Wed Thu Fri,05-Nov-2024,15-Nov-2024
Istanbul (IST),Mumbai (BOM),6E  0018,19:50,04:55,,Every Tue Thu Fri Sat Sun,05-Nov-2024,14-Nov-2024
Goa (GOI),Delhi (DEL),6E  2326,21:00,23:30,,Every Tue Thu Sat Sun,05-Nov-2024,29-Mar-2025
Bengaluru (BLR),Goa (GOI),6E  6168,21:40,23:00,,Every Tue Thu,05-Nov-2024,07-Nov-2024
Goa (GOI),Bengaluru (BLR),6E  6163,23:30,00:35,,Every Tue Thu,05-Nov-2024,07-Nov-2024
Bengaluru (BLR),Chennai (MAA),6E  6269,07:00,08:00,,Every Wed Fri Sun,06-Nov-2024,10-Nov-2024
Chennai (MAA),Port Blair (IXZ),6E  6122,07:15,09:15,,Every Wed Fri Sun,06-Nov-2024,10-Nov-2024
Delhi (DEL),Jammu (IXJ),6E  2180,07:20,08:45,,Every Wed,06-Nov-2024,06-Nov-2024
Delhi (DEL),Bagdogra (IXB),6E  2148,07:30,09:25,,Daily,06-Nov-2024,29-Mar-2025
Jammu (IXJ),Delhi (DEL),6E  2181,09:20,10:50,,Every Wed,06-Nov-2024,06-Nov-2024
Port Blair (IXZ),Chennai (MAA),6E  6121,09:50,12:10,,Every Wed Fri Sun,06-Nov-2024,10-Nov-2024
Bagdogra (IXB),Delhi (DEL),6E  2147,10:00,12:20,,Daily,06-Nov-2024,29-Mar-2025
Chennai (MAA),Dhaka (DAC),6E  1113,13:20,16:25,,Every Wed Fri Sun,06-Nov-2024,10-Nov-2024
Mopa(GOX),Nagpur (NAG),6E  0122,17:10,18:45,,Every Wed,06-Nov-2024,26-Mar-2025
Dhaka (DAC),Chennai (MAA),6E  1114,17:25,19:45,,Every Wed Fri Sun,06-Nov-2024,10-Nov-2024
Ahmedabad (AMD),Bhubaneshwar (BBI),6E  6013,18:10,20:10,,Every Wed,06-Nov-2024,26-Mar-2025
Istanbul (IST),Mumbai (BOM),6E  0018,19:45,04:55,,Every Mon Wed,06-Nov-2024,13-Nov-2024
Bhubaneshwar (BBI),Ahmedabad (AMD),6E  6654,20:50,23:30,,Every Wed,06-Nov-2024,26-Mar-2025
Chennai (MAA),Bengaluru (BLR),6E  0796,23:10,00:15,,Every Wed Fri Sun,06-Nov-2024,10-Nov-2024
Delhi (DEL),Hyderabad (HYD),6E  2351,01:00,03:15,,Every Mon Thu Fri Sat Sun,07-Nov-2024,11-Nov-2024
Delhi (DEL),Bagdogra (IXB),6E  2239,13:00,14:55,,Daily,07-Nov-2024,29-Mar-2025
Bagdogra (IXB),Delhi (DEL),6E  2241,15:30,17:50,,Daily,07-Nov-2024,29-Mar-2025
Delhi (DEL),Pune (PNQ),6E  2608,18:35,20:40,,Daily,07-Nov-2024,29-Mar-2025
Pune (PNQ),Delhi (DEL),6E  2369,21:20,23:35,,Daily,07-Nov-2024,29-Mar-2025
Pune (PNQ),Hyderabad (HYD),6E  0103,22:40,00:00,,Daily,07-Nov-2024,29-Mar-2025
Goa (GOI),Hyderabad (HYD),6E  0985,23:00,00:00,,Daily,07-Nov-2024,29-Mar-2025
Mumbai (BOM),Jeddah (JED),6E  0091,00:55,04:20,,Every Fri,08-Nov-2024,29-Nov-2024
Agartala (IXA),Hyderabad (HYD),6E  6617,17:30,20:10,,Every Fri,08-Nov-2024,08-Nov-2024
Agartala (IXA),Chennai (MAA),6E  6617,17:30,22:55,HYD,Every Fri,08-Nov-2024,08-Nov-2024
Mumbai (BOM),Visakhapatnam (VTZ),6E  5248,17:40,19:40,,Every Fri Sat,08-Nov-2024,09-Nov-2024
Delhi (DEL),Visakhapatnam (VTZ),6E  5176,17:40,19:50,,Every Fri Sat,08-Nov-2024,09-Nov-2024
Vijayawada (VGA),Visakhapatnam (VTZ),6E  7251,18:30,19:35,,Every Fri Sat,08-Nov-2024,09-Nov-2024
Visakhapatnam (VTZ),Vijayawada (VGA),6E  7129,19:55,21:00,,Every Fri Sat,08-Nov-2024,09-Nov-2024
Ahmedabad (AMD),Chennai (MAA),6E  0348,20:40,23:00,,Every Fri Sat,08-Nov-2024,09-Nov-2024
Vijayawada (VGA),Chennai (MAA),6E  7139,21:20,23:00,,Every Fri Sat,08-Nov-2024,09-Nov-2024
Hyderabad (HYD),Chennai (MAA),6E  6617,21:30,22:55,,Every Fri,08-Nov-2024,08-Nov-2024
Bengaluru (BLR),Kochi (COK),6E  0113,09:00,10:10,,Every Sat,09-Nov-2024,16-Nov-2024
Mumbai (BOM),Udaipur (UDR),6E  5256,13:25,14:55,,Every Sat,09-Nov-2024,09-Nov-2024
Hyderabad (HYD),Udaipur (UDR),6E  0297,14:55,16:40,,Every Sat,09-Nov-2024,09-Nov-2024
Udaipur (UDR),Mumbai (BOM),6E  5257,15:55,17:25,,Every Sat,09-Nov-2024,09-Nov-2024
Bengaluru (BLR),Hyderabad (HYD),6E  0855,17:05,18:25,,Every Sat,09-Nov-2024,09-Nov-2024
Hyderabad (HYD),Jaipur (JAI),6E  0188,17:10,19:05,,Every Sat,09-Nov-2024,09-Nov-2024
Jammu (IXJ),Hyderabad (HYD),6E  6617,17:40,20:35,,Every Sat,09-Nov-2024,09-Nov-2024
Jammu (IXJ),Chennai (MAA),6E  6617,17:40,22:55,HYD,Every Sat,09-Nov-2024,09-Nov-2024
Udaipur (UDR),Hyderabad (HYD),6E  6816,17:45,19:25,,Every Sat,09-Nov-2024,09-Nov-2024
Hyderabad (HYD),Bengaluru (BLR),6E  6505,19:00,20:10,,Every Sat,09-Nov-2024,09-Nov-2024
Jaipur (JAI),Hyderabad (HYD),6E  0190,19:40,21:40,,Every Sat,09-Nov-2024,09-Nov-2024
Chennai (MAA),Thiruvananthapuram (TRV),6E  6149,19:55,21:15,,Every Sat,09-Nov-2024,09-Nov-2024
Bengaluru (BLR),Thiruvananthapuram (TRV),6E  6628,20:00,21:20,,Every Sat,09-Nov-2024,09-Nov-2024
Hyderabad (HYD),Chennai (MAA),6E  6617,21:30,22:55,,Every Sat,09-Nov-2024,09-Nov-2024
Thiruvananthapuram (TRV),Chennai (MAA),6E  6959,21:45,22:55,,Every Sat,09-Nov-2024,09-Nov-2024
Thiruvananthapuram (TRV),Bengaluru (BLR),6E  0691,22:00,23:15,,Every Sat,09-Nov-2024,09-Nov-2024
Mumbai (BOM),Chandigarh (IXC),6E  5178,16:05,18:15,,Daily,10-Nov-2024,29-Mar-2025
Hyderabad (HYD),Visakhapatnam (VTZ),6E  0618,05:50,07:00,,Daily,11-Nov-2024,29-Mar-2025
Delhi (DEL),Visakhapatnam (VTZ),6E  5345,05:55,08:10,,Every Mon Tue Wed Thu Fri Sun,11-Nov-2024,17-Nov-2024
Delhi (DEL),Srinagar (SXR),6E  2641,06:45,08:15,,Every Mon Tue Wed Thu Fri Sun,11-Nov-2024,17-Nov-2024
Hyderabad (HYD),Bengaluru (BLR),6E  0413,06:55,08:10,,Daily,11-Nov-2024,29-Mar-2025
Bengaluru (BLR),Chennai (MAA),6E  6269,07:00,08:00,,Every Mon Wed Sun,11-Nov-2024,17-Nov-2024
Chennai (MAA),Port Blair (IXZ),6E  6122,07:15,09:15,,Every Mon Wed Sun,11-Nov-2024,17-Nov-2024
Delhi (DEL),Jammu (IXJ),6E  2180,07:20,08:45,,Daily,11-Nov-2024,15-Dec-2024
Visakhapatnam (VTZ),Hyderabad (HYD),6E  0307,07:40,08:50,,Daily,11-Nov-2024,29-Mar-2025
Visakhapatnam (VTZ),Varanasi (VNS),6E  0307,07:40,11:15,HYD,Daily,11-Nov-2024,29-Mar-2025
Coimbatore (CJB),Chennai (MAA),6E  0981,08:00,08:55,,Every Mon Tue Wed Thu Sat Sun,11-Nov-2024,17-Nov-2024
Coimbatore (CJB),Durgapur (RDP),6E  0981,08:00,12:10,MAA,Every Mon Tue Wed Thu Sat Sun,11-Nov-2024,17-Nov-2024
Delhi (DEL),Udaipur (UDR),6E  2423,08:10,09:25,,Daily,11-Nov-2024,29-Mar-2025
Srinagar (SXR),Delhi (DEL),6E  2221,08:55,10:30,,Every Mon Tue Wed Thu Fri Sun,11-Nov-2024,17-Nov-2024
Bengaluru (BLR),Hyderabad (HYD),6E  0886,09:00,10:15,,Daily,11-Nov-2024,29-Mar-2025
Bengaluru (BLR),Gorakhpur (GOP),6E  0886,09:00,13:25,HYD,Daily,11-Nov-2024,29-Mar-2025
Visakhapatnam (VTZ),Delhi (DEL),6E  5344,09:00,11:25,,Every Mon Tue Wed Thu Fri Sun,11-Nov-2024,17-Nov-2024
Jammu (IXJ),Delhi (DEL),6E  2181,09:20,10:50,,Daily,11-Nov-2024,15-Dec-2024
Hyderabad (HYD),Varanasi (VNS),6E  0307,09:30,11:15,,Daily,11-Nov-2024,29-Mar-2025
Chennai (MAA),Durgapur (RDP),6E  0981,09:50,12:10,,Every Mon Tue Wed Thu Sat Sun,11-Nov-2024,17-Nov-2024
Port Blair (IXZ),Chennai (MAA),6E  6121,09:50,12:10,,Every Mon Wed Sun,11-Nov-2024,17-Nov-2024
Udaipur (UDR),Delhi (DEL),6E  2284,09:55,11:15,,Daily,11-Nov-2024,29-Mar-2025
Kozhikode (CCJ),Dammam (DMM),6E  0087,10:20,12:50,,Every Mon Wed Fri Sat Sun,11-Nov-2024,17-Nov-2024
Mumbai (BOM),Lucknow (LKO),6E  2442,10:55,13:10,,Every Mon Wed Thu Fri Sat Sun,11-Nov-2024,17-Nov-2024
Hyderabad (HYD),Gorakhpur (GOP),6E  0886,11:20,13:25,,Daily,11-Nov-2024,29-Mar-2025
Delhi (DEL),Bhopal (BHO),6E  2433,11:20,12:35,,Every Mon Tue Wed Thu Fri Sun,11-Nov-2024,17-Nov-2024
Varanasi (VNS),Hyderabad (HYD),6E  0626,11:45,14:00,,Daily,11-Nov-2024,29-Mar-2025
Varanasi (VNS),Visakhapatnam (VTZ),6E  0626,11:45,15:55,HYD,Daily,11-Nov-2024,29-Mar-2025
Delhi (DEL),Raipur (RPR),6E  2206,12:00,13:45,,Daily,11-Nov-2024,29-Mar-2025
Delhi (DEL),Jammu (IXJ),6E  2609,12:00,13:35,,Every Mon Tue Wed Thu Fri Sat,11-Nov-2024,16-Nov-2024
Delhi (DEL),Srinagar (SXR),6E  2609,12:00,14:45,IXJ,Every Mon Tue Wed Thu Fri Sat,11-Nov-2024,16-Nov-2024
Delhi (DEL),Delhi (DEL),6E  2609,12:00,17:05,IXJ/SXR,Every Mon Tue Wed Thu Fri Sat,11-Nov-2024,16-Nov-2024
Delhi (DEL),Srinagar (SXR),6E  2044,12:40,14:15,,Daily,11-Nov-2024,17-Nov-2024
Delhi (DEL),Jammu (IXJ),6E  2044,12:40,15:50,SXR,Daily,11-Nov-2024,17-Nov-2024
Delhi (DEL),Delhi (DEL),6E  2044,12:40,17:50,SXR/IXJ,Daily,11-Nov-2024,17-Nov-2024
Durgapur (RDP),Chennai (MAA),6E  0982,12:45,15:15,,Every Mon Tue Wed Thu Sat Sun,11-Nov-2024,17-Nov-2024
Durgapur (RDP),Coimbatore (CJB),6E  0982,12:45,17:05,MAA,Every Mon Tue Wed Thu Sat Sun,11-Nov-2024,17-Nov-2024
Bhopal (BHO),Delhi (DEL),6E  5083,13:05,14:25,,Every Mon Tue Wed Thu Fri Sun,11-Nov-2024,17-Nov-2024
Chennai (MAA),Dhaka (DAC),6E  1113,13:20,16:25,,Every Mon Wed Sun,11-Nov-2024,17-Nov-2024
Mumbai (BOM),Jodhpur (JDH),6E  5256,13:25,15:05,,Daily,11-Nov-2024,17-Nov-2024
Mumbai (BOM),Jammu (IXJ),6E  0559,13:25,16:00,,Every Mon Tue Wed Thu Fri Sat,11-Nov-2024,16-Nov-2024
Mumbai (BOM),Srinagar (SXR),6E  0559,13:25,17:15,IXJ,Every Mon Tue Wed Thu Fri Sat,11-Nov-2024,16-Nov-2024
Kochi (COK),Mumbai (BOM),6E  5102,13:30,15:35,,Every Mon Wed Thu Fri Sat Sun,11-Nov-2024,17-Nov-2024
Lucknow (LKO),Mumbai (BOM),6E  5241,13:45,16:10,,Every Mon Wed Thu Fri Sat Sun,11-Nov-2024,17-Nov-2024
Dammam (DMM),Kozhikode (CCJ),6E  0088,13:50,20:40,,Every Mon Wed Fri Sat Sun,11-Nov-2024,17-Nov-2024
Chennai (MAA),Jaffna (JAF),6E  1177,13:55,15:10,,Every Mon Tue Wed Fri Sat Sun,11-Nov-2024,17-Nov-2024
Delhi (DEL),Hyderabad (HYD),6E  5198,14:00,16:20,,Every Mon Tue Wed Thu Fri Sun,11-Nov-2024,17-Nov-2024
Jammu (IXJ),Srinagar (SXR),6E  2609,14:05,14:45,,Every Mon Tue Wed Thu Fri Sat,11-Nov-2024,16-Nov-2024
Jammu (IXJ),Delhi (DEL),6E  2609,14:05,17:05,SXR,Every Mon Tue Wed Thu Fri Sat,11-Nov-2024,16-Nov-2024
Raipur (RPR),Delhi (DEL),6E  2205,14:15,16:10,,Daily,11-Nov-2024,29-Mar-2025
Chennai (MAA),Coimbatore (CJB),6E  0804,14:25,15:30,,Every Mon Tue Wed Thu Sat Sun,11-Nov-2024,17-Nov-2024
Hyderabad (HYD),Visakhapatnam (VTZ),6E  0626,14:45,15:55,,Daily,11-Nov-2024,29-Mar-2025
Bengaluru (BLR),Jeddah (JED),6E  0077,14:45,18:30,,Every Mon,11-Nov-2024,24-Mar-2025
Srinagar (SXR),Jammu (IXJ),6E  2044,14:55,15:50,,Daily,11-Nov-2024,17-Nov-2024
Srinagar (SXR),Delhi (DEL),6E  2044,14:55,17:50,IXJ,Daily,11-Nov-2024,17-Nov-2024
Durgapur (RDP),Hyderabad (HYD),6E  0598,14:55,16:55,,Daily,11-Nov-2024,28-Nov-2024
Hyderabad (HYD),Jodhpur (JDH),6E  0297,14:55,17:00,,Every Mon Tue Thu Fri Sat Sun,11-Nov-2024,17-Nov-2024
Srinagar (SXR),Delhi (DEL),6E  2609,15:25,17:05,,Every Mon Tue Wed Thu Fri Sat,11-Nov-2024,16-Nov-2024
Jodhpur (JDH),Mumbai (BOM),6E  5257,15:35,17:25,,Daily,11-Nov-2024,17-Nov-2024
Chennai (MAA),Coimbatore (CJB),6E  0982,15:45,17:05,,Every Mon Tue Wed Thu Sat Sun,11-Nov-2024,17-Nov-2024
Jaffna (JAF),Chennai (MAA),6E  1178,15:55,17:10,,Every Mon Tue Wed Fri Sat Sun,11-Nov-2024,17-Nov-2024
Coimbatore (CJB),Chennai (MAA),6E  0848,16:00,17:00,,Every Mon Tue Wed Thu Sat Sun,11-Nov-2024,17-Nov-2024
Coimbatore (CJB),Ahmedabad (AMD),6E  0848,16:00,20:00,MAA,Every Mon Tue Wed Thu Sat Sun,11-Nov-2024,17-Nov-2024
Jammu (IXJ),Delhi (DEL),6E  2044,16:30,17:50,,Daily,11-Nov-2024,17-Nov-2024
Visakhapatnam (VTZ),Hyderabad (HYD),6E  0783,16:35,18:00,,Daily,11-Nov-2024,29-Mar-2025
Jammu (IXJ),Srinagar (SXR),6E  0559,16:35,17:15,,Every Mon Tue Wed Thu Fri Sat,11-Nov-2024,16-Nov-2024
Delhi (DEL),Aurangabad (IXU),6E  2324,16:50,18:40,,Daily,11-Nov-2024,29-Mar-2025
Mumbai (BOM),Goa (GOI),6E  5015,16:50,18:05,,Every Mon Wed Thu Fri Sat Sun,11-Nov-2024,17-Nov-2024
Bengaluru (BLR),Thiruvananthapuram (TRV),6E  6628,17:05,18:25,,Daily,11-Nov-2024,29-Mar-2025
Hyderabad (HYD),Delhi (DEL),6E  2312,17:05,19:25,,Every Mon Tue Wed Thu Fri Sun,11-Nov-2024,17-Nov-2024
Hyderabad (HYD),Thiruvananthapuram (TRV),6E  0161,17:10,18:55,,Every Mon Wed Thu Fri Sat Sun,11-Nov-2024,29-Mar-2025
Hyderabad (HYD),Guwahati (GAU),6E  6882,17:15,19:40,,Every Mon Tue Wed Thu Fri Sun,11-Nov-2024,24-Nov-2024
Hyderabad (HYD),Jabalpur (JLR),6E  7307,17:25,19:25,,Every Mon Tue Wed Thu Fri Sun,11-Nov-2024,24-Nov-2024
Dhaka (DAC),Chennai (MAA),6E  1114,17:25,19:45,,Every Mon Wed Sun,11-Nov-2024,17-Nov-2024
Jodhpur (JDH),Hyderabad (HYD),6E  6816,17:30,19:25,,Daily,11-Nov-2024,17-Nov-2024
Mumbai (BOM),Visakhapatnam (VTZ),6E  5248,17:40,19:45,,Daily,11-Nov-2024,29-Mar-2025
Delhi (DEL),Visakhapatnam (VTZ),6E  5176,17:40,19:55,,Daily,11-Nov-2024,29-Mar-2025
Chennai (MAA),Ahmedabad (AMD),6E  0848,17:40,20:00,,Every Mon Tue Wed Thu Sat Sun,11-Nov-2024,17-Nov-2024
Vijayawada (VGA),Visakhapatnam (VTZ),6E  7251,17:45,18:50,,Daily,11-Nov-2024,29-Mar-2025
Mumbai (BOM),Udaipur (UDR),6E  5219,17:45,19:15,,Every Mon Wed Thu Fri Sat Sun,11-Nov-2024,17-Nov-2024
Srinagar (SXR),Jammu (IXJ),6E  0431,17:50,18:50,,Every Mon Tue Wed Thu Fri Sat,11-Nov-2024,16-Nov-2024
Srinagar (SXR),Mumbai (BOM),6E  0431,17:50,22:20,IXJ,Every Mon Tue Wed Thu Fri Sat,11-Nov-2024,16-Nov-2024
Delhi (DEL),Jammu (IXJ),6E  5050,18:10,19:40,,Daily,11-Nov-2024,17-Nov-2024
Goa (GOI),Mumbai (BOM),6E  6808,18:45,20:15,,Every Mon Wed Thu Fri Sat Sun,11-Nov-2024,17-Nov-2024
Thiruvananthapuram (TRV),Bengaluru (BLR),6E  0691,18:55,20:10,,Daily,11-Nov-2024,29-Mar-2025
Aurangabad (IXU),Delhi (DEL),6E  2325,19:10,21:05,,Daily,11-Nov-2024,29-Mar-2025
Jammu (IXJ),Mumbai (BOM),6E  0431,19:25,22:20,,Every Mon Tue Wed Thu Fri Sat,11-Nov-2024,16-Nov-2024
Thiruvananthapuram (TRV),Hyderabad (HYD),6E  0335,19:25,21:10,,Every Mon Wed Thu Fri Sat Sun,11-Nov-2024,29-Mar-2025
Visakhapatnam (VTZ),Vijayawada (VGA),6E  7129,19:40,20:45,,Daily,11-Nov-2024,29-Mar-2025
Udaipur (UDR),Mumbai (BOM),6E  5148,19:45,21:25,,Every Mon Wed Thu Fri Sat Sun,11-Nov-2024,17-Nov-2024
Mumbai (BOM),Kuwait (KWI),6E  1235,19:55,22:10,,Every Mon Thu Sat Sun,11-Nov-2024,17-Nov-2024
Delhi (DEL),Mumbai (BOM),6E  2303,20:00,22:30,,Every Mon Tue Wed Thu Fri Sun,11-Nov-2024,17-Nov-2024
Chennai (MAA),Hyderabad (HYD),6E  0193,20:10,21:25,,Every Mon Tue Wed Thu Sat Sun,11-Nov-2024,17-Nov-2024
Jammu (IXJ),Delhi (DEL),6E  2527,20:15,21:35,,Daily,11-Nov-2024,17-Nov-2024
Delhi (DEL),Bhubaneshwar (BBI),6E  2201,20:15,22:20,,Every Mon Tue Wed Thu Fri Sun,11-Nov-2024,17-Nov-2024
Kochi (COK),Bengaluru (BLR),6E  6922,20:20,21:25,,Every Mon,11-Nov-2024,11-Nov-2024
Ahmedabad (AMD),Chennai (MAA),6E  0348,20:40,22:55,,Daily,11-Nov-2024,29-Mar-2025
Vijayawada (VGA),Chennai (MAA),6E  7139,21:05,22:30,,Daily,11-Nov-2024,29-Mar-2025
Bengaluru (BLR),Goa (GOI),6E  6168,21:40,23:00,,Every Mon Wed Sat Sun,11-Nov-2024,17-Nov-2024
Hyderabad (HYD),Bengaluru (BLR),6E  6505,22:00,23:15,,Daily,11-Nov-2024,29-Mar-2025
Mumbai (BOM),Goa (GOI),6E  6106,22:10,23:15,,Every Mon Wed Thu Fri Sat Sun,11-Nov-2024,17-Nov-2024
Bhubaneshwar (BBI),Delhi (DEL),6E  2202,22:50,01:20,,Every Mon Tue Wed Thu Fri Sun,11-Nov-2024,17-Nov-2024
Kuwait (KWI),Mumbai (BOM),6E  1236,23:10,05:35,,Every Mon Thu Sat Sun,11-Nov-2024,17-Nov-2024
Chennai (MAA),Bengaluru (BLR),6E  0796,23:10,00:15,,Every Mon Wed Sun,11-Nov-2024,17-Nov-2024
Mumbai (BOM),Delhi (DEL),6E  2007,23:30,01:45,,Every Mon Tue Wed Thu Fri Sun,11-Nov-2024,17-Nov-2024
Goa (GOI),Bengaluru (BLR),6E  6163,23:30,00:35,,Every Mon Wed Sat Sun,11-Nov-2024,17-Nov-2024
Goa (GOI),Mumbai (BOM),6E  0205,23:45,01:10,,Every Mon Wed Thu Fri Sat Sun,11-Nov-2024,17-Nov-2024
Delhi (DEL),Mumbai (BOM),6E  0519,23:55,02:15,,Daily,11-Nov-2024,30-Dec-2024
Mumbai (BOM),Delhi (DEL),6E  6045,03:00,05:10,,Daily,12-Nov-2024,31-Dec-2024
Mumbai (BOM),Agra (AGR),6E  2442,10:55,13:10,,Every Tue,12-Nov-2024,12-Nov-2024
Mumbai (BOM),Lucknow (LKO),6E  5316,11:45,13:50,,Every Tue,12-Nov-2024,12-Nov-2024
Kochi (COK),Mumbai (BOM),6E  5102,13:30,15:50,,Every Tue,12-Nov-2024,12-Nov-2024
Agra (AGR),Mumbai (BOM),6E  5241,13:45,15:35,,Every Tue,12-Nov-2024,12-Nov-2024
Jaipur (JAI),Mumbai (BOM),6E  0596,14:05,16:10,,Every Tue,12-Nov-2024,12-Nov-2024
Lucknow (LKO),Mumbai (BOM),6E  5338,14:55,17:05,,Every Tue,12-Nov-2024,12-Nov-2024
Mumbai (BOM),Goa (GOI),6E  5015,16:50,18:05,,Every Tue,12-Nov-2024,12-Nov-2024
Jammu (IXJ),Hyderabad (HYD),6E  6617,17:40,20:35,,Every Tue Thu Sat,12-Nov-2024,29-Mar-2025
Jammu (IXJ),Chennai (MAA),6E  6617,17:40,22:45,HYD,Every Tue Thu Sat,12-Nov-2024,29-Mar-2025
Mumbai (BOM),Udaipur (UDR),6E  5219,17:45,19:15,,Every Tue,12-Nov-2024,12-Nov-2024
Goa (GOI),Mumbai (BOM),6E  6808,18:45,20:15,,Every Tue,12-Nov-2024,12-Nov-2024
Udaipur (UDR),Mumbai (BOM),6E  5148,19:45,21:25,,Every Tue,12-Nov-2024,12-Nov-2024
Hyderabad (HYD),Chennai (MAA),6E  6617,21:30,22:45,,Every Tue Thu Sat,12-Nov-2024,29-Mar-2025
Bengaluru (BLR),Goa (GOI),6E  6168,21:40,23:00,,Every Tue Thu Fri,12-Nov-2024,15-Nov-2024
Mumbai (BOM),Goa (GOI),6E  6106,22:10,23:15,,Every Tue,12-Nov-2024,12-Nov-2024
Goa (GOI),Bengaluru (BLR),6E  6163,23:30,00:35,,Every Tue Thu Fri,12-Nov-2024,15-Nov-2024
Goa (GOI),Mumbai (BOM),6E  0205,23:45,01:10,,Every Tue,12-Nov-2024,12-Nov-2024
Chennai (MAA),Colombo (CMB),6E  1173,18:35,19:55,,Every Wed Fri Sat Sun,13-Nov-2024,17-Nov-2024
Colombo (CMB),Chennai (MAA),6E  1174,20:55,22:15,,Every Wed Fri Sat Sun,13-Nov-2024,17-Nov-2024
Delhi (DEL),Mumbai (BOM),6E  6814,07:00,09:15,,Daily,14-Nov-2024,29-Mar-2025
Mumbai (BOM),Delhi (DEL),6E  6052,10:00,12:20,,Daily,14-Nov-2024,29-Mar-2025
Mumbai (BOM),Agra (AGR),6E  5316,11:45,13:50,,Every Tue Thu Sat,14-Nov-2024,29-Mar-2025
Delhi (DEL),Mumbai (BOM),6E  6051,13:00,15:20,,Daily,14-Nov-2024,29-Mar-2025
Jaipur (JAI),Mumbai (BOM),6E  0596,14:05,15:50,,Every Tue Thu Sat,14-Nov-2024,30-Nov-2024
Agra (AGR),Mumbai (BOM),6E  5338,14:55,17:05,,Every Tue Thu Sat,14-Nov-2024,29-Mar-2025
Mumbai (BOM),Delhi (DEL),6E  0359,16:00,18:15,,Daily,14-Nov-2024,29-Mar-2025
Delhi (DEL),Mumbai (BOM),6E  0354,19:00,21:35,,Daily,14-Nov-2024,29-Mar-2025
Mumbai (BOM),Delhi (DEL),6E  0651,22:15,00:30,,Daily,14-Nov-2024,29-Mar-2025
Mumbai (BOM),Istanbul (IST),6E  0016,05:10,12:10,,Every Fri,15-Nov-2024,15-Nov-2024
Delhi (DEL),Istanbul (IST),6E  0011,06:40,11:50,,Daily,15-Nov-2024,30-Nov-2024
Coimbatore (CJB),Chennai (MAA),6E  0981,08:00,08:55,,Every Mon Wed Thu Fri,15-Nov-2024,21-Nov-2024
Bengaluru (BLR),Singapore (SIN),6E  1091,08:45,16:10,,Daily,15-Nov-2024,29-Mar-2025
Chennai (MAA),Coimbatore (CJB),6E  0982,15:45,17:05,,Every Mon Wed Thu Fri,15-Nov-2024,21-Nov-2024
Singapore (SIN),Bengaluru (BLR),6E  1092,17:10,19:15,,Daily,15-Nov-2024,29-Mar-2025
Agartala (IXA),Hyderabad (HYD),6E  6617,17:30,20:10,,Every Fri,15-Nov-2024,15-Nov-2024
Chennai (MAA),Ahmedabad (AMD),6E  0848,17:40,20:00,,Every Fri,15-Nov-2024,15-Nov-2024
Delhi (DEL),Ranchi (IXR),6E  5339,18:00,19:50,,Daily,15-Nov-2024,24-Nov-2024
Istanbul (IST),Mumbai (BOM),6E  0018,19:35,06:55,,Daily,15-Nov-2024,30-Nov-2024
Istanbul (IST),Delhi (DEL),6E  0012,19:50,04:40,,Daily,15-Nov-2024,30-Nov-2024
Ranchi (IXR),Delhi (DEL),6E  6031,20:20,22:20,,Daily,15-Nov-2024,24-Nov-2024
Delhi (DEL),Kolkata (CCU),6E  2788,02:30,04:35,,Daily,16-Nov-2024,29-Mar-2025
Delhi (DEL),Indore (IDR),6E  6212,05:00,06:30,,Daily,16-Nov-2024,25-Nov-2024
Mumbai (BOM),Istanbul (IST),6E  0017,05:10,12:10,,Daily,16-Nov-2024,30-Nov-2024
Kolkata (CCU),Delhi (DEL),6E  2787,05:30,08:00,,Daily,16-Nov-2024,29-Mar-2025
Delhi (DEL),Visakhapatnam (VTZ),6E  5345,05:55,08:10,,Every Mon Tue Thu Sat,16-Nov-2024,23-Nov-2024
Bengaluru (BLR),Coimbatore (CJB),6E  0857,06:10,07:20,,Daily,16-Nov-2024,29-Mar-2025
Delhi (DEL),Srinagar (SXR),6E  2641,06:45,08:15,,Every Mon Tue Thu Sat,16-Nov-2024,30-Nov-2024
Indore (IDR),Delhi (DEL),6E  5126,07:00,08:30,,Daily,16-Nov-2024,25-Nov-2024
Coimbatore (CJB),Bengaluru (BLR),6E  0475,07:55,08:45,,Daily,16-Nov-2024,29-Mar-2025
Patna (PAT),Hyderabad (HYD),6E  6092,07:55,10:15,,Every Sat Sun,16-Nov-2024,17-Nov-2024
Delhi (DEL),Mopa(GOX),6E  2377,08:55,11:25,,Daily,16-Nov-2024,29-Mar-2025
Srinagar (SXR),Delhi (DEL),6E  2221,08:55,10:30,,Every Mon Tue Thu Sat,16-Nov-2024,30-Nov-2024
Visakhapatnam (VTZ),Delhi (DEL),6E  5344,09:00,11:25,,Every Mon Tue Thu Sat,16-Nov-2024,23-Nov-2024
Bengaluru (BLR),Deoghar (DGH),6E  6435,09:55,12:25,,Daily,16-Nov-2024,29-Mar-2025
Delhi (DEL),Hollongi (HGI),6E  5927,10:15,12:50,,Every Mon Tue Thu Sat,16-Nov-2024,30-Nov-2024
Delhi (DEL),Bhopal (BHO),6E  2433,11:20,12:35,,Every Mon Tue Thu Sat,16-Nov-2024,30-Nov-2024
Mopa(GOX),Delhi (DEL),6E  2252,12:05,14:40,,Daily,16-Nov-2024,29-Mar-2025
Deoghar (DGH),Bengaluru (BLR),6E  6437,12:55,15:30,,Daily,16-Nov-2024,29-Mar-2025
Bhopal (BHO),Delhi (DEL),6E  5083,13:05,14:25,,Every Mon Tue Thu Sat,16-Nov-2024,30-Nov-2024
Hollongi (HGI),Delhi (DEL),6E  5928,13:25,16:35,,Every Mon Tue Thu Sat,16-Nov-2024,30-Nov-2024
Gorakhpur (GOP),Hyderabad (HYD),6E  6319,14:05,16:05,,Daily,16-Nov-2024,24-Nov-2024
Gorakhpur (GOP),Bengaluru (BLR),6E  6319,14:05,17:55,HYD,Daily,16-Nov-2024,24-Nov-2024
Delhi (DEL),Srinagar (SXR),6E  5084,15:20,17:00,,Every Mon Tue Thu Sat,16-Nov-2024,30-Nov-2024
Delhi (DEL),Belgaum (IXG),6E  2647,15:20,17:50,,Every Tue Thu Sat,16-Nov-2024,29-Mar-2025
Hyderabad (HYD),Bengaluru (BLR),6E  6319,16:50,17:55,,Daily,16-Nov-2024,24-Nov-2024
Bengaluru (BLR),Lucknow (LKO),6E  0451,16:50,19:20,,Daily,16-Nov-2024,29-Mar-2025
Hyderabad (HYD),Jabalpur (JLR),6E  7307,17:15,19:25,,Every Sat,16-Nov-2024,23-Nov-2024
Hyderabad (HYD),Guwahati (GAU),6E  6882,17:25,19:40,,Every Sat,16-Nov-2024,23-Nov-2024
Srinagar (SXR),Delhi (DEL),6E  2197,17:40,19:15,,Every Mon Tue Thu Sat,16-Nov-2024,30-Nov-2024
Belgaum (IXG),Delhi (DEL),6E  2648,18:40,21:05,,Every Tue Thu Sat,16-Nov-2024,29-Mar-2025
Bengaluru (BLR),Hyderabad (HYD),6E  0638,18:50,20:15,,Daily,16-Nov-2024,24-Nov-2024
Bhopal (BHO),Hyderabad (HYD),6E  7122,19:15,21:30,,Daily,16-Nov-2024,29-Mar-2025
Lucknow (LKO),Bengaluru (BLR),6E  6354,19:50,22:25,,Daily,16-Nov-2024,29-Mar-2025
Bengaluru (BLR),Hyderabad (HYD),6E  0855,20:00,21:20,,Daily,16-Nov-2024,29-Mar-2025
Delhi (DEL),Mumbai (BOM),6E  2303,20:00,22:30,,Every Mon Tue Thu Sat,16-Nov-2024,23-Nov-2024
Jaipur (JAI),Goa (GOI),6E  6429,20:15,22:30,,Daily,16-Nov-2024,29-Mar-2025
Vijayawada (VGA),Hyderabad (HYD),6E  7206,20:15,21:25,,Daily,16-Nov-2024,29-Mar-2025
Delhi (DEL),Bhubaneshwar (BBI),6E  2201,20:15,22:20,,Every Mon Tue Thu Sat,16-Nov-2024,30-Nov-2024
Bhubaneshwar (BBI),Delhi (DEL),6E  2202,22:50,01:20,,Every Mon Tue Thu Sat,16-Nov-2024,30-Nov-2024
Goa (GOI),Jaipur (JAI),6E  6428,23:00,01:10,,Daily,16-Nov-2024,29-Mar-2025
Mumbai (BOM),Delhi (DEL),6E  2007,23:30,01:45,,Every Mon Tue Thu Sat,16-Nov-2024,23-Nov-2024
Delhi (DEL),Aizawl (AJL),6E  5363,10:15,12:45,,Every Wed Fri Sun,17-Nov-2024,04-Dec-2024
Delhi (DEL),Jammu (IXJ),6E  2609,12:00,13:35,,Every Sun,17-Nov-2024,17-Nov-2024
Aizawl (AJL),Delhi (DEL),6E  5364,13:20,16:15,,Every Wed Fri Sun,17-Nov-2024,04-Dec-2024
Mumbai (BOM),Jammu (IXJ),6E  0559,13:25,16:00,,Every Sun,17-Nov-2024,17-Nov-2024
Hyderabad (HYD),Jammu (IXJ),6E  6253,13:30,16:15,,Every Sun,17-Nov-2024,17-Nov-2024
Kolkata (CCU),Chandigarh (IXC),6E  0874,14:05,16:40,,Every Sun,17-Nov-2024,17-Nov-2024
Delhi (DEL),Amritsar (ATQ),6E  5106,14:35,15:35,,Every Sun,17-Nov-2024,17-Nov-2024
Jammu (IXJ),Delhi (DEL),6E  2247,14:35,15:55,,Every Sun,17-Nov-2024,17-Nov-2024
Delhi (DEL),Ahmedabad (AMD),6E  5084,15:10,17:00,,Every Sun,17-Nov-2024,17-Nov-2024
Delhi (DEL),Hubli (HBX),6E  2647,15:20,18:00,,Every Mon Wed Fri Sun,17-Nov-2024,28-Mar-2025
Amritsar (ATQ),Delhi (DEL),6E  5070,16:25,17:40,,Every Sun,17-Nov-2024,17-Nov-2024
Jammu (IXJ),Mumbai (BOM),6E  0431,16:45,19:50,,Every Sun,17-Nov-2024,17-Nov-2024
Jammu (IXJ),Hyderabad (HYD),6E  6255,17:05,20:05,,Every Sun,17-Nov-2024,17-Nov-2024
Chandigarh (IXC),Kolkata (CCU),6E  6041,17:20,19:30,,Every Sun,17-Nov-2024,17-Nov-2024
Ahmedabad (AMD),Delhi (DEL),6E  2197,17:40,19:15,,Every Sun,17-Nov-2024,17-Nov-2024
Hubli (HBX),Delhi (DEL),6E  2648,18:30,21:05,,Every Mon Wed Fri Sun,17-Nov-2024,28-Mar-2025
Delhi (DEL),Bhopal (BHO),6E  2448,18:30,19:50,,Every Sun,17-Nov-2024,17-Nov-2024
Bengaluru (BLR),Varanasi (VNS),6E  0185,19:55,22:15,,Daily,17-Nov-2024,14-Dec-2024
Bhopal (BHO),Delhi (DEL),6E  2449,20:30,22:05,,Every Sun,17-Nov-2024,17-Nov-2024
Varanasi (VNS),Bengaluru (BLR),6E  0184,23:00,01:30,,Daily,17-Nov-2024,14-Dec-2024
Kuwait (KWI),Kochi (COK),6E  1238,01:15,08:30,,Daily,18-Nov-2024,29-Mar-2025
Abu Dhabi (AUH),Kochi (COK),6E  1404,01:55,07:20,,Daily,18-Nov-2024,29-Mar-2025
Ras Al-Khaima (RKT),Hyderabad (HYD),6E  1496,02:25,07:20,,Daily,18-Nov-2024,29-Mar-2025
Abu Dhabi (AUH),Chennai (MAA),6E  1412,02:35,08:10,,Daily,18-Nov-2024,29-Mar-2025
Muscat (MCT),Kochi (COK),6E  1272,02:40,07:35,,Daily,18-Nov-2024,29-Mar-2025
Thiruvananthapuram (TRV),Pune (PNQ),6E  6648,02:40,04:35,,Every Mon Tue Wed Thu Fri Sun,18-Nov-2024,24-Nov-2024
Muscat (MCT),Hyderabad (HYD),6E  1274,02:45,07:20,,Daily,18-Nov-2024,29-Mar-2025
Kolkata (CCU),Chennai (MAA),6E  0344,05:15,07:40,,Every Mon Tue Sat Sun,18-Nov-2024,24-Nov-2024
Delhi (DEL),Hong Kong(HKG),6E  1707,05:20,13:10,,Daily,18-Nov-2024,29-Mar-2025
Bengaluru (BLR),Patna (PAT),6E  6243,05:20,07:50,,Every Mon Tue Wed Thu Fri Sun,18-Nov-2024,29-Nov-2024
Chennai (MAA),Hyderabad (HYD),6E  6897,05:30,06:55,,Every Mon Tue Wed Fri Sat Sun,18-Nov-2024,24-Nov-2024
Bengaluru (BLR),Chennai (MAA),6E  6269,07:00,08:00,,Every Mon Fri Sun,18-Nov-2024,24-Nov-2024
Chennai (MAA),Mumbai (BOM),6E  5314,07:00,09:10,,Every Mon Tue Wed Thu Sat,18-Nov-2024,23-Nov-2024
Chennai (MAA),Port Blair (IXZ),6E  6122,07:15,09:15,,Every Mon Fri Sun,18-Nov-2024,24-Nov-2024
Bengaluru (BLR),Mopa(GOX),6E  6176,07:45,09:05,,Every Mon Tue Wed Fri Sun,18-Nov-2024,25-Nov-2024
Hyderabad (HYD),Chennai (MAA),6E  0243,07:50,09:00,,Every Mon Tue Wed Fri Sat Sun,18-Nov-2024,24-Nov-2024
Chennai (MAA),Coimbatore (CJB),6E  0782,08:20,09:25,,Every Mon Tue Thu Fri Sat Sun,18-Nov-2024,24-Nov-2024
Patna (PAT),Bengaluru (BLR),6E  0247,08:20,11:05,,Every Mon Tue Wed Thu Fri Sun,18-Nov-2024,29-Nov-2024
Chennai (MAA),Kolkata (CCU),6E  0321,08:25,10:45,,Every Mon Wed Thu Fri Sat Sun,18-Nov-2024,30-Nov-2024
Bengaluru (BLR),Thiruvananthapuram (TRV),6E  0688,09:05,10:25,,Daily,18-Nov-2024,04-Dec-2024
Mopa(GOX),Bengaluru (BLR),6E  6075,09:35,10:40,,Every Mon Tue Wed Fri Sun,18-Nov-2024,25-Nov-2024
Port Blair (IXZ),Chennai (MAA),6E  6121,09:50,12:10,,Every Mon Fri Sun,18-Nov-2024,24-Nov-2024
Coimbatore (CJB),Chennai (MAA),6E  6918,10:00,11:00,,Every Mon Tue Thu Fri Sat Sun,18-Nov-2024,24-Nov-2024
Mumbai (BOM),Chennai (MAA),6E  5313,10:00,11:55,,Every Mon Tue Wed Thu Sat,18-Nov-2024,23-Nov-2024
Kozhikode (CCJ),Dammam (DMM),6E  0087,10:20,12:50,,Daily,18-Nov-2024,29-Mar-2025
Kochi (COK),Bengaluru (BLR),6E  0897,10:40,11:50,,Daily,18-Nov-2024,04-Dec-2024
Kochi (COK),Varanasi (VNS),6E  0897,10:40,14:55,BLR,Daily,18-Nov-2024,04-Dec-2024
Thiruvananthapuram (TRV),Bengaluru (BLR),6E  0661,10:55,12:10,,Daily,18-Nov-2024,04-Dec-2024
Mumbai (BOM),Lucknow (LKO),6E  2442,10:55,13:10,,Daily,18-Nov-2024,29-Mar-2025
Kolkata (CCU),Chennai (MAA),6E  0833,11:30,13:50,,Every Mon Wed Thu Fri Sat Sun,18-Nov-2024,30-Nov-2024
Delhi (DEL),Jammu (IXJ),6E  2609,12:00,13:35,,Every Mon Tue Thu Fri Sat Sun,18-Nov-2024,24-Nov-2024
Delhi (DEL),Srinagar (SXR),6E  2609,12:00,14:45,IXJ,Every Mon Tue Thu Fri Sat Sun,18-Nov-2024,24-Nov-2024
Delhi (DEL),Delhi (DEL),6E  2609,12:00,17:05,IXJ/SXR,Every Mon Tue Thu Fri Sat Sun,18-Nov-2024,24-Nov-2024
Chennai (MAA),Kolkata (CCU),6E  6326,12:10,14:20,,Every Mon Tue Wed Thu Sat,18-Nov-2024,23-Nov-2024
Bengaluru (BLR),Varanasi (VNS),6E  0897,12:30,14:55,,Daily,18-Nov-2024,04-Dec-2024
Delhi (DEL),Srinagar (SXR),6E  2044,12:40,14:15,,Every Mon Tue Thu Fri Sat Sun,18-Nov-2024,24-Nov-2024
Delhi (DEL),Jammu (IXJ),6E  2044,12:40,15:50,SXR,Every Mon Tue Thu Fri Sat Sun,18-Nov-2024,24-Nov-2024
Delhi (DEL),Delhi (DEL),6E  2044,12:40,17:50,SXR/IXJ,Every Mon Tue Thu Fri Sat Sun,18-Nov-2024,24-Nov-2024
Bengaluru (BLR),Surat (STV),6E  0465,12:50,14:50,,Daily,18-Nov-2024,04-Dec-2024
Mumbai (BOM),Jammu (IXJ),6E  0559,13:25,16:00,,Every Mon Tue Thu Fri Sat Sun,18-Nov-2024,24-Nov-2024
Mumbai (BOM),Srinagar (SXR),6E  0559,13:25,17:15,IXJ,Every Mon Tue Thu Fri Sat Sun,18-Nov-2024,24-Nov-2024
Mumbai (BOM),Jodhpur (JDH),6E  5256,13:25,15:05,,Every Mon Tue Wed Thu Fri Sun,18-Nov-2024,24-Nov-2024
Kochi (COK),Mumbai (BOM),6E  5102,13:30,15:35,,Daily,18-Nov-2024,29-Mar-2025
Hyderabad (HYD),Srinagar (SXR),6E  6253,13:30,16:25,,Daily,18-Nov-2024,30-Nov-2024
Lucknow (LKO),Mumbai (BOM),6E  5241,13:45,16:10,,Daily,18-Nov-2024,30-Nov-2024
Dammam (DMM),Kozhikode (CCJ),6E  0088,13:50,20:40,,Daily,18-Nov-2024,29-Mar-2025
Chennai (MAA),Jaffna (JAF),6E  1177,13:55,15:10,,Daily,18-Nov-2024,29-Mar-2025
Kolkata (CCU),Chandigarh (IXC),6E  0874,14:05,16:40,,Daily,18-Nov-2024,30-Nov-2024
Kolkata (CCU),Srinagar (SXR),6E  0874,14:05,18:20,IXC,Daily,18-Nov-2024,30-Nov-2024
Jammu (IXJ),Srinagar (SXR),6E  2609,14:05,14:45,,Every Mon Tue Thu Fri Sat Sun,18-Nov-2024,24-Nov-2024
Jammu (IXJ),Delhi (DEL),6E  2609,14:05,17:05,SXR,Every Mon Tue Thu Fri Sat Sun,18-Nov-2024,24-Nov-2024
Hong Kong(HKG),Delhi (DEL),6E  1708,14:10,18:20,,Daily,18-Nov-2024,29-Mar-2025
Chennai (MAA),Coimbatore (CJB),6E  0804,14:25,15:30,,Daily,18-Nov-2024,29-Mar-2025
Delhi (DEL),Srinagar (SXR),6E  5106,14:35,16:00,,Daily,18-Nov-2024,30-Nov-2024
Chennai (MAA),Mumbai (BOM),6E  5371,14:50,16:50,,Every Mon Thu Fri Sat Sun,18-Nov-2024,24-Nov-2024
Srinagar (SXR),Jammu (IXJ),6E  2044,14:55,15:50,,Every Mon Tue Thu Fri Sat Sun,18-Nov-2024,24-Nov-2024
Srinagar (SXR),Delhi (DEL),6E  2044,14:55,17:50,IXJ,Every Mon Tue Thu Fri Sat Sun,18-Nov-2024,24-Nov-2024
Hyderabad (HYD),Jodhpur (JDH),6E  0297,14:55,17:00,,Every Mon Tue Thu Fri Sun,18-Nov-2024,24-Nov-2024
Chennai (MAA),Kolkata (CCU),6E  0986,15:00,17:15,,Every Mon Tue Wed Fri Sat Sun,18-Nov-2024,24-Nov-2024
Kolkata (CCU),Chennai (MAA),6E  0892,15:00,17:25,,Every Mon Tue Wed Thu Sat,18-Nov-2024,23-Nov-2024
Surat (STV),Goa (GOI),6E  0419,15:20,16:40,,Daily,18-Nov-2024,04-Dec-2024
Srinagar (SXR),Delhi (DEL),6E  2609,15:25,17:05,,Every Mon Tue Thu Fri Sat Sun,18-Nov-2024,24-Nov-2024
Varanasi (VNS),Bengaluru (BLR),6E  0144,15:30,17:55,,Daily,18-Nov-2024,04-Dec-2024
Varanasi (VNS),Kochi (COK),6E  0144,15:30,19:45,BLR,Daily,18-Nov-2024,04-Dec-2024
Jodhpur (JDH),Mumbai (BOM),6E  5257,15:35,17:25,,Every Mon Tue Wed Thu Fri Sun,18-Nov-2024,24-Nov-2024
Jaffna (JAF),Chennai (MAA),6E  1178,15:55,17:10,,Daily,18-Nov-2024,29-Mar-2025
Coimbatore (CJB),Chennai (MAA),6E  0848,16:00,17:00,,Daily,18-Nov-2024,29-Mar-2025
Coimbatore (CJB),Ahmedabad (AMD),6E  0848,16:00,20:00,MAA,Daily,18-Nov-2024,29-Mar-2025
Srinagar (SXR),Delhi (DEL),6E  5070,16:30,17:55,,Daily,18-Nov-2024,30-Nov-2024
Jammu (IXJ),Delhi (DEL),6E  2044,16:30,17:50,,Every Mon Tue Thu Fri Sat Sun,18-Nov-2024,24-Nov-2024
Jammu (IXJ),Srinagar (SXR),6E  0559,16:35,17:15,,Every Mon Tue Thu Fri Sat Sun,18-Nov-2024,24-Nov-2024
Mumbai (BOM),Goa (GOI),6E  5015,16:50,18:05,,Daily,18-Nov-2024,30-Nov-2024
Chandigarh (IXC),Srinagar (SXR),6E  0874,17:10,18:20,,Daily,18-Nov-2024,30-Nov-2024
Goa (GOI),Surat (STV),6E  0418,17:10,18:30,,Daily,18-Nov-2024,04-Dec-2024
Srinagar (SXR),Hyderabad (HYD),6E  6255,17:10,20:05,,Daily,18-Nov-2024,30-Nov-2024
Kochi (COK),Hyderabad (HYD),6E  0171,17:20,18:55,,Every Mon Wed Thu Fri Sat Sun,18-Nov-2024,29-Mar-2025
Jodhpur (JDH),Hyderabad (HYD),6E  6816,17:30,19:25,,Every Mon Tue Wed Thu Fri Sun,18-Nov-2024,24-Nov-2024
Agartala (IXA),Hyderabad (HYD),6E  6617,17:30,20:10,,Every Mon Wed Fri Sun,18-Nov-2024,28-Mar-2025
Agartala (IXA),Chennai (MAA),6E  6617,17:30,22:45,HYD,Every Mon Wed Fri Sun,18-Nov-2024,28-Mar-2025
Mumbai (BOM),Chennai (MAA),6E  5048,17:35,19:40,,Every Mon Thu Fri Sat Sun,18-Nov-2024,24-Nov-2024
Chennai (MAA),Ahmedabad (AMD),6E  0848,17:40,20:00,,Daily,18-Nov-2024,29-Mar-2025
Mumbai (BOM),Udaipur (UDR),6E  5219,17:45,19:15,,Daily,18-Nov-2024,29-Mar-2025
Srinagar (SXR),Jammu (IXJ),6E  0431,17:50,18:50,,Every Mon Tue Thu Fri Sat Sun,18-Nov-2024,24-Nov-2024
Srinagar (SXR),Mumbai (BOM),6E  0431,17:50,22:20,IXJ,Every Mon Tue Thu Fri Sat Sun,18-Nov-2024,24-Nov-2024
Chennai (MAA),Bhubaneshwar (BBI),6E  0143,17:55,19:40,,Every Mon Tue Wed Thu Sat Sun,18-Nov-2024,24-Nov-2024
Delhi (DEL),Jammu (IXJ),6E  5050,18:10,19:40,,Every Mon Tue Thu Fri Sat Sun,18-Nov-2024,24-Nov-2024
Kolkata (CCU),Chennai (MAA),6E  0234,18:10,20:35,,Every Mon Tue Wed Fri Sat Sun,18-Nov-2024,24-Nov-2024
Delhi (DEL),Srinagar (SXR),6E  2448,18:30,20:00,,Daily,18-Nov-2024,30-Nov-2024
Chennai (MAA),Colombo (CMB),6E  1173,18:35,19:55,,Daily,18-Nov-2024,29-Mar-2025
Bengaluru (BLR),Kochi (COK),6E  0144,18:40,19:45,,Daily,18-Nov-2024,04-Dec-2024
Goa (GOI),Mumbai (BOM),6E  6808,18:45,20:15,,Daily,18-Nov-2024,29-Mar-2025
Srinagar (SXR),Chandigarh (IXC),6E  6041,19:00,19:50,,Daily,18-Nov-2024,30-Nov-2024
Srinagar (SXR),Kolkata (CCU),6E  6041,19:00,22:45,IXC,Daily,18-Nov-2024,30-Nov-2024
Surat (STV),Bengaluru (BLR),6E  5034,19:05,20:55,,Daily,18-Nov-2024,04-Dec-2024
Lucknow (LKO),Dammam (DMM),6E  0097,19:25,22:05,,Daily,18-Nov-2024,29-Mar-2025
Jammu (IXJ),Mumbai (BOM),6E  0431,19:25,22:20,,Every Mon Tue Thu Fri Sat Sun,18-Nov-2024,24-Nov-2024
Chennai (MAA),Thiruvananthapuram (TRV),6E  6149,19:35,20:55,,Every Mon Tue Thu Fri Sat,18-Nov-2024,23-Nov-2024
Udaipur (UDR),Mumbai (BOM),6E  5148,19:45,21:25,,Daily,18-Nov-2024,29-Mar-2025
Mumbai (BOM),Kuwait (KWI),6E  1235,19:55,22:10,,Daily,18-Nov-2024,29-Mar-2025
Hyderabad (HYD),Kochi (COK),6E  0169,19:55,21:30,,Every Mon Wed Thu Fri Sat Sun,18-Nov-2024,29-Mar-2025
Chennai (MAA),Kochi (COK),6E  6903,20:00,21:15,,Every Mon Tue Wed Thu Fri Sun,18-Nov-2024,24-Nov-2024
Chennai (MAA),Hyderabad (HYD),6E  0193,20:10,21:25,,Daily,18-Nov-2024,29-Mar-2025
Bhubaneshwar (BBI),Chennai (MAA),6E  0145,20:10,22:00,,Every Mon Tue Wed Thu Sat Sun,18-Nov-2024,24-Nov-2024
Jammu (IXJ),Delhi (DEL),6E  2527,20:15,21:35,,Every Mon Tue Thu Fri Sat Sun,18-Nov-2024,24-Nov-2024
Chandigarh (IXC),Kolkata (CCU),6E  6041,20:35,22:45,,Daily,18-Nov-2024,30-Nov-2024
Srinagar (SXR),Delhi (DEL),6E  2449,20:40,22:05,,Daily,18-Nov-2024,30-Nov-2024
Colombo (CMB),Chennai (MAA),6E  1174,20:55,22:15,,Daily,18-Nov-2024,29-Mar-2025
Kochi (COK),Kuwait (KWI),6E  1237,21:10,00:15,,Daily,18-Nov-2024,29-Mar-2025
Chennai (MAA),Coimbatore (CJB),6E  0731,21:10,22:10,,Every Mon Tue Wed Thu Fri Sun,18-Nov-2024,24-Nov-2024
Chennai (MAA),Kolkata (CCU),6E  0923,21:20,23:30,,Every Mon Wed Fri Sat Sun,18-Nov-2024,24-Nov-2024
Thiruvananthapuram (TRV),Chennai (MAA),6E  6959,21:25,22:40,,Every Mon Tue Thu Fri Sat,18-Nov-2024,23-Nov-2024
Hyderabad (HYD),Chennai (MAA),6E  6617,21:30,22:45,,Every Mon Wed Fri Sun,18-Nov-2024,28-Mar-2025
Bengaluru (BLR),Goa (GOI),6E  6168,21:40,23:00,,Daily,18-Nov-2024,29-Mar-2025
Kochi (COK),Chennai (MAA),6E  6904,21:55,23:05,,Every Mon Tue Wed Thu Fri Sun,18-Nov-2024,24-Nov-2024
Kochi (COK),Abu Dhabi (AUH),6E  1403,22:00,00:55,,Daily,18-Nov-2024,29-Mar-2025
Mumbai (BOM),Goa (GOI),6E  6106,22:10,23:15,,Daily,18-Nov-2024,29-Mar-2025
Coimbatore (CJB),Chennai (MAA),6E  6315,22:40,23:45,,Every Mon Tue Wed Thu Fri Sun,18-Nov-2024,24-Nov-2024
Hyderabad (HYD),Ras Al-Khaima (RKT),6E  1495,22:45,01:25,,Daily,18-Nov-2024,29-Mar-2025
Kuwait (KWI),Mumbai (BOM),6E  1236,23:10,05:35,,Daily,18-Nov-2024,29-Mar-2025
Chennai (MAA),Bengaluru (BLR),6E  0796,23:10,00:15,,Every Mon Fri Sun,18-Nov-2024,24-Nov-2024
Pune (PNQ),Thiruvananthapuram (TRV),6E  6647,23:10,01:05,,Every Mon Tue Wed Thu Sat,18-Nov-2024,23-Nov-2024
Kochi (COK),Muscat (MCT),6E  1271,23:20,01:40,,Daily,18-Nov-2024,29-Mar-2025
Chennai (MAA),Abu Dhabi (AUH),6E  1411,23:30,02:35,,Daily,18-Nov-2024,29-Mar-2025
Goa (GOI),Bengaluru (BLR),6E  6163,23:30,00:35,,Daily,18-Nov-2024,29-Mar-2025
Dammam (DMM),Lucknow (LKO),6E  0098,23:30,05:55,,Daily,18-Nov-2024,29-Mar-2025
Hyderabad (HYD),Muscat (MCT),6E  1273,23:30,01:45,,Daily,18-Nov-2024,29-Mar-2025
Goa (GOI),Mumbai (BOM),6E  0205,23:45,01:10,,Daily,18-Nov-2024,29-Mar-2025
Bengaluru (BLR),Mauritius (MRU),6E  1861,03:20,07:45,,Every Tue Thu Sat Sun,19-Nov-2024,29-Mar-2025
Chennai (MAA),Thiruvananthapuram (TRV),6E  6001,04:50,06:15,,Every Tue Wed,19-Nov-2024,20-Nov-2024
Chennai (MAA),Bhubaneshwar (BBI),6E  0288,06:10,07:55,,Every Tue Wed Thu Fri Sat Sun,19-Nov-2024,01-Dec-2024
Hyderabad (HYD),Madurai (IXM),6E  6467,06:30,08:05,,Daily,19-Nov-2024,29-Mar-2025
Thiruvananthapuram (TRV),Chennai (MAA),6E  0343,07:00,08:15,,Every Tue Wed,19-Nov-2024,20-Nov-2024
Coimbatore (CJB),Chennai (MAA),6E  0981,08:00,08:55,,Every Tue Fri Sat Sun,19-Nov-2024,24-Nov-2024
Coimbatore (CJB),Durgapur (RDP),6E  0981,08:00,12:10,MAA,Every Tue Fri Sat Sun,19-Nov-2024,24-Nov-2024
Bhubaneshwar (BBI),Chennai (MAA),6E  0141,08:25,10:15,,Every Tue Wed Fri Sat Sun,19-Nov-2024,01-Dec-2024
Madurai (IXM),Hyderabad (HYD),6E  6092,08:55,10:40,,Daily,19-Nov-2024,29-Mar-2025
Mauritius (MRU),Bengaluru (BLR),6E  1862,09:30,17:05,,Every Tue Thu Sat Sun,19-Nov-2024,29-Mar-2025
Chennai (MAA),Durgapur (RDP),6E  0981,09:50,12:10,,Every Tue Fri Sat Sun,19-Nov-2024,24-Nov-2024
Durgapur (RDP),Chennai (MAA),6E  0982,12:45,15:15,,Every Tue Fri Sat Sun,19-Nov-2024,24-Nov-2024
Durgapur (RDP),Coimbatore (CJB),6E  0982,12:45,17:05,MAA,Every Tue Fri Sat Sun,19-Nov-2024,24-Nov-2024
Chennai (MAA),Coimbatore (CJB),6E  0982,15:45,17:05,,Every Tue Fri Sat Sun,19-Nov-2024,24-Nov-2024
Bengaluru (BLR),Jammu (IXJ),6E  6495,05:40,09:10,,Every Mon Wed Fri,20-Nov-2024,28-Mar-2025
Delhi (DEL),Visakhapatnam (VTZ),6E  5345,05:55,08:10,,Every Wed Fri Sun,20-Nov-2024,24-Nov-2024
Delhi (DEL),Srinagar (SXR),6E  2641,06:45,08:15,,Every Wed Fri Sun,20-Nov-2024,01-Dec-2024
Srinagar (SXR),Delhi (DEL),6E  2221,08:55,10:30,,Every Wed Fri Sun,20-Nov-2024,01-Dec-2024
Visakhapatnam (VTZ),Delhi (DEL),6E  5344,09:00,11:25,,Every Wed Fri Sun,20-Nov-2024,24-Nov-2024
Jammu (IXJ),Chandigarh (IXC),6E  0229,09:40,10:30,,Every Mon Wed Fri,20-Nov-2024,28-Mar-2025
Chandigarh (IXC),Jammu (IXJ),6E  6871,11:05,12:05,,Every Mon Wed Fri,20-Nov-2024,28-Mar-2025
Delhi (DEL),Bhopal (BHO),6E  2433,11:20,12:35,,Every Wed Fri Sun,20-Nov-2024,01-Dec-2024
Delhi (DEL),Chandigarh (IXC),6E  2609,12:00,12:55,,Every Wed,20-Nov-2024,20-Nov-2024
Delhi (DEL),Srinagar (SXR),6E  2609,12:00,14:45,IXC,Every Wed,20-Nov-2024,20-Nov-2024
Delhi (DEL),Delhi (DEL),6E  2609,12:00,17:05,IXC/SXR,Every Wed,20-Nov-2024,20-Nov-2024
Jammu (IXJ),Bengaluru (BLR),6E  6496,12:40,16:05,,Every Mon Wed Fri,20-Nov-2024,28-Mar-2025
Delhi (DEL),Srinagar (SXR),6E  2044,12:40,14:15,,Every Wed,20-Nov-2024,20-Nov-2024
Delhi (DEL),Chandigarh (IXC),6E  2044,12:40,16:05,SXR,Every Wed,20-Nov-2024,20-Nov-2024
Delhi (DEL),Delhi (DEL),6E  2044,12:40,17:50,SXR/IXC,Every Wed,20-Nov-2024,20-Nov-2024
Bhopal (BHO),Delhi (DEL),6E  5083,13:05,14:25,,Every Wed Fri Sun,20-Nov-2024,01-Dec-2024
Mumbai (BOM),Srinagar (SXR),6E  0559,13:25,16:05,,Every Wed,20-Nov-2024,20-Nov-2024
Chandigarh (IXC),Srinagar (SXR),6E  2609,13:40,14:45,,Every Wed,20-Nov-2024,20-Nov-2024
Chandigarh (IXC),Delhi (DEL),6E  2609,13:40,17:05,SXR,Every Wed,20-Nov-2024,20-Nov-2024
Delhi (DEL),Hyderabad (HYD),6E  5198,14:00,16:20,,Every Wed Fri Sun,20-Nov-2024,29-Nov-2024
Srinagar (SXR),Chandigarh (IXC),6E  2044,14:55,16:05,,Every Wed,20-Nov-2024,20-Nov-2024
Srinagar (SXR),Delhi (DEL),6E  2044,14:55,17:50,IXC,Every Wed,20-Nov-2024,20-Nov-2024
Delhi (DEL),Srinagar (SXR),6E  5084,15:20,17:00,,Every Wed Fri Sun,20-Nov-2024,29-Nov-2024
Srinagar (SXR),Delhi (DEL),6E  2609,15:25,17:05,,Every Wed,20-Nov-2024,20-Nov-2024
Srinagar (SXR),Mumbai (BOM),6E  0431,16:45,19:50,,Every Wed,20-Nov-2024,20-Nov-2024
Chandigarh (IXC),Delhi (DEL),6E  2044,16:50,17:50,,Every Wed,20-Nov-2024,20-Nov-2024
Hyderabad (HYD),Delhi (DEL),6E  2312,17:05,19:25,,Every Wed Fri Sun,20-Nov-2024,29-Nov-2024
Srinagar (SXR),Delhi (DEL),6E  2197,17:40,19:15,,Every Wed Fri Sun,20-Nov-2024,29-Nov-2024
Delhi (DEL),Bhopal (BHO),6E  5050,18:10,19:30,,Every Wed,20-Nov-2024,20-Nov-2024
Delhi (DEL),Mumbai (BOM),6E  2303,20:00,22:30,,Every Wed Fri Sun,20-Nov-2024,24-Nov-2024
Bhopal (BHO),Delhi (DEL),6E  2527,20:15,21:35,,Every Wed,20-Nov-2024,20-Nov-2024
Delhi (DEL),Bhubaneshwar (BBI),6E  2201,20:15,22:20,,Every Wed Fri Sun,20-Nov-2024,01-Dec-2024
Bhubaneshwar (BBI),Delhi (DEL),6E  2202,22:50,01:20,,Every Wed Fri Sun,20-Nov-2024,01-Dec-2024
Mumbai (BOM),Delhi (DEL),6E  2007,23:30,01:45,,Every Wed Fri Sun,20-Nov-2024,24-Nov-2024
Chennai (MAA),Thiruvananthapuram (TRV),6E  6001,04:50,06:15,,Every Thu Fri Sat Sun,21-Nov-2024,24-Nov-2024
Thiruvananthapuram (TRV),Chennai (MAA),6E  0343,07:00,08:15,,Every Thu Fri Sat Sun,21-Nov-2024,24-Nov-2024
Bengaluru (BLR),Hyderabad (HYD),6E  0484,07:40,08:55,,Every Thu Sat,21-Nov-2024,23-Nov-2024
Bengaluru (BLR),Mopa(GOX),6E  6176,07:45,09:05,,Every Thu,21-Nov-2024,21-Nov-2024
Chennai (MAA),Guwahati (GAU),6E  6309,08:55,11:35,,Every Thu Fri Sat Sun,21-Nov-2024,24-Nov-2024
Chennai (MAA),Agartala (IXA),6E  6309,08:55,13:50,GAU,Every Thu Fri Sat Sun,21-Nov-2024,24-Nov-2024
Mopa(GOX),Bengaluru (BLR),6E  6075,09:35,10:40,,Every Thu,21-Nov-2024,21-Nov-2024
Hyderabad (HYD),Bengaluru (BLR),6E  6066,09:50,11:10,,Every Thu Sat,21-Nov-2024,23-Nov-2024
Guwahati (GAU),Agartala (IXA),6E  6309,12:55,13:50,,Every Thu Fri Sat Sun,21-Nov-2024,24-Nov-2024
Bengaluru (BLR),Mangalore (IXE),6E  6453,13:00,14:00,,Every Thu Sat,21-Nov-2024,23-Nov-2024
Mangalore (IXE),Bengaluru (BLR),6E  6454,14:35,15:30,,Every Thu Sat,21-Nov-2024,23-Nov-2024
Agartala (IXA),Guwahati (GAU),6E  0119,14:40,15:30,,Every Thu Fri Sat Sun,21-Nov-2024,24-Nov-2024
Agartala (IXA),Chennai (MAA),6E  0119,14:40,19:45,GAU,Every Thu Fri Sat Sun,21-Nov-2024,24-Nov-2024
Bengaluru (BLR),Visakhapatnam (VTZ),6E  0969,16:15,17:45,,Every Thu Sat,21-Nov-2024,23-Nov-2024
Guwahati (GAU),Chennai (MAA),6E  0119,16:35,19:45,,Every Thu Fri Sat Sun,21-Nov-2024,24-Nov-2024
Visakhapatnam (VTZ),Bengaluru (BLR),6E  2772,18:25,20:00,,Every Thu Sat,21-Nov-2024,23-Nov-2024
Chennai (MAA),Bengaluru (BLR),6E  6145,20:45,21:45,,Every Thu Fri Sat Sun,21-Nov-2024,24-Nov-2024
Bengaluru (BLR),Chennai (MAA),6E  6146,22:40,23:40,,Every Thu Fri Sat Sun,21-Nov-2024,24-Nov-2024
Kozhikode (CCJ),Dubai (DXB),6E  1473,23:25,02:15,,Every Thu,21-Nov-2024,21-Nov-2024
Hyderabad (HYD),Pune (PNQ),6E  0351,04:35,05:45,,Daily,22-Nov-2024,30-Nov-2024
Pune (PNQ),Mopa(GOX),6E  6944,05:30,06:30,,Daily,22-Nov-2024,29-Mar-2025
Pune (PNQ),Nagpur (NAG),6E  2447,05:40,07:05,,Daily,22-Nov-2024,29-Mar-2025
Kozhikode (CCJ),Hyderabad (HYD),6E  0876,06:10,07:50,,Daily,22-Nov-2024,29-Mar-2025
Pune (PNQ),Hyderabad (HYD),6E  0352,06:25,07:35,,Daily,22-Nov-2024,30-Nov-2024
Patna (PAT),Kolkata (CCU),6E  7086,07:30,08:55,,Daily,22-Nov-2024,30-Nov-2024
Nagpur (NAG),Kolkata (CCU),6E  0812,07:35,09:05,,Daily,22-Nov-2024,29-Mar-2025
Chennai (MAA),Dhaka (DAC),6E  1113,13:20,16:25,,Every Fri Sun,22-Nov-2024,24-Nov-2024
Kozhikode (CCJ),Dubai (DXB),6E  1473,14:00,16:40,,Daily,22-Nov-2024,29-Mar-2025
Dhaka (DAC),Chennai (MAA),6E  1114,17:25,19:45,,Every Fri Sun,22-Nov-2024,24-Nov-2024
Dubai (DXB),Pune (PNQ),6E  1484,17:40,22:10,,Daily,22-Nov-2024,29-Mar-2025
Kolkata (CCU),Bangkok (BKK),6E  1057,20:05,00:15,,Daily,22-Nov-2024,29-Mar-2025
Coimbatore (CJB),Pune (PNQ),6E  0671,20:50,22:35,,Daily,22-Nov-2024,30-Nov-2024
Pune (PNQ),Chennai (MAA),6E  0238,23:00,00:40,,Daily,22-Nov-2024,31-Jan-2025
Pune (PNQ),Delhi (DEL),6E  2278,23:05,01:20,,Every Wed Fri Sat Sun,22-Nov-2024,29-Nov-2024
Pune (PNQ),Bangkok (BKK),6E  1947,23:10,04:45,,Every Wed Fri Sun,22-Nov-2024,28-Mar-2025
Pune (PNQ),Nagpur (NAG),6E  6798,23:45,01:15,,Daily,22-Nov-2024,30-Nov-2024
Pune (PNQ),Delhi (DEL),6E  5343,23:50,02:10,,Daily,22-Nov-2024,30-Nov-2024
Pune (PNQ),Hyderabad (HYD),6E  0336,00:10,01:25,,Daily,23-Nov-2024,30-Nov-2024
Pune (PNQ),Dubai (DXB),6E  1483,00:15,02:15,,Daily,23-Nov-2024,29-Mar-2025
Bangkok (BKK),Pune (PNQ),6E  1948,01:15,04:15,,Every Mon Thu Sat,23-Nov-2024,29-Mar-2025
Bengaluru (BLR),Patna (PAT),6E  6243,05:20,07:50,,Every Sat,23-Nov-2024,30-Nov-2024
Bangkok (BKK),Kolkata (CCU),6E  1058,05:45,07:10,,Daily,23-Nov-2024,29-Mar-2025
Bengaluru (BLR),Mopa(GOX),6E  6176,07:45,09:05,,Every Sat,23-Nov-2024,23-Nov-2024
Patna (PAT),Bengaluru (BLR),6E  0247,08:20,11:05,,Every Sat,23-Nov-2024,30-Nov-2024
Mopa(GOX),Bengaluru (BLR),6E  6075,09:35,10:40,,Every Sat,23-Nov-2024,23-Nov-2024
Mumbai (BOM),Udaipur (UDR),6E  5256,13:25,14:55,,Every Sat,23-Nov-2024,23-Nov-2024
Hyderabad (HYD),Udaipur (UDR),6E  0297,14:55,16:40,,Every Sat,23-Nov-2024,23-Nov-2024
Udaipur (UDR),Mumbai (BOM),6E  5257,15:55,17:25,,Every Sat,23-Nov-2024,23-Nov-2024
Udaipur (UDR),Hyderabad (HYD),6E  6816,17:45,19:25,,Every Sat,23-Nov-2024,23-Nov-2024
Chennai (MAA),Coimbatore (CJB),6E  0731,21:10,22:10,,Every Sat,23-Nov-2024,23-Nov-2024
Coimbatore (CJB),Chennai (MAA),6E  6315,22:40,23:45,,Every Sat,23-Nov-2024,23-Nov-2024
Kolkata (CCU),Bangkok (BKK),6E  1914,00:35,04:45,,Every Tue Wed Fri Sun,24-Nov-2024,28-Mar-2025
Bangkok (BKK),Kolkata (CCU),6E  1913,01:15,02:40,,Every Tue Wed Fri Sun,24-Nov-2024,28-Mar-2025
Chennai (MAA),Thiruvananthapuram (TRV),6E  6001,04:50,06:15,,Every Mon Tue Wed Thu Sat Sun,25-Nov-2024,29-Mar-2025
Kolkata (CCU),Chennai (MAA),6E  0344,05:15,07:40,,Every Mon Tue Wed Fri Sat,25-Nov-2024,30-Nov-2024
Chennai (MAA),Hyderabad (HYD),6E  6897,05:30,06:55,,Daily,25-Nov-2024,29-Mar-2025
Delhi (DEL),Visakhapatnam (VTZ),6E  5345,05:55,08:10,,Daily,25-Nov-2024,04-Dec-2024
Chennai (MAA),Dubai (DXB),6E  1471,06:00,09:15,,Every Mon Tue Wed Thu Sat Sun,25-Nov-2024,29-Mar-2025
Mumbai (BOM),Chennai (MAA),6E  5107,06:35,08:35,,Every Mon Wed Thu Fri Sat,25-Nov-2024,30-Nov-2024
Chennai (MAA),Mumbai (BOM),6E  5314,07:00,09:10,,Every Mon Tue Wed Thu Fri Sat,25-Nov-2024,30-Nov-2024
Thiruvananthapuram (TRV),Chennai (MAA),6E  0343,07:00,08:15,,Every Mon Tue Wed Thu Sat Sun,25-Nov-2024,29-Mar-2025
Bengaluru (BLR),Chennai (MAA),6E  6269,07:00,08:00,,Every Mon Wed Thu Fri Sat Sun,25-Nov-2024,01-Dec-2024
Chennai (MAA),Port Blair (IXZ),6E  6122,07:15,09:15,,Every Mon Wed Thu Fri Sat Sun,25-Nov-2024,01-Dec-2024
Hyderabad (HYD),Chennai (MAA),6E  0243,07:50,09:00,,Daily,25-Nov-2024,29-Mar-2025
Coimbatore (CJB),Chennai (MAA),6E  0981,08:00,08:55,,Every Mon,25-Nov-2024,25-Nov-2024
Chennai (MAA),Coimbatore (CJB),6E  0782,08:20,09:25,,Daily,25-Nov-2024,29-Mar-2025
Hyderabad (HYD),Ranchi (IXR),6E  0421,08:35,10:20,,Every Mon Tue Thu Fri Sat Sun,25-Nov-2024,01-Dec-2024
Chennai (MAA),Guwahati (GAU),6E  6309,08:55,11:35,,Every Mon Tue Wed Thu Sat Sun,25-Nov-2024,29-Mar-2025
Chennai (MAA),Agartala (IXA),6E  6309,08:55,13:50,GAU,Every Mon Tue Wed Thu Sat Sun,25-Nov-2024,29-Mar-2025
Visakhapatnam (VTZ),Delhi (DEL),6E  5344,09:00,11:25,,Daily,25-Nov-2024,04-Dec-2024
Port Blair (IXZ),Chennai (MAA),6E  6121,09:50,12:10,,Every Mon Wed Thu Fri Sat Sun,25-Nov-2024,01-Dec-2024
Coimbatore (CJB),Chennai (MAA),6E  6918,10:00,11:00,,Daily,25-Nov-2024,29-Mar-2025
Mumbai (BOM),Chennai (MAA),6E  5313,10:00,11:55,,Every Mon Tue Wed Thu Fri Sat,25-Nov-2024,30-Nov-2024
Dubai (DXB),Chandigarh (IXC),6E  1482,10:20,15:10,,Every Mon Tue Wed Thu Sat Sun,25-Nov-2024,29-Mar-2025
Delhi (DEL),Jammu (IXJ),6E  2609,12:00,13:35,,Every Mon Tue Wed Thu Fri Sat,25-Nov-2024,30-Nov-2024
Delhi (DEL),Srinagar (SXR),6E  2609,12:00,14:45,IXJ,Every Mon Tue Wed Thu Fri Sat,25-Nov-2024,30-Nov-2024
Delhi (DEL),Delhi (DEL),6E  2609,12:00,17:05,IXJ/SXR,Every Mon Tue Wed Thu Fri Sat,25-Nov-2024,30-Nov-2024
Hyderabad (HYD),Tirupati (TIR),6E  2005,12:05,13:10,,Every Mon Tue Thu Fri Sat Sun,25-Nov-2024,01-Dec-2024
Chennai (MAA),Kolkata (CCU),6E  6326,12:10,14:20,,Daily,25-Nov-2024,29-Mar-2025
Delhi (DEL),Srinagar (SXR),6E  2044,12:40,14:15,,Daily,25-Nov-2024,01-Dec-2024
Delhi (DEL),Jammu (IXJ),6E  2044,12:40,15:50,SXR,Daily,25-Nov-2024,01-Dec-2024
Delhi (DEL),Delhi (DEL),6E  2044,12:40,17:50,SXR/IXJ,Daily,25-Nov-2024,01-Dec-2024
Guwahati (GAU),Agartala (IXA),6E  6309,12:55,13:50,,Every Mon Tue Wed Thu Sat Sun,25-Nov-2024,29-Mar-2025
Chennai (MAA),Dhaka (DAC),6E  1113,13:20,16:25,,Every Mon Wed Thu Fri Sat Sun,25-Nov-2024,01-Dec-2024
Mumbai (BOM),Jodhpur (JDH),6E  5256,13:25,15:05,,Daily,25-Nov-2024,08-Dec-2024
Mumbai (BOM),Jammu (IXJ),6E  0559,13:25,16:00,,Every Mon Tue Wed Thu Fri Sat,25-Nov-2024,30-Nov-2024
Mumbai (BOM),Srinagar (SXR),6E  0559,13:25,17:15,IXJ,Every Mon Tue Wed Thu Fri Sat,25-Nov-2024,30-Nov-2024
Tirupati (TIR),Hyderabad (HYD),6E  6606,13:40,14:45,,Every Mon Tue Thu Fri Sat Sun,25-Nov-2024,01-Dec-2024
Jammu (IXJ),Srinagar (SXR),6E  2609,14:05,14:45,,Every Mon Tue Wed Thu Fri Sat,25-Nov-2024,30-Nov-2024
Jammu (IXJ),Delhi (DEL),6E  2609,14:05,17:05,SXR,Every Mon Tue Wed Thu Fri Sat,25-Nov-2024,30-Nov-2024
Gorakhpur (GOP),Hyderabad (HYD),6E  6319,14:05,16:05,,Every Mon Tue Wed Thu Sun,25-Nov-2024,01-Dec-2024
Gorakhpur (GOP),Bengaluru (BLR),6E  6319,14:05,17:55,HYD,Every Mon Tue Wed Thu Sun,25-Nov-2024,01-Dec-2024
Agartala (IXA),Guwahati (GAU),6E  0119,14:40,15:30,,Every Mon Tue Wed Thu Sat Sun,25-Nov-2024,29-Mar-2025
Agartala (IXA),Chennai (MAA),6E  0119,14:40,19:45,GAU,Every Mon Tue Wed Thu Sat Sun,25-Nov-2024,29-Mar-2025
Chennai (MAA),Mumbai (BOM),6E  5371,14:50,16:50,,Every Mon Tue Wed Thu Fri Sat,25-Nov-2024,30-Nov-2024
Srinagar (SXR),Jammu (IXJ),6E  2044,14:55,15:50,,Daily,25-Nov-2024,01-Dec-2024
Srinagar (SXR),Delhi (DEL),6E  2044,14:55,17:50,IXJ,Daily,25-Nov-2024,01-Dec-2024
Hyderabad (HYD),Jodhpur (JDH),6E  0297,14:55,17:00,,Every Mon Tue Thu Fri Sat Sun,25-Nov-2024,08-Dec-2024
Kolkata (CCU),Chennai (MAA),6E  0892,15:00,17:25,,Daily,25-Nov-2024,29-Mar-2025
Srinagar (SXR),Delhi (DEL),6E  2609,15:25,17:05,,Every Mon Tue Wed Thu Fri Sat,25-Nov-2024,30-Nov-2024
Jodhpur (JDH),Mumbai (BOM),6E  5257,15:35,17:25,,Daily,25-Nov-2024,08-Dec-2024
Chennai (MAA),Coimbatore (CJB),6E  0982,15:45,17:05,,Every Mon,25-Nov-2024,25-Nov-2024
Chandigarh (IXC),Dubai (DXB),6E  1481,16:10,18:45,,Every Mon Tue Wed Thu Sat Sun,25-Nov-2024,29-Mar-2025
Jammu (IXJ),Delhi (DEL),6E  2044,16:30,17:50,,Daily,25-Nov-2024,01-Dec-2024
Jammu (IXJ),Srinagar (SXR),6E  0559,16:35,17:15,,Every Mon Tue Wed Thu Fri Sat,25-Nov-2024,30-Nov-2024
Guwahati (GAU),Chennai (MAA),6E  0119,16:35,19:45,,Every Mon Tue Wed Thu Sat Sun,25-Nov-2024,29-Mar-2025
Hyderabad (HYD),Bengaluru (BLR),6E  6319,16:50,17:55,,Every Mon Tue Wed Thu Sun,25-Nov-2024,01-Dec-2024
Hyderabad (HYD),Chennai (MAA),6E  0668,17:00,18:20,,Every Mon Tue Wed Thu Sat Sun,25-Nov-2024,01-Dec-2024
Hyderabad (HYD),Visakhapatnam (VTZ),6E  0208,17:10,18:20,,Every Mon Tue Wed Thu Sun,25-Nov-2024,01-Dec-2024
Hyderabad (HYD),Guwahati (GAU),6E  6882,17:15,19:40,,Daily,25-Nov-2024,29-Mar-2025
Hyderabad (HYD),Jabalpur (JLR),6E  7307,17:25,19:25,,Daily,25-Nov-2024,29-Mar-2025
Dhaka (DAC),Chennai (MAA),6E  1114,17:25,19:45,,Every Mon Wed Thu Fri Sat Sun,25-Nov-2024,01-Dec-2024
Jodhpur (JDH),Hyderabad (HYD),6E  6816,17:30,19:25,,Daily,25-Nov-2024,08-Dec-2024
Mumbai (BOM),Chennai (MAA),6E  5048,17:35,19:40,,Every Mon Tue Wed Thu Fri Sat,25-Nov-2024,30-Nov-2024
Srinagar (SXR),Jammu (IXJ),6E  0431,17:50,18:50,,Every Mon Tue Wed Thu Fri Sat,25-Nov-2024,30-Nov-2024
Srinagar (SXR),Mumbai (BOM),6E  0431,17:50,22:20,IXJ,Every Mon Tue Wed Thu Fri Sat,25-Nov-2024,30-Nov-2024
Chennai (MAA),Bhubaneshwar (BBI),6E  0143,17:55,19:40,,Daily,25-Nov-2024,29-Mar-2025
Delhi (DEL),Ranchi (IXR),6E  5339,18:00,19:50,,Every Mon Tue Thu Sat,25-Nov-2024,30-Nov-2024
Delhi (DEL),Jammu (IXJ),6E  5050,18:10,19:40,,Daily,25-Nov-2024,01-Dec-2024
Mumbai (BOM),Mopa(GOX),6E  6057,18:45,19:55,,Every Mon Tue Fri Sat Sun,25-Nov-2024,01-Dec-2024
Hyderabad (HYD),Ranchi (IXR),6E  0186,18:50,20:30,,Every Mon Tue Wed Thu Fri Sun,25-Nov-2024,01-Dec-2024
Bengaluru (BLR),Hyderabad (HYD),6E  0638,18:50,20:15,,Every Mon Tue Wed Thu Sun,25-Nov-2024,01-Dec-2024
Visakhapatnam (VTZ),Hyderabad (HYD),6E  0216,19:00,20:15,,Every Mon Tue Wed Thu Sun,25-Nov-2024,01-Dec-2024
Jammu (IXJ),Mumbai (BOM),6E  0431,19:25,22:20,,Every Mon Tue Wed Thu Fri Sat,25-Nov-2024,30-Nov-2024
Chennai (MAA),Thiruvananthapuram (TRV),6E  6149,19:35,20:55,,Every Mon Wed Thu Fri Sat Sun,25-Nov-2024,01-Dec-2024
Dubai (DXB),Chennai (MAA),6E  1472,19:45,01:15,,Every Mon Tue Wed Thu Sat Sun,25-Nov-2024,29-Mar-2025
Delhi (DEL),Azerbaijan(GYD),6E  1803,19:55,23:45,,Daily,25-Nov-2024,29-Mar-2025
Delhi (DEL),Mumbai (BOM),6E  2303,20:00,22:30,,Daily,25-Nov-2024,11-Jan-2025
Chennai (MAA),Kochi (COK),6E  6903,20:00,21:15,,Daily,25-Nov-2024,29-Mar-2025
Bhubaneshwar (BBI),Chennai (MAA),6E  0145,20:10,22:00,,Daily,25-Nov-2024,29-Mar-2025
Delhi (DEL),Pune (PNQ),6E  2607,20:10,22:25,,Every Mon Tue Thu Sat Sun,25-Nov-2024,01-Dec-2024
Jammu (IXJ),Delhi (DEL),6E  2527,20:15,21:35,,Daily,25-Nov-2024,01-Dec-2024
Ranchi (IXR),Delhi (DEL),6E  6031,20:20,22:20,,Every Mon Tue Thu Sat,25-Nov-2024,30-Nov-2024
Chennai (MAA),Bengaluru (BLR),6E  6145,20:45,21:45,,Every Mon Tue Wed Thu Sat Sun,25-Nov-2024,29-Mar-2025
Mopa(GOX),Mumbai (BOM),6E  5101,20:55,22:15,,Every Mon Tue Wed Fri Sat,25-Nov-2024,30-Nov-2024
Chennai (MAA),Coimbatore (CJB),6E  0731,21:10,22:10,,Daily,25-Nov-2024,29-Mar-2025
Ranchi (IXR),Hyderabad (HYD),6E  0191,21:10,23:05,,Every Mon Tue Wed Thu Fri Sun,25-Nov-2024,01-Dec-2024
Chennai (MAA),Kolkata (CCU),6E  0923,21:20,23:30,,Every Mon Tue Wed Thu Fri Sat,25-Nov-2024,30-Nov-2024
Thiruvananthapuram (TRV),Chennai (MAA),6E  6959,21:25,22:40,,Every Mon Wed Thu Fri Sat Sun,25-Nov-2024,01-Dec-2024
Hyderabad (HYD),Delhi (DEL),6E  2256,21:30,23:45,,Every Mon Wed Thu Fri Sat Sun,25-Nov-2024,01-Dec-2024
Kochi (COK),Chennai (MAA),6E  6904,21:55,23:05,,Daily,25-Nov-2024,29-Mar-2025
Coimbatore (CJB),Chennai (MAA),6E  6315,22:40,23:45,,Daily,25-Nov-2024,29-Mar-2025
Bengaluru (BLR),Chennai (MAA),6E  6146,22:40,23:40,,Every Mon Tue Wed Thu Sat Sun,25-Nov-2024,29-Mar-2025
Pune (PNQ),Delhi (DEL),6E  2278,23:05,01:20,,Every Mon Tue Thu Sat Sun,25-Nov-2024,01-Dec-2024
Pune (PNQ),Thiruvananthapuram (TRV),6E  6647,23:10,01:05,,Every Mon Tue Thu Sat,25-Nov-2024,27-Mar-2025
Chennai (MAA),Bengaluru (BLR),6E  0796,23:10,00:15,,Every Mon Wed Thu Fri Sat Sun,25-Nov-2024,01-Dec-2024
Mumbai (BOM),Delhi (DEL),6E  2007,23:30,01:45,,Daily,25-Nov-2024,05-Jan-2025
Azerbaijan(GYD),Delhi (DEL),6E  1804,00:45,06:30,,Daily,26-Nov-2024,29-Mar-2025
Thiruvananthapuram (TRV),Pune (PNQ),6E  6648,02:40,04:35,,Every Tue Wed Fri Sun,26-Nov-2024,28-Mar-2025
Delhi (DEL),Indore (IDR),6E  6212,05:00,06:30,,Every Tue Thu Sat,26-Nov-2024,30-Nov-2024
Indore (IDR),Delhi (DEL),6E  5126,07:00,08:30,,Every Tue Thu Sat,26-Nov-2024,30-Nov-2024
Bengaluru (BLR),Hyderabad (HYD),6E  0484,07:40,08:55,,Daily,26-Nov-2024,29-Mar-2025
Bengaluru (BLR),Mopa(GOX),6E  6176,07:45,09:05,,Every Tue Wed Thu Fri,26-Nov-2024,29-Nov-2024
Coimbatore (CJB),Chennai (MAA),6E  0981,08:00,08:55,,Daily,26-Nov-2024,29-Mar-2025
Coimbatore (CJB),Durgapur (RDP),6E  0981,08:00,12:10,MAA,Daily,26-Nov-2024,29-Mar-2025
Kolkata (CCU),Aizawl (AJL),6E  6941,08:35,09:45,,Every Tue Thu Sat Sun,26-Nov-2024,01-Dec-2024
Mopa(GOX),Bengaluru (BLR),6E  6075,09:35,10:40,,Every Tue Wed Thu Fri,26-Nov-2024,29-Nov-2024
Hyderabad (HYD),Bengaluru (BLR),6E  6066,09:50,11:10,,Daily,26-Nov-2024,29-Mar-2025
Chennai (MAA),Durgapur (RDP),6E  0981,09:50,12:10,,Daily,26-Nov-2024,29-Mar-2025
Aizawl (AJL),Kolkata (CCU),6E  0433,10:15,11:25,,Every Tue Thu Sat Sun,26-Nov-2024,01-Dec-2024
Durgapur (RDP),Chennai (MAA),6E  0982,12:45,15:15,,Daily,26-Nov-2024,29-Mar-2025
Durgapur (RDP),Coimbatore (CJB),6E  0982,12:45,17:05,MAA,Daily,26-Nov-2024,29-Mar-2025
Bengaluru (BLR),Mangalore (IXE),6E  6453,13:00,14:00,,Daily,26-Nov-2024,29-Mar-2025
Mangalore (IXE),Bengaluru (BLR),6E  6454,14:35,15:30,,Daily,26-Nov-2024,29-Mar-2025
Chennai (MAA),Coimbatore (CJB),6E  0982,15:45,17:05,,Daily,26-Nov-2024,29-Mar-2025
Bengaluru (BLR),Visakhapatnam (VTZ),6E  0969,16:15,17:45,,Daily,26-Nov-2024,29-Mar-2025
Visakhapatnam (VTZ),Bengaluru (BLR),6E  2772,18:25,20:00,,Daily,26-Nov-2024,29-Mar-2025
Chennai (MAA),Mumbai (BOM),6E  5149,20:30,22:40,,Every Tue Wed Thu Fri Sat,26-Nov-2024,30-Nov-2024
Hyderabad (HYD),Delhi (DEL),6E  2256,21:30,23:45,,Every Tue,26-Nov-2024,26-Nov-2024
Hyderabad (HYD),Mumbai (BOM),6E  5003,21:40,23:20,,Daily,26-Nov-2024,16-Mar-2025
Delhi (DEL),Indore (IDR),6E  6212,05:00,06:30,,Every Mon Tue Wed Fri Sun,27-Nov-2024,04-Dec-2024
Mumbai (BOM),Hyderabad (HYD),6E  5012,05:40,07:05,,Daily,27-Nov-2024,16-Mar-2025
Indore (IDR),Delhi (DEL),6E  5126,07:00,08:30,,Every Mon Tue Wed Fri Sun,27-Nov-2024,04-Dec-2024
Hyderabad (HYD),Mumbai (BOM),6E  5213,07:45,09:25,,Daily,27-Nov-2024,29-Mar-2025
Hyderabad (HYD),Ranchi (IXR),6E  2981,07:50,09:30,,Every Wed,27-Nov-2024,27-Nov-2024
Mumbai (BOM),Hyderabad (HYD),6E  5318,10:10,11:35,,Daily,27-Nov-2024,29-Mar-2025
Hyderabad (HYD),Mumbai (BOM),6E  5384,12:15,13:55,,Daily,27-Nov-2024,29-Mar-2025
Mumbai (BOM),Hyderabad (HYD),6E  5386,14:45,16:10,,Daily,27-Nov-2024,29-Mar-2025
Chennai (MAA),Kolkata (CCU),6E  0986,15:00,17:15,,Every Wed Thu Fri Sat,27-Nov-2024,30-Nov-2024
Hyderabad (HYD),Mumbai (BOM),6E  5259,16:55,18:40,,Daily,27-Nov-2024,29-Mar-2025
Kolkata (CCU),Chennai (MAA),6E  0234,18:10,20:35,,Every Wed Thu Fri Sat,27-Nov-2024,30-Nov-2024
Mumbai (BOM),Hyderabad (HYD),6E  5326,19:20,20:45,,Daily,27-Nov-2024,29-Mar-2025
Delhi (DEL),Pune (PNQ),6E  2607,20:10,22:25,,Every Wed Fri,27-Nov-2024,29-Nov-2024
Ranchi (IXR),Hyderabad (HYD),6E  0398,11:00,12:55,,Daily,28-Nov-2024,29-Mar-2025
Indore (IDR),Nagpur (NAG),6E  7037,18:40,19:55,,Daily,28-Nov-2024,29-Mar-2025
Mumbai (BOM),Mopa(GOX),6E  6057,18:45,19:55,,Every Thu,28-Nov-2024,28-Nov-2024
Mumbai (BOM),Amritsar (ATQ),6E  0272,19:10,21:35,,Daily,28-Nov-2024,29-Mar-2025
Mopa(GOX),Mumbai (BOM),6E  5101,20:55,22:15,,Every Thu,28-Nov-2024,28-Nov-2024
Amritsar (ATQ),Mumbai (BOM),6E  0278,22:05,00:35,,Daily,28-Nov-2024,29-Mar-2025
Mumbai (BOM),Kolkata (CCU),6E  0138,03:00,05:35,,Daily,29-Nov-2024,29-Mar-2025
Chennai (MAA),Thiruvananthapuram (TRV),6E  6001,04:50,06:15,,Every Fri,29-Nov-2024,28-Mar-2025
Chennai (MAA),Dubai (DXB),6E  1471,06:00,09:15,,Every Fri,29-Nov-2024,28-Mar-2025
Kolkata (CCU),Mumbai (BOM),6E  0313,06:15,09:15,,Daily,29-Nov-2024,29-Mar-2025
Thiruvananthapuram (TRV),Chennai (MAA),6E  0343,07:00,08:15,,Every Fri,29-Nov-2024,28-Mar-2025
Chennai (MAA),Guwahati (GAU),6E  6309,08:55,11:35,,Every Fri,29-Nov-2024,28-Mar-2025
Chennai (MAA),Agartala (IXA),6E  6309,08:55,13:50,GAU,Every Fri,29-Nov-2024,28-Mar-2025
Dubai (DXB),Chandigarh (IXC),6E  1482,10:20,15:10,,Every Fri,29-Nov-2024,28-Mar-2025
Mumbai (BOM),Male (MLE),6E  1131,10:40,13:00,,Daily,29-Nov-2024,29-Mar-2025
Guwahati (GAU),Agartala (IXA),6E  6309,12:55,13:50,,Every Fri,29-Nov-2024,28-Mar-2025
Male (MLE),Mumbai (BOM),6E  1132,14:05,17:35,,Daily,29-Nov-2024,29-Mar-2025
Gorakhpur (GOP),Hyderabad (HYD),6E  6319,14:05,16:05,,Every Fri Sat,29-Nov-2024,30-Nov-2024
Agartala (IXA),Guwahati (GAU),6E  0119,14:40,15:30,,Every Fri,29-Nov-2024,28-Mar-2025
Agartala (IXA),Chennai (MAA),6E  0119,14:40,19:45,GAU,Every Fri,29-Nov-2024,28-Mar-2025
Durgapur (RDP),Hyderabad (HYD),6E  0598,14:55,16:55,,Daily,29-Nov-2024,29-Mar-2025
Durgapur (RDP),Chennai (MAA),6E  0598,14:55,19:20,HYD,Daily,29-Nov-2024,29-Mar-2025
Chandigarh (IXC),Dubai (DXB),6E  1481,16:10,18:45,,Every Fri,29-Nov-2024,28-Mar-2025
Guwahati (GAU),Chennai (MAA),6E  0119,16:35,19:45,,Every Fri,29-Nov-2024,28-Mar-2025
Hyderabad (HYD),Visakhapatnam (VTZ),6E  0208,17:10,18:20,,Every Fri Sat,29-Nov-2024,30-Nov-2024
Hyderabad (HYD),Chennai (MAA),6E  0598,18:00,19:20,,Daily,29-Nov-2024,29-Mar-2025
Hyderabad (HYD),Bengaluru (BLR),6E  6233,19:00,20:15,,Daily,29-Nov-2024,29-Mar-2025
Visakhapatnam (VTZ),Hyderabad (HYD),6E  0216,19:00,20:15,,Every Fri Sat,29-Nov-2024,30-Nov-2024
Dubai (DXB),Chennai (MAA),6E  1472,19:45,01:15,,Every Fri,29-Nov-2024,28-Mar-2025
Chennai (MAA),Bengaluru (BLR),6E  6145,20:45,21:45,,Every Fri,29-Nov-2024,28-Mar-2025
Bengaluru (BLR),Hyderabad (HYD),6E  6234,20:55,22:15,,Daily,29-Nov-2024,29-Mar-2025
Bengaluru (BLR),Chennai (MAA),6E  6146,22:40,23:40,,Every Fri,29-Nov-2024,28-Mar-2025
Lucknow (LKO),Abu Dhabi (AUH),6E  1415,23:50,03:05,,Every Fri,29-Nov-2024,29-Nov-2024
Abu Dhabi (AUH),Chandigarh (IXC),6E  1417,04:05,08:55,,Every Sat,30-Nov-2024,30-Nov-2024
Bengaluru (BLR),Mopa(GOX),6E  6176,07:45,09:05,,Daily,30-Nov-2024,29-Mar-2025
Chennai (MAA),Pune (PNQ),6E  0502,07:45,09:25,,Every Sat,30-Nov-2024,29-Mar-2025
Bengaluru (BLR),Kochi (COK),6E  0113,09:00,10:10,,Every Sat,30-Nov-2024,30-Nov-2024
Kochi (COK),Kolkata (CCU),6E  0198,09:00,11:50,,Every Sat,30-Nov-2024,30-Nov-2024
Kochi (COK),Guwahati (GAU),6E  0198,09:00,13:40,CCU,Every Sat,30-Nov-2024,30-Nov-2024
Mopa(GOX),Bengaluru (BLR),6E  6075,09:35,10:40,,Daily,30-Nov-2024,29-Mar-2025
Pune (PNQ),Chennai (MAA),6E  0625,10:05,11:45,,Every Sat,30-Nov-2024,29-Mar-2025
Kolkata (CCU),Guwahati (GAU),6E  0198,12:30,13:40,,Every Sat,30-Nov-2024,30-Nov-2024
Chennai (MAA),Bengaluru (BLR),6E  0605,13:15,14:10,,Daily,30-Nov-2024,29-Mar-2025
Bengaluru (BLR),Chennai (MAA),6E  0506,14:55,15:45,,Daily,30-Nov-2024,29-Mar-2025
Guwahati (GAU),Kolkata (CCU),6E  0264,15:35,17:00,,Every Sat,30-Nov-2024,30-Nov-2024
Guwahati (GAU),Kochi (COK),6E  0264,15:35,20:40,CCU,Every Sat,30-Nov-2024,30-Nov-2024
Shirdi (SAG),Chennai (MAA),6E  2002,15:40,17:35,,Daily,30-Nov-2024,29-Mar-2025
Shirdi (SAG),Coimbatore (CJB),6E  2002,15:40,19:15,MAA,Daily,30-Nov-2024,29-Mar-2025
Delhi (DEL),Jaipur (JAI),6E  2204,16:00,16:55,,Daily,30-Nov-2024,14-Feb-2025
Delhi (DEL),Patna (PAT),6E  2214,16:10,17:45,,Daily,30-Nov-2024,14-Feb-2025
Chennai (MAA),Hyderabad (HYD),6E  6158,16:30,17:45,,Daily,30-Nov-2024,29-Mar-2025
Jaipur (JAI),Delhi (DEL),6E  2176,17:25,18:30,,Daily,30-Nov-2024,14-Feb-2025
Kolkata (CCU),Kochi (COK),6E  0264,17:40,20:40,,Every Sat,30-Nov-2024,30-Nov-2024
Hyderabad (HYD),Ranchi (IXR),6E  0186,18:05,19:45,,Every Sat,30-Nov-2024,30-Nov-2024
Chennai (MAA),Coimbatore (CJB),6E  2002,18:20,19:15,,Daily,30-Nov-2024,29-Mar-2025
Patna (PAT),Delhi (DEL),6E  2185,18:20,20:10,,Daily,30-Nov-2024,14-Feb-2025
Delhi (DEL),Kozhikode (CCJ),6E  2145,19:15,22:15,,Daily,30-Nov-2024,14-Feb-2025
Coimbatore (CJB),Chennai (MAA),6E  0692,19:50,20:50,,Daily,30-Nov-2024,29-Mar-2025
Kochi (COK),Bengaluru (BLR),6E  6922,20:20,21:25,,Every Sat,30-Nov-2024,30-Nov-2024
Delhi (DEL),Nagpur (NAG),6E  2601,21:05,22:50,,Daily,30-Nov-2024,14-Feb-2025
Ranchi (IXR),Hyderabad (HYD),6E  2982,21:10,23:05,,Every Sat,30-Nov-2024,30-Nov-2024
Kozhikode (CCJ),Delhi (DEL),6E  2773,22:45,01:55,,Daily,30-Nov-2024,14-Feb-2025
Nagpur (NAG),Delhi (DEL),6E  5209,23:20,01:05,,Daily,30-Nov-2024,14-Feb-2025
Lucknow (LKO),Abu Dhabi (AUH),6E  1415,23:50,03:00,,Every Sat,30-Nov-2024,30-Nov-2024
Pune (PNQ),Hyderabad (HYD),6E  0336,00:15,01:25,,Daily,01-Dec-2024,29-Mar-2025
Abu Dhabi (AUH),Coimbatore (CJB),6E  1498,04:05,09:25,,Every Sun,01-Dec-2024,01-Dec-2024
Mumbai (BOM),Amritsar (ATQ),6E  0371,04:25,06:45,,Daily,01-Dec-2024,15-Feb-2025
Hyderabad (HYD),Pune (PNQ),6E  0351,04:35,05:45,,Daily,01-Dec-2024,29-Mar-2025
Kolkata (CCU),Chennai (MAA),6E  0344,05:15,07:40,,Every Mon Tue Wed Fri Sat Sun,01-Dec-2024,29-Mar-2025
Bengaluru (BLR),Jaipur (JAI),6E  6243,05:20,07:55,,Daily,01-Dec-2024,15-Feb-2025
Mumbai (BOM),Tirupati (TIR),6E  0532,05:30,07:15,,Daily,01-Dec-2024,29-Mar-2025
Kolkata (CCU),Guwahati (GAU),6E  0271,05:45,07:00,,Daily,01-Dec-2024,15-Dec-2024
Kolkata (CCU),Port Blair (IXZ),6E  2106,05:55,08:05,,Daily,01-Dec-2024,29-Mar-2025
Bengaluru (BLR),Indore (IDR),6E  0959,06:20,08:25,,Every Tue Thu Sun,01-Dec-2024,27-Mar-2025
Bengaluru (BLR),Jammu (IXJ),6E  0959,06:20,11:20,IDR,Every Tue Thu Sun,01-Dec-2024,27-Mar-2025
Pune (PNQ),Hyderabad (HYD),6E  0352,06:25,07:35,,Daily,01-Dec-2024,29-Mar-2025
Ahmedabad (AMD),Jaipur (JAI),6E  7114,06:30,08:00,,Daily,01-Dec-2024,29-Mar-2025
Mumbai (BOM),Chennai (MAA),6E  5107,06:35,08:35,,Daily,01-Dec-2024,29-Mar-2025
Delhi (DEL),Istanbul (IST),6E  0011,06:40,11:15,,Daily,01-Dec-2024,29-Mar-2025
Varanasi (VNS),Delhi (DEL),6E  2041,06:40,08:10,,Every Sun,01-Dec-2024,01-Dec-2024
Delhi (DEL),Udaipur (UDR),6E  2103,06:45,08:15,,Daily,01-Dec-2024,15-Feb-2025
Mumbai (BOM),Istanbul (IST),6E  0017,06:55,11:35,,Daily,01-Dec-2024,29-Mar-2025
Chennai (MAA),Mumbai (BOM),6E  5314,07:00,09:10,,Daily,01-Dec-2024,29-Mar-2025
Amritsar (ATQ),Mumbai (BOM),6E  0372,07:15,09:45,,Daily,01-Dec-2024,15-Feb-2025
Ahmedabad (AMD),Jodhpur (JDH),6E  7074,07:30,08:45,,Daily,01-Dec-2024,29-Mar-2025
Chennai (MAA),Ahmedabad (AMD),6E  6196,07:35,09:55,,Every Mon Tue Wed Thu Fri Sun,01-Dec-2024,28-Mar-2025
Mumbai (BOM),Coimbatore (CJB),6E  5271,07:40,09:35,,Daily,01-Dec-2024,29-Mar-2025
Tirupati (TIR),Mumbai (BOM),6E  0533,07:45,09:25,,Daily,01-Dec-2024,29-Mar-2025
Jaipur (JAI),Ahmedabad (AMD),6E  7217,08:20,10:00,,Daily,01-Dec-2024,29-Mar-2025
Chennai (MAA),Kolkata (CCU),6E  0321,08:25,10:45,,Daily,01-Dec-2024,29-Mar-2025
Jaipur (JAI),Bengaluru (BLR),6E  0247,08:40,11:05,,Daily,01-Dec-2024,15-Feb-2025
Port Blair (IXZ),Kolkata (CCU),6E  5165,08:45,10:45,,Daily,01-Dec-2024,29-Mar-2025
Udaipur (UDR),Delhi (DEL),6E  2163,09:00,10:20,,Daily,01-Dec-2024,15-Feb-2025
Jodhpur (JDH),Jaipur (JAI),6E  7406,09:05,10:10,,Every Mon Tue Thu Fri Sat Sun,01-Dec-2024,08-Dec-2024
Coimbatore (CJB),Abu Dhabi (AUH),6E  1497,09:05,11:50,,Every Tue Thu Sun,01-Dec-2024,14-Jan-2025
Indore (IDR),Jammu (IXJ),6E  0959,09:10,11:20,,Every Tue Thu Sun,01-Dec-2024,27-Mar-2025
Chennai (MAA),Mumbai (BOM),6E  5304,09:15,11:20,,Daily,01-Dec-2024,29-Mar-2025
Jaipur (JAI),Jaisalmer (JSA),6E  7675,09:35,11:05,,Daily,01-Dec-2024,12-Mar-2025
Delhi (DEL),Phuket (HKT),6E  1081,09:40,15:40,,Daily,01-Dec-2024,29-Mar-2025
Mumbai (BOM),Chennai (MAA),6E  5313,10:00,11:55,,Daily,01-Dec-2024,29-Mar-2025
Coimbatore (CJB),Mumbai (BOM),6E  5272,10:10,12:15,,Daily,01-Dec-2024,29-Mar-2025
Mumbai (BOM),Darbhanga (DBR),6E  0535,10:15,12:45,,Every Mon Wed Fri Sun,01-Dec-2024,28-Mar-2025
Ahmedabad (AMD),Jaipur (JAI),6E  7145,10:30,12:05,,Every Mon Tue Thu Fri Sat Sun,01-Dec-2024,08-Dec-2024
Jaipur (JAI),Jodhpur (JDH),6E  7405,10:30,11:35,,Every Mon Tue Thu Fri Sat Sun,01-Dec-2024,08-Dec-2024
Ahmedabad (AMD),Chennai (MAA),6E  6195,10:30,12:50,,Every Mon Tue Wed Thu Fri Sun,01-Dec-2024,28-Mar-2025
Mumbai (BOM),Varanasi (VNS),6E  6543,10:35,12:40,,Every Mon Wed Fri Sun,01-Dec-2024,28-Mar-2025
Jaipur (JAI),Udaipur (UDR),6E  7038,10:35,11:40,,Every Sun,01-Dec-2024,23-Mar-2025
Kolkata (CCU),Bhubaneshwar (BBI),6E  6214,11:05,12:20,,Daily,01-Dec-2024,29-Mar-2025
Mumbai (BOM),Kannur (CNN),6E  0591,11:20,13:00,,Every Mon Wed Fri Sun,01-Dec-2024,28-Mar-2025
Jaisalmer (JSA),Jaipur (JAI),6E  7677,11:25,13:00,,Daily,01-Dec-2024,12-Mar-2025
Kolkata (CCU),Chennai (MAA),6E  0833,11:30,13:50,,Daily,01-Dec-2024,29-Mar-2025
Jammu (IXJ),Indore (IDR),6E  6738,11:50,14:05,,Every Tue Thu Sun,01-Dec-2024,27-Mar-2025
Jammu (IXJ),Bengaluru (BLR),6E  6738,11:50,16:30,IDR,Every Tue Thu Sun,01-Dec-2024,27-Mar-2025
Jodhpur (JDH),Ahmedabad (AMD),6E  7075,11:55,13:20,,Every Mon Tue Thu Fri Sat Sun,01-Dec-2024,08-Dec-2024
Delhi (DEL),Jammu (IXJ),6E  2609,12:00,13:35,,Every Sun,01-Dec-2024,01-Dec-2024
Udaipur (UDR),Jaipur (JAI),6E  7039,12:00,13:05,,Every Sun,01-Dec-2024,23-Mar-2025
Mumbai (BOM),Chennai (MAA),6E  5303,12:05,13:55,,Daily,01-Dec-2024,29-Mar-2025
Abu Dhabi (AUH),Lucknow (LKO),6E  1416,12:45,17:55,,Daily,01-Dec-2024,14-Jan-2025
Chennai (MAA),Mumbai (BOM),6E  5258,12:45,14:50,,Daily,01-Dec-2024,29-Mar-2025
Kolkata (CCU),Jorhat (JRH),6E  0326,12:45,14:10,,Daily,01-Dec-2024,29-Mar-2025
Bhubaneshwar (BBI),Kolkata (CCU),6E  6101,12:55,14:00,,Daily,01-Dec-2024,29-Mar-2025
Mumbai (BOM),Coimbatore (CJB),6E  5041,12:55,14:50,,Daily,01-Dec-2024,29-Mar-2025
Darbhanga (DBR),Mumbai (BOM),6E  0536,13:15,16:10,,Every Mon Wed Fri Sun,01-Dec-2024,28-Mar-2025
Varanasi (VNS),Mumbai (BOM),6E  6544,13:20,15:50,,Every Mon Wed Fri Sun,01-Dec-2024,28-Mar-2025
Jaipur (JAI),Ahmedabad (AMD),6E  7031,13:25,15:10,,Daily,01-Dec-2024,29-Mar-2025
Mumbai (BOM),Jammu (IXJ),6E  0559,13:25,16:00,,Every Sun,01-Dec-2024,01-Dec-2024
Hyderabad (HYD),Jammu (IXJ),6E  6253,13:30,16:15,,Every Sun,01-Dec-2024,01-Dec-2024
Lucknow (LKO),Mumbai (BOM),6E  5241,13:45,16:15,,Daily,01-Dec-2024,29-Mar-2025
Kolkata (CCU),Chandigarh (IXC),6E  0874,14:05,16:40,,Every Sun,01-Dec-2024,01-Dec-2024
Kannur (CNN),Mumbai (BOM),6E  0592,14:10,16:10,,Every Mon Wed Fri Sun,01-Dec-2024,28-Mar-2025
Delhi (DEL),Amritsar (ATQ),6E  5106,14:35,15:35,,Every Sun,01-Dec-2024,01-Dec-2024
Jammu (IXJ),Delhi (DEL),6E  2247,14:35,15:55,,Every Sun,01-Dec-2024,01-Dec-2024
Indore (IDR),Bengaluru (BLR),6E  6738,14:35,16:30,,Every Tue Thu Sun,01-Dec-2024,27-Mar-2025
Jorhat (JRH),Kolkata (CCU),6E  6153,14:45,16:30,,Daily,01-Dec-2024,29-Mar-2025
Chennai (MAA),Mumbai (BOM),6E  5371,14:50,16:50,,Daily,01-Dec-2024,29-Mar-2025
Chennai (MAA),Kolkata (CCU),6E  0986,15:00,17:15,,Daily,01-Dec-2024,29-Mar-2025
Delhi (DEL),Ahmedabad (AMD),6E  5084,15:10,17:00,,Every Sun,01-Dec-2024,01-Dec-2024
Coimbatore (CJB),Mumbai (BOM),6E  0658,15:30,17:30,,Daily,01-Dec-2024,29-Mar-2025
Ahmedabad (AMD),Jaipur (JAI),6E  7261,15:35,17:15,,Daily,01-Dec-2024,29-Mar-2025
Mumbai (BOM),Chennai (MAA),6E  5196,15:45,17:40,,Daily,01-Dec-2024,29-Mar-2025
Hyderabad (HYD),Kozhikode (CCJ),6E  0875,16:05,17:55,,Daily,01-Dec-2024,29-Mar-2025
Amritsar (ATQ),Delhi (DEL),6E  5070,16:25,17:40,,Every Sun,01-Dec-2024,01-Dec-2024
Goa (GOI),Hyderabad (HYD),6E  0374,16:30,17:30,,Every Mon Tue Wed Thu Fri Sun,01-Dec-2024,28-Mar-2025
Pune (PNQ),Delhi (DEL),6E  6587,16:35,19:00,,Daily,01-Dec-2024,29-Mar-2025
Jammu (IXJ),Mumbai (BOM),6E  0431,16:45,19:50,,Every Sun,01-Dec-2024,01-Dec-2024
Mumbai (BOM),Goa (GOI),6E  6807,16:50,18:05,,Daily,01-Dec-2024,29-Mar-2025
Mumbai (BOM),Rajahmundry (RJA),6E  0582,16:50,18:45,,Daily,01-Dec-2024,29-Mar-2025
Kolkata (CCU),Bagdogra (IXB),6E  6134,17:05,18:10,,Daily,01-Dec-2024,29-Mar-2025
Jammu (IXJ),Hyderabad (HYD),6E  6255,17:05,20:05,,Every Sun,01-Dec-2024,01-Dec-2024
Chandigarh (IXC),Kolkata (CCU),6E  6041,17:20,19:30,,Every Sun,01-Dec-2024,01-Dec-2024
Mumbai (BOM),Kolkata (CCU),6E  5086,17:30,20:05,,Daily,01-Dec-2024,29-Mar-2025
Mumbai (BOM),Chennai (MAA),6E  5048,17:35,19:40,,Daily,01-Dec-2024,29-Mar-2025
Ahmedabad (AMD),Delhi (DEL),6E  2197,17:40,19:15,,Every Sun,01-Dec-2024,01-Dec-2024
Delhi (DEL),Ranchi (IXR),6E  5339,18:00,19:50,,Every Mon Tue Wed Sun,01-Dec-2024,04-Dec-2024
Mumbai (BOM),Coimbatore (CJB),6E  6303,18:10,20:05,,Daily,01-Dec-2024,29-Mar-2025
Kolkata (CCU),Chennai (MAA),6E  0234,18:10,20:35,,Daily,01-Dec-2024,29-Mar-2025
Dubai (DXB),Mumbai (BOM),6E  1454,18:20,23:00,,Daily,01-Dec-2024,29-Mar-2025
Delhi (DEL),Bhopal (BHO),6E  2448,18:30,19:50,,Every Sun,01-Dec-2024,01-Dec-2024
Bagdogra (IXB),Kolkata (CCU),6E  6135,18:45,19:55,,Daily,01-Dec-2024,29-Mar-2025
Chennai (MAA),Mumbai (BOM),6E  5367,19:00,21:10,,Daily,01-Dec-2024,29-Mar-2025
Rajahmundry (RJA),Mumbai (BOM),6E  0583,19:15,21:05,,Daily,01-Dec-2024,29-Mar-2025
Delhi (DEL),Kolkata (CCU),6E  6517,19:40,21:45,,Daily,01-Dec-2024,29-Mar-2025
Lucknow (LKO),Abu Dhabi (AUH),6E  1447,19:40,22:55,,Every Sun,01-Dec-2024,01-Dec-2024
Hyderabad (HYD),Delhi (DEL),6E  2233,20:00,22:20,,Daily,01-Dec-2024,29-Mar-2025
Istanbul (IST),Mumbai (BOM),6E  0018,20:15,04:55,,Daily,01-Dec-2024,29-Mar-2025
Istanbul (IST),Delhi (DEL),6E  0012,20:15,04:40,,Daily,01-Dec-2024,29-Mar-2025
Ranchi (IXR),Delhi (DEL),6E  6031,20:20,22:20,,Every Mon Tue Wed Sun,01-Dec-2024,04-Dec-2024
Coimbatore (CJB),Pune (PNQ),6E  0671,20:25,22:10,,Daily,01-Dec-2024,29-Mar-2025
Bengaluru (BLR),Mumbai (BOM),6E  5094,20:30,22:40,,Daily,01-Dec-2024,29-Mar-2025
Chennai (MAA),Mumbai (BOM),6E  5149,20:30,22:45,,Daily,01-Dec-2024,29-Mar-2025
Bhopal (BHO),Delhi (DEL),6E  2449,20:30,22:05,,Every Sun,01-Dec-2024,01-Dec-2024
Coimbatore (CJB),Mumbai (BOM),6E  5249,20:35,22:45,,Daily,01-Dec-2024,29-Mar-2025
Delhi (DEL),Lucknow (LKO),6E  6258,20:35,21:50,,Daily,01-Dec-2024,15-Feb-2025
Ahmedabad (AMD),Mumbai (BOM),6E  5346,20:40,22:05,,Daily,01-Dec-2024,29-Mar-2025
Mopa(GOX),Mumbai (BOM),6E  5101,20:55,22:30,,Daily,01-Dec-2024,29-Mar-2025
Raipur (RPR),Mumbai (BOM),6E  5049,21:00,23:05,,Daily,01-Dec-2024,29-Mar-2025
Goa (GOI),Ahmedabad (AMD),6E  0281,21:05,22:45,,Every Mon Tue Thu Fri Sat Sun,01-Dec-2024,29-Mar-2025
Chennai (MAA),Kolkata (CCU),6E  0923,21:20,23:30,,Daily,01-Dec-2024,29-Mar-2025
Mumbai (BOM),Hyderabad (HYD),6E  5056,21:30,22:55,,Daily,01-Dec-2024,29-Mar-2025
Mumbai (BOM),Ahmedabad (AMD),6E  5268,21:40,22:50,,Daily,01-Dec-2024,29-Mar-2025
Kolkata (CCU),Mumbai (BOM),6E  0115,21:45,01:00,,Daily,01-Dec-2024,29-Mar-2025
Mumbai (BOM),Chennai (MAA),6E  5291,21:50,23:50,,Daily,01-Dec-2024,29-Mar-2025
Bengaluru (BLR),Abu Dhabi (AUH),6E  1419,22:00,00:30,,Daily,01-Dec-2024,14-Jan-2025
Bengaluru (BLR),Mumbai (BOM),6E  5295,22:10,00:20,,Daily,01-Dec-2024,29-Mar-2025
Mumbai (BOM),Bengaluru (BLR),6E  5388,22:15,23:55,,Daily,01-Dec-2024,29-Mar-2025
Kochi (COK),Mumbai (BOM),6E  0548,22:15,00:25,,Daily,01-Dec-2024,29-Mar-2025
Kolkata (CCU),Delhi (DEL),6E  2415,22:30,01:00,,Daily,01-Dec-2024,29-Mar-2025
Ahmedabad (AMD),Mumbai (BOM),6E  6794,22:45,00:10,,Daily,01-Dec-2024,29-Mar-2025
Lucknow (LKO),Delhi (DEL),6E  5229,22:45,00:05,,Daily,01-Dec-2024,15-Feb-2025
Guwahati (GAU),Pune (PNQ),6E  0746,23:05,02:20,,Daily,01-Dec-2024,29-Mar-2025
Pune (PNQ),Nagpur (NAG),6E  6798,23:50,01:15,,Daily,01-Dec-2024,29-Mar-2025
Pune (PNQ),Delhi (DEL),6E  5343,23:55,02:10,,Daily,01-Dec-2024,29-Mar-2025
Mumbai (BOM),Hyderabad (HYD),6E  5393,00:05,01:30,,Daily,02-Dec-2024,29-Mar-2025
Pune (PNQ),Goa (GOI),6E  0672,00:55,02:00,,Daily,02-Dec-2024,16-Feb-2025
Delhi (DEL),Chennai (MAA),6E  2211,01:00,03:50,,Daily,02-Dec-2024,16-Feb-2025
Abu Dhabi (AUH),Chandigarh (IXC),6E  1417,01:00,06:00,,Every Mon Wed Fri Sat,02-Dec-2024,13-Jan-2025
Abu Dhabi (AUH),Bengaluru (BLR),6E  1409,01:30,06:40,,Daily,02-Dec-2024,15-Jan-2025
Goa (GOI),Pune (PNQ),6E  6884,03:55,05:05,,Daily,02-Dec-2024,16-Feb-2025
Chennai (MAA),Delhi (DEL),6E  2015,04:30,07:30,,Daily,02-Dec-2024,16-Feb-2025
Bengaluru (BLR),Pune (PNQ),6E  0408,05:15,06:45,,Every Mon Wed Fri Sun,02-Dec-2024,23-Mar-2025
Chennai (MAA),Bhubaneshwar (BBI),6E  0288,06:10,07:55,,Daily,02-Dec-2024,29-Mar-2025
Kolkata (CCU),Dhaka (DAC),6E  1107,06:30,08:00,,Daily,02-Dec-2024,29-Mar-2025
Delhi (DEL),Srinagar (SXR),6E  2641,06:45,08:15,,Daily,02-Dec-2024,29-Mar-2025
Bengaluru (BLR),Chennai (MAA),6E  6269,07:00,08:00,,Daily,02-Dec-2024,29-Mar-2025
Chennai (MAA),Port Blair (IXZ),6E  6122,07:15,09:15,,Daily,02-Dec-2024,29-Mar-2025
Pune (PNQ),Bengaluru (BLR),6E  0391,07:25,08:55,,Every Mon Wed Fri Sun,02-Dec-2024,23-Mar-2025
Bhubaneshwar (BBI),Chennai (MAA),6E  0141,08:25,10:15,,Every Mon Tue Wed Fri Sat Sun,02-Dec-2024,29-Mar-2025
Kolkata (CCU),Aizawl (AJL),6E  6941,08:35,09:45,,Daily,02-Dec-2024,29-Mar-2025
Hyderabad (HYD),Ranchi (IXR),6E  0421,08:35,10:20,,Daily,02-Dec-2024,29-Mar-2025
Kolkata (CCU),Dimapur (DMU),6E  6339,08:45,10:05,,Daily,02-Dec-2024,29-Mar-2025
Srinagar (SXR),Delhi (DEL),6E  2221,08:55,10:30,,Daily,02-Dec-2024,29-Mar-2025
Dhaka (DAC),Kolkata (CCU),6E  1108,09:00,09:35,,Daily,02-Dec-2024,29-Mar-2025
Chandigarh (IXC),Abu Dhabi (AUH),6E  1418,09:15,11:50,,Every Mon Wed Fri Sat,02-Dec-2024,13-Jan-2025
Port Blair (IXZ),Chennai (MAA),6E  6121,09:50,12:10,,Daily,02-Dec-2024,29-Mar-2025
Aizawl (AJL),Kolkata (CCU),6E  0433,10:15,11:25,,Daily,02-Dec-2024,29-Mar-2025
Delhi (DEL),Hollongi (HGI),6E  5927,10:15,12:50,,Every Mon Tue,02-Dec-2024,03-Dec-2024
Dimapur (DMU),Kolkata (CCU),6E  6155,10:35,12:05,,Daily,02-Dec-2024,29-Mar-2025
Delhi (DEL),Bhopal (BHO),6E  2433,11:20,12:35,,Daily,02-Dec-2024,29-Mar-2025
Delhi (DEL),Jammu (IXJ),6E  2609,12:00,13:35,,Every Mon Tue Thu Fri Sat Sun,02-Dec-2024,08-Dec-2024
Delhi (DEL),Srinagar (SXR),6E  2609,12:00,14:45,IXJ,Every Mon Tue Thu Fri Sat Sun,02-Dec-2024,08-Dec-2024
Delhi (DEL),Delhi (DEL),6E  2609,12:00,17:05,IXJ/SXR,Every Mon Tue Thu Fri Sat Sun,02-Dec-2024,08-Dec-2024
Hyderabad (HYD),Tirupati (TIR),6E  2005,12:05,13:10,,Daily,02-Dec-2024,29-Mar-2025
Delhi (DEL),Srinagar (SXR),6E  2044,12:40,14:15,,Every Mon Tue Thu Fri Sat Sun,02-Dec-2024,08-Dec-2024
Delhi (DEL),Jammu (IXJ),6E  2044,12:40,15:50,SXR,Every Mon Tue Thu Fri Sat Sun,02-Dec-2024,08-Dec-2024
Delhi (DEL),Delhi (DEL),6E  2044,12:40,17:50,SXR/IXJ,Every Mon Tue Thu Fri Sat Sun,02-Dec-2024,08-Dec-2024
Bhopal (BHO),Delhi (DEL),6E  5083,13:05,14:25,,Daily,02-Dec-2024,29-Mar-2025
Chennai (MAA),Dhaka (DAC),6E  1113,13:20,16:25,,Daily,02-Dec-2024,29-Mar-2025
Hollongi (HGI),Delhi (DEL),6E  5928,13:25,16:35,,Every Mon Tue,02-Dec-2024,03-Dec-2024
Mumbai (BOM),Jammu (IXJ),6E  0559,13:25,16:00,,Every Mon Tue Thu Fri Sat Sun,02-Dec-2024,08-Dec-2024
Mumbai (BOM),Srinagar (SXR),6E  0559,13:25,17:15,IXJ,Every Mon Tue Thu Fri Sat Sun,02-Dec-2024,08-Dec-2024
Hyderabad (HYD),Srinagar (SXR),6E  6253,13:30,16:25,,Daily,02-Dec-2024,14-Dec-2024
Tirupati (TIR),Hyderabad (HYD),6E  6606,13:40,14:45,,Daily,02-Dec-2024,29-Mar-2025
Gorakhpur (GOP),Hyderabad (HYD),6E  6319,14:05,16:05,,Daily,02-Dec-2024,29-Mar-2025
Gorakhpur (GOP),Bengaluru (BLR),6E  6319,14:05,17:55,HYD,Daily,02-Dec-2024,29-Mar-2025
Kolkata (CCU),Chandigarh (IXC),6E  0874,14:05,16:40,,Daily,02-Dec-2024,14-Dec-2024
Kolkata (CCU),Srinagar (SXR),6E  0874,14:05,18:20,IXC,Daily,02-Dec-2024,14-Dec-2024
Jammu (IXJ),Srinagar (SXR),6E  2609,14:05,14:45,,Every Mon Tue Thu Fri Sat Sun,02-Dec-2024,08-Dec-2024
Jammu (IXJ),Delhi (DEL),6E  2609,14:05,17:05,SXR,Every Mon Tue Thu Fri Sat Sun,02-Dec-2024,08-Dec-2024
Delhi (DEL),Srinagar (SXR),6E  5106,14:35,16:00,,Daily,02-Dec-2024,14-Dec-2024
Srinagar (SXR),Jammu (IXJ),6E  2044,14:55,15:50,,Every Mon Tue Thu Fri Sat Sun,02-Dec-2024,08-Dec-2024
Srinagar (SXR),Delhi (DEL),6E  2044,14:55,17:50,IXJ,Every Mon Tue Thu Fri Sat Sun,02-Dec-2024,08-Dec-2024
Kolkata (CCU),Srinagar (SXR),6E  6961,15:00,18:15,,Daily,02-Dec-2024,14-Dec-2024
Delhi (DEL),Srinagar (SXR),6E  5084,15:20,17:00,,Daily,02-Dec-2024,14-Dec-2024
Srinagar (SXR),Delhi (DEL),6E  2609,15:25,17:05,,Every Mon Tue Thu Fri Sat Sun,02-Dec-2024,08-Dec-2024
Srinagar (SXR),Delhi (DEL),6E  5070,16:30,17:55,,Daily,02-Dec-2024,14-Dec-2024
Jammu (IXJ),Delhi (DEL),6E  2044,16:30,17:50,,Every Mon Tue Thu Fri Sat Sun,02-Dec-2024,08-Dec-2024
Jammu (IXJ),Srinagar (SXR),6E  0559,16:35,17:15,,Every Mon Tue Thu Fri Sat Sun,02-Dec-2024,08-Dec-2024
Hyderabad (HYD),Bengaluru (BLR),6E  6319,16:50,17:55,,Daily,02-Dec-2024,29-Mar-2025
Hyderabad (HYD),Chennai (MAA),6E  0668,17:00,18:20,,Daily,02-Dec-2024,29-Mar-2025
Chandigarh (IXC),Srinagar (SXR),6E  0874,17:10,18:20,,Daily,02-Dec-2024,14-Dec-2024
Srinagar (SXR),Hyderabad (HYD),6E  6255,17:10,20:05,,Daily,02-Dec-2024,14-Dec-2024
Hyderabad (HYD),Visakhapatnam (VTZ),6E  0208,17:10,18:20,,Daily,02-Dec-2024,29-Mar-2025
Dhaka (DAC),Chennai (MAA),6E  1114,17:25,19:45,,Daily,02-Dec-2024,29-Mar-2025
Kolkata (CCU),Indore (IDR),6E  0798,17:30,19:55,,Daily,02-Dec-2024,29-Mar-2025
Srinagar (SXR),Delhi (DEL),6E  2197,17:40,19:15,,Daily,02-Dec-2024,14-Dec-2024
Srinagar (SXR),Jammu (IXJ),6E  0431,17:50,18:50,,Every Mon Tue Thu Fri Sat Sun,02-Dec-2024,08-Dec-2024
Srinagar (SXR),Mumbai (BOM),6E  0431,17:50,22:20,IXJ,Every Mon Tue Thu Fri Sat Sun,02-Dec-2024,08-Dec-2024
Delhi (DEL),Jammu (IXJ),6E  5050,18:10,19:40,,Every Mon Tue Thu Fri Sat Sun,02-Dec-2024,08-Dec-2024
Delhi (DEL),Srinagar (SXR),6E  2448,18:30,20:00,,Daily,02-Dec-2024,14-Dec-2024
Mumbai (BOM),Mopa(GOX),6E  6057,18:45,19:55,,Every Mon Tue Thu Fri Sat Sun,02-Dec-2024,29-Mar-2025
Bengaluru (BLR),Hyderabad (HYD),6E  0638,18:50,20:15,,Daily,02-Dec-2024,29-Mar-2025
Hyderabad (HYD),Ranchi (IXR),6E  0186,18:50,20:30,,Daily,02-Dec-2024,29-Mar-2025
Srinagar (SXR),Kolkata (CCU),6E  6962,18:55,21:40,,Daily,02-Dec-2024,14-Dec-2024
Srinagar (SXR),Chandigarh (IXC),6E  6041,19:00,19:50,,Daily,02-Dec-2024,14-Dec-2024
Srinagar (SXR),Kolkata (CCU),6E  6041,19:00,22:45,IXC,Daily,02-Dec-2024,14-Dec-2024
Visakhapatnam (VTZ),Hyderabad (HYD),6E  0216,19:00,20:15,,Daily,02-Dec-2024,29-Mar-2025
Jammu (IXJ),Mumbai (BOM),6E  0431,19:25,22:20,,Every Mon Tue Thu Fri Sat Sun,02-Dec-2024,08-Dec-2024
Chennai (MAA),Thiruvananthapuram (TRV),6E  6149,19:35,20:55,,Daily,02-Dec-2024,29-Mar-2025
Lucknow (LKO),Abu Dhabi (AUH),6E  1415,19:40,22:55,,Daily,02-Dec-2024,14-Jan-2025
Delhi (DEL),Pune (PNQ),6E  2607,20:10,22:25,,Every Mon Tue Wed,02-Dec-2024,04-Dec-2024
Delhi (DEL),Bhubaneshwar (BBI),6E  2201,20:15,22:20,,Daily,02-Dec-2024,28-Dec-2024
Jammu (IXJ),Delhi (DEL),6E  2527,20:15,21:35,,Every Mon Tue Thu Fri Sat Sun,02-Dec-2024,08-Dec-2024
Indore (IDR),Kolkata (CCU),6E  6566,20:25,22:25,,Daily,02-Dec-2024,29-Mar-2025
Chandigarh (IXC),Kolkata (CCU),6E  6041,20:35,22:45,,Daily,02-Dec-2024,14-Dec-2024
Srinagar (SXR),Delhi (DEL),6E  2449,20:40,22:05,,Daily,02-Dec-2024,14-Dec-2024
Ranchi (IXR),Hyderabad (HYD),6E  0191,21:10,23:05,,Daily,02-Dec-2024,29-Mar-2025
Thiruvananthapuram (TRV),Chennai (MAA),6E  6959,21:25,22:40,,Daily,02-Dec-2024,29-Mar-2025
Hyderabad (HYD),Delhi (DEL),6E  2256,21:30,23:45,,Daily,02-Dec-2024,29-Mar-2025
Bhubaneshwar (BBI),Delhi (DEL),6E  2202,22:50,01:20,,Daily,02-Dec-2024,10-Dec-2024
Pune (PNQ),Delhi (DEL),6E  2278,23:05,01:20,,Every Mon Tue Wed,02-Dec-2024,04-Dec-2024
Chennai (MAA),Bengaluru (BLR),6E  0796,23:10,00:15,,Daily,02-Dec-2024,29-Mar-2025
Abu Dhabi (AUH),Coimbatore (CJB),6E  1498,01:00,06:20,,Every Tue Thu Sun,03-Dec-2024,14-Jan-2025
Bengaluru (BLR),Pune (PNQ),6E  0408,05:15,06:45,,Every Tue Thu Sat,03-Dec-2024,22-Mar-2025
Pune (PNQ),Bengaluru (BLR),6E  0391,07:25,08:55,,Every Tue Thu Sat,03-Dec-2024,22-Mar-2025
Mumbai (BOM),Deoghar (DGH),6E  0535,10:15,12:35,,Every Tue Thu Sat,03-Dec-2024,29-Mar-2025
Deoghar (DGH),Mumbai (BOM),6E  0536,13:25,16:10,,Every Tue Thu Sat,03-Dec-2024,29-Mar-2025
Tiruchirappalli (TRZ),Mumbai (BOM),6E  0592,13:55,16:10,,Every Tue Thu Sat,03-Dec-2024,29-Mar-2025
Varanasi (VNS),Lucknow (LKO),6E  7739,15:45,16:45,,Every Tue Thu Sat,03-Dec-2024,29-Mar-2025
Jodhpur (JDH),Ahmedabad (AMD),6E  7075,09:05,10:30,,Every Wed,04-Dec-2024,04-Dec-2024
Ahmedabad (AMD),Jaipur (JAI),6E  7145,10:35,12:05,,Every Wed,04-Dec-2024,04-Dec-2024
Delhi (DEL),Chandigarh (IXC),6E  2609,12:00,12:55,,Every Wed,04-Dec-2024,04-Dec-2024
Delhi (DEL),Srinagar (SXR),6E  2609,12:00,14:45,IXC,Every Wed,04-Dec-2024,04-Dec-2024
Delhi (DEL),Delhi (DEL),6E  2609,12:00,17:05,IXC/SXR,Every Wed,04-Dec-2024,04-Dec-2024
Delhi (DEL),Srinagar (SXR),6E  2044,12:40,14:15,,Every Wed,04-Dec-2024,04-Dec-2024
Delhi (DEL),Chandigarh (IXC),6E  2044,12:40,16:05,SXR,Every Wed,04-Dec-2024,04-Dec-2024
Delhi (DEL),Delhi (DEL),6E  2044,12:40,17:50,SXR/IXC,Every Wed,04-Dec-2024,04-Dec-2024
Mumbai (BOM),Srinagar (SXR),6E  0559,13:25,16:05,,Every Wed,04-Dec-2024,04-Dec-2024
Chandigarh (IXC),Srinagar (SXR),6E  2609,13:40,14:45,,Every Wed,04-Dec-2024,04-Dec-2024
Chandigarh (IXC),Delhi (DEL),6E  2609,13:40,17:05,SXR,Every Wed,04-Dec-2024,04-Dec-2024
Delhi (DEL),Hyderabad (HYD),6E  5198,14:00,16:20,,Daily,04-Dec-2024,29-Mar-2025
Srinagar (SXR),Chandigarh (IXC),6E  2044,14:55,16:05,,Every Wed,04-Dec-2024,04-Dec-2024
Srinagar (SXR),Delhi (DEL),6E  2044,14:55,17:50,IXC,Every Wed,04-Dec-2024,04-Dec-2024
Srinagar (SXR),Delhi (DEL),6E  2609,15:25,17:05,,Every Wed,04-Dec-2024,04-Dec-2024
Srinagar (SXR),Mumbai (BOM),6E  0431,16:45,19:50,,Every Wed,04-Dec-2024,04-Dec-2024
Chandigarh (IXC),Delhi (DEL),6E  2044,16:50,17:50,,Every Wed,04-Dec-2024,04-Dec-2024
Hyderabad (HYD),Delhi (DEL),6E  2312,17:05,19:25,,Daily,04-Dec-2024,29-Mar-2025
Goa (GOI),Ahmedabad (AMD),6E  0281,21:05,22:45,,Every Wed,04-Dec-2024,26-Mar-2025
Delhi (DEL),Indore (IDR),6E  6212,05:00,06:30,,Daily,05-Dec-2024,29-Mar-2025
Kolkata (CCU),Chennai (MAA),6E  0344,05:15,07:30,,Every Thu,05-Dec-2024,27-Mar-2025
Delhi (DEL),Visakhapatnam (VTZ),6E  5345,05:55,08:10,,Daily,05-Dec-2024,29-Mar-2025
Indore (IDR),Delhi (DEL),6E  5126,07:00,08:30,,Daily,05-Dec-2024,29-Mar-2025
Bengaluru (BLR),Kochi (COK),6E  0113,09:00,10:10,,Daily,05-Dec-2024,29-Mar-2025
Visakhapatnam (VTZ),Delhi (DEL),6E  5344,09:00,11:25,,Daily,05-Dec-2024,29-Mar-2025
Kochi (COK),Kolkata (CCU),6E  0198,09:00,11:50,,Every Mon Tue Thu Fri Sat Sun,05-Dec-2024,29-Mar-2025
Kochi (COK),Guwahati (GAU),6E  0198,09:00,13:40,CCU,Every Mon Tue Thu Fri Sat Sun,05-Dec-2024,29-Mar-2025
Bengaluru (BLR),Thiruvananthapuram (TRV),6E  0688,09:05,10:25,,Daily,05-Dec-2024,29-Mar-2025
Delhi (DEL),Hollongi (HGI),6E  5927,10:15,12:50,,Every Mon Tue Thu Sat,05-Dec-2024,29-Mar-2025
Kochi (COK),Bengaluru (BLR),6E  0897,10:40,11:50,,Daily,05-Dec-2024,29-Mar-2025
Kochi (COK),Varanasi (VNS),6E  0897,10:40,14:55,BLR,Daily,05-Dec-2024,29-Mar-2025
Thiruvananthapuram (TRV),Bengaluru (BLR),6E  0661,10:55,12:10,,Daily,05-Dec-2024,29-Mar-2025
Bengaluru (BLR),Varanasi (VNS),6E  0897,12:30,14:55,,Daily,05-Dec-2024,29-Mar-2025
Kolkata (CCU),Guwahati (GAU),6E  0198,12:30,13:40,,Every Mon Tue Thu Fri Sat Sun,05-Dec-2024,29-Mar-2025
Bengaluru (BLR),Surat (STV),6E  0465,12:50,14:50,,Daily,05-Dec-2024,29-Mar-2025
Hollongi (HGI),Delhi (DEL),6E  5928,13:25,16:35,,Every Mon Tue Thu Sat,05-Dec-2024,29-Mar-2025
Surat (STV),Goa (GOI),6E  0419,15:20,16:40,,Daily,05-Dec-2024,29-Mar-2025
Varanasi (VNS),Bengaluru (BLR),6E  0144,15:30,17:55,,Daily,05-Dec-2024,29-Mar-2025
Varanasi (VNS),Kochi (COK),6E  0144,15:30,19:45,BLR,Daily,05-Dec-2024,29-Mar-2025
Guwahati (GAU),Kolkata (CCU),6E  0264,15:35,17:00,,Every Mon Tue Thu Fri Sat Sun,05-Dec-2024,29-Mar-2025
Guwahati (GAU),Kochi (COK),6E  0264,15:35,20:40,CCU,Every Mon Tue Thu Fri Sat Sun,05-Dec-2024,29-Mar-2025
Goa (GOI),Surat (STV),6E  0418,17:10,18:30,,Daily,05-Dec-2024,29-Mar-2025
Kolkata (CCU),Kochi (COK),6E  0264,17:40,20:40,,Every Mon Tue Thu Fri Sat Sun,05-Dec-2024,29-Mar-2025
Delhi (DEL),Ranchi (IXR),6E  5339,18:00,19:50,,Daily,05-Dec-2024,29-Mar-2025
Bengaluru (BLR),Kochi (COK),6E  0144,18:40,19:45,,Daily,05-Dec-2024,29-Mar-2025
Surat (STV),Bengaluru (BLR),6E  5034,19:05,20:55,,Daily,05-Dec-2024,29-Mar-2025
Delhi (DEL),Pune (PNQ),6E  2607,20:10,22:25,,Daily,05-Dec-2024,29-Mar-2025
Kochi (COK),Bengaluru (BLR),6E  6922,20:20,21:25,,Daily,05-Dec-2024,29-Mar-2025
Ranchi (IXR),Delhi (DEL),6E  6031,20:20,22:20,,Daily,05-Dec-2024,29-Mar-2025
Pune (PNQ),Delhi (DEL),6E  2278,23:05,01:20,,Daily,05-Dec-2024,31-Jan-2025
Mumbai (BOM),Jeddah (JED),6E  0091,00:55,04:15,,Every Fri,06-Dec-2024,27-Dec-2024
Delhi (DEL),Aizawl (AJL),6E  5363,10:15,12:45,,Every Wed Fri Sun,06-Dec-2024,28-Mar-2025
Aizawl (AJL),Delhi (DEL),6E  5364,13:20,16:15,,Every Wed Fri Sun,06-Dec-2024,28-Mar-2025
Bengaluru (BLR),Bhopal (BHO),6E  0368,06:40,08:50,,Daily,07-Dec-2024,29-Mar-2025
Kolkata (CCU),Ahmedabad (AMD),6E  0135,13:30,16:25,,Every Sat,07-Dec-2024,29-Mar-2025
Kolkata (CCU),Pune (PNQ),6E  0135,13:30,18:15,AMD,Every Sat,07-Dec-2024,29-Mar-2025
Ahmedabad (AMD),Pune (PNQ),6E  0135,17:00,18:15,,Every Sat,07-Dec-2024,29-Mar-2025
Pune (PNQ),Kolkata (CCU),6E  6561,18:55,21:20,,Every Sat,07-Dec-2024,29-Mar-2025
Jodhpur (JDH),Jaipur (JAI),6E  7406,09:05,10:10,,Daily,09-Dec-2024,29-Mar-2025
Ahmedabad (AMD),Jaipur (JAI),6E  7145,10:30,12:05,,Daily,09-Dec-2024,29-Mar-2025
Jaipur (JAI),Jodhpur (JDH),6E  7405,10:30,11:35,,Daily,09-Dec-2024,29-Mar-2025
Jodhpur (JDH),Ahmedabad (AMD),6E  7075,11:55,13:20,,Daily,09-Dec-2024,29-Mar-2025
Delhi (DEL),Jammu (IXJ),6E  2609,12:00,13:35,,Every Mon Tue Wed Thu Fri Sat,09-Dec-2024,14-Dec-2024
Delhi (DEL),Srinagar (SXR),6E  2609,12:00,14:45,IXJ,Every Mon Tue Wed Thu Fri Sat,09-Dec-2024,14-Dec-2024
Delhi (DEL),Delhi (DEL),6E  2609,12:00,17:05,IXJ/SXR,Every Mon Tue Wed Thu Fri Sat,09-Dec-2024,14-Dec-2024
Delhi (DEL),Srinagar (SXR),6E  2044,12:40,14:15,,Daily,09-Dec-2024,15-Dec-2024
Delhi (DEL),Jammu (IXJ),6E  2044,12:40,15:50,SXR,Daily,09-Dec-2024,15-Dec-2024
Delhi (DEL),Delhi (DEL),6E  2044,12:40,17:50,SXR/IXJ,Daily,09-Dec-2024,15-Dec-2024
Mumbai (BOM),Jammu (IXJ),6E  0559,13:25,16:00,,Every Mon Tue Wed Thu Fri Sat,09-Dec-2024,14-Dec-2024
Mumbai (BOM),Srinagar (SXR),6E  0559,13:25,17:15,IXJ,Every Mon Tue Wed Thu Fri Sat,09-Dec-2024,14-Dec-2024
Mumbai (BOM),Jodhpur (JDH),6E  5256,13:25,15:05,,Every Mon Tue Wed Thu Fri Sun,09-Dec-2024,15-Dec-2024
Jammu (IXJ),Srinagar (SXR),6E  2609,14:05,14:45,,Every Mon Tue Wed Thu Fri Sat,09-Dec-2024,14-Dec-2024
Jammu (IXJ),Delhi (DEL),6E  2609,14:05,17:05,SXR,Every Mon Tue Wed Thu Fri Sat,09-Dec-2024,14-Dec-2024
Srinagar (SXR),Jammu (IXJ),6E  2044,14:55,15:50,,Daily,09-Dec-2024,15-Dec-2024
Srinagar (SXR),Delhi (DEL),6E  2044,14:55,17:50,IXJ,Daily,09-Dec-2024,15-Dec-2024
Hyderabad (HYD),Jodhpur (JDH),6E  0297,14:55,17:00,,Every Mon Tue Thu Fri Sun,09-Dec-2024,15-Dec-2024
Srinagar (SXR),Delhi (DEL),6E  2609,15:25,17:05,,Every Mon Tue Wed Thu Fri Sat,09-Dec-2024,14-Dec-2024
Jodhpur (JDH),Mumbai (BOM),6E  5257,15:35,17:25,,Every Mon Tue Wed Thu Fri Sun,09-Dec-2024,15-Dec-2024
Jammu (IXJ),Delhi (DEL),6E  2044,16:30,17:50,,Daily,09-Dec-2024,15-Dec-2024
Jammu (IXJ),Srinagar (SXR),6E  0559,16:35,17:15,,Every Mon Tue Wed Thu Fri Sat,09-Dec-2024,14-Dec-2024
Jodhpur (JDH),Hyderabad (HYD),6E  6816,17:30,19:25,,Every Mon Tue Wed Thu Fri Sun,09-Dec-2024,15-Dec-2024
Srinagar (SXR),Jammu (IXJ),6E  0431,17:50,18:50,,Every Mon Tue Wed Thu Fri Sat,09-Dec-2024,14-Dec-2024
Srinagar (SXR),Mumbai (BOM),6E  0431,17:50,22:20,IXJ,Every Mon Tue Wed Thu Fri Sat,09-Dec-2024,14-Dec-2024
Delhi (DEL),Jammu (IXJ),6E  5050,18:10,19:40,,Daily,09-Dec-2024,15-Dec-2024
Jammu (IXJ),Mumbai (BOM),6E  0431,19:25,22:20,,Every Mon Tue Wed Thu Fri Sat,09-Dec-2024,14-Dec-2024
Jammu (IXJ),Delhi (DEL),6E  2527,20:15,21:35,,Daily,09-Dec-2024,15-Dec-2024
Kochi (COK),Kolkata (CCU),6E  0198,09:00,11:50,,Every Wed,11-Dec-2024,26-Mar-2025
Kochi (COK),Ranchi (IXR),6E  0198,09:00,13:40,CCU,Every Wed,11-Dec-2024,26-Mar-2025
Kolkata (CCU),Ranchi (IXR),6E  0198,12:30,13:40,,Every Wed,11-Dec-2024,26-Mar-2025
Ranchi (IXR),Kolkata (CCU),6E  0264,15:00,16:05,,Every Wed,11-Dec-2024,26-Mar-2025
Ranchi (IXR),Kochi (COK),6E  0264,15:00,20:40,CCU,Every Wed,11-Dec-2024,26-Mar-2025
Kolkata (CCU),Kochi (COK),6E  0264,17:40,20:40,,Every Wed,11-Dec-2024,26-Mar-2025
Delhi (DEL),Kannur (CNN),6E  0358,22:10,01:20,,Daily,11-Dec-2024,29-Mar-2025
Bhubaneshwar (BBI),Delhi (DEL),6E  0806,22:50,01:20,,Daily,11-Dec-2024,29-Mar-2025
Kannur (CNN),Delhi (DEL),6E  2173,06:20,09:25,,Daily,12-Dec-2024,29-Mar-2025
Delhi (DEL),Rajahmundry (RJA),6E  0364,07:30,09:45,,Daily,12-Dec-2024,29-Mar-2025
Rajahmundry (RJA),Delhi (DEL),6E  0363,10:30,13:00,,Daily,12-Dec-2024,29-Mar-2025
Delhi (DEL),Darbhanga (DBR),6E  0360,14:20,16:05,,Daily,12-Dec-2024,29-Mar-2025
Darbhanga (DBR),Delhi (DEL),6E  0370,16:45,18:50,,Daily,12-Dec-2024,29-Mar-2025
Mumbai (BOM),Udaipur (UDR),6E  5256,13:25,14:55,,Every Sat,14-Dec-2024,14-Dec-2024
Hyderabad (HYD),Udaipur (UDR),6E  0297,14:55,16:40,,Every Sat,14-Dec-2024,14-Dec-2024
Udaipur (UDR),Mumbai (BOM),6E  5257,15:55,17:25,,Every Sat,14-Dec-2024,14-Dec-2024
Udaipur (UDR),Hyderabad (HYD),6E  6816,17:45,19:25,,Every Sat,14-Dec-2024,14-Dec-2024
Chandigarh (IXC),Hyderabad (HYD),6E  0867,06:20,08:45,,Every Sun,15-Dec-2024,26-Jan-2025
Hyderabad (HYD),Goa (GOI),6E  0467,09:25,10:45,,Every Sun,15-Dec-2024,26-Jan-2025
Goa (GOI),Hyderabad (HYD),6E  0468,11:20,12:25,,Every Sun,15-Dec-2024,26-Jan-2025
Delhi (DEL),Jammu (IXJ),6E  2609,12:00,13:35,,Every Sun,15-Dec-2024,15-Dec-2024
Hyderabad (HYD),Chandigarh (IXC),6E  0108,13:15,15:50,,Every Sun,15-Dec-2024,26-Jan-2025
Mumbai (BOM),Jammu (IXJ),6E  0559,13:25,16:00,,Every Sun,15-Dec-2024,15-Dec-2024
Hyderabad (HYD),Jammu (IXJ),6E  6253,13:30,16:15,,Every Sun,15-Dec-2024,15-Dec-2024
Goa (GOI),Nasik(ISK),6E  7467,14:05,15:50,,Every Mon Wed Fri Sun,15-Dec-2024,31-Jan-2025
Goa (GOI),Nagpur (NAG),6E  7467,14:05,18:05,ISK,Every Mon Wed Fri Sun,15-Dec-2024,31-Jan-2025
Kolkata (CCU),Chandigarh (IXC),6E  0874,14:05,16:40,,Every Sun,15-Dec-2024,15-Dec-2024
Delhi (DEL),Amritsar (ATQ),6E  5106,14:35,15:35,,Every Sun,15-Dec-2024,15-Dec-2024
Jammu (IXJ),Delhi (DEL),6E  2247,14:35,15:55,,Every Sun,15-Dec-2024,15-Dec-2024
Delhi (DEL),Ahmedabad (AMD),6E  5084,15:10,17:00,,Every Sun,15-Dec-2024,15-Dec-2024
Amritsar (ATQ),Delhi (DEL),6E  5070,16:25,17:40,,Every Sun,15-Dec-2024,15-Dec-2024
Nasik(ISK),Nagpur (NAG),6E  7467,16:35,18:05,,Every Mon Wed Fri Sun,15-Dec-2024,31-Jan-2025
Jammu (IXJ),Mumbai (BOM),6E  0431,16:45,19:50,,Every Sun,15-Dec-2024,15-Dec-2024
Jammu (IXJ),Hyderabad (HYD),6E  6255,17:05,20:05,,Every Sun,15-Dec-2024,15-Dec-2024
Chandigarh (IXC),Kolkata (CCU),6E  6041,17:20,19:30,,Every Sun,15-Dec-2024,15-Dec-2024
Ahmedabad (AMD),Delhi (DEL),6E  2197,17:40,19:15,,Every Sun,15-Dec-2024,15-Dec-2024
Nagpur (NAG),Hyderabad (HYD),6E  7479,18:25,19:55,,Daily,15-Dec-2024,31-Jan-2025
Delhi (DEL),Bhopal (BHO),6E  2448,18:30,19:50,,Every Sun,15-Dec-2024,15-Dec-2024
Bhopal (BHO),Delhi (DEL),6E  2449,20:30,22:05,,Every Sun,15-Dec-2024,15-Dec-2024
Indore (IDR),Jaipur (JAI),6E  7274,06:20,07:40,,Daily,16-Dec-2024,31-Jan-2025
Delhi (DEL),Indore (IDR),6E  2180,07:20,08:50,,Daily,16-Dec-2024,31-Jan-2025
Delhi (DEL),Guwahati (GAU),6E  2251,07:30,09:45,,Daily,16-Dec-2024,30-Jan-2025
Indore (IDR),Udaipur (UDR),6E  7424,07:40,08:40,,Every Mon Wed Fri Sun,16-Dec-2024,31-Jan-2025
Hyderabad (HYD),Nagpur (NAG),6E  7478,07:50,09:25,,Daily,16-Dec-2024,01-Feb-2025
Kolkata (CCU),Agartala (IXA),6E  0713,08:10,09:10,,Daily,16-Dec-2024,31-Jan-2025
Kolkata (CCU),Bhubaneshwar (BBI),6E  7623,08:40,10:10,,Daily,16-Dec-2024,31-Jan-2025
Udaipur (UDR),Indore (IDR),6E  7438,09:15,10:20,,Every Mon Wed Fri Sun,16-Dec-2024,31-Jan-2025
Indore (IDR),Delhi (DEL),6E  2181,09:20,10:50,,Daily,16-Dec-2024,31-Jan-2025
Jaipur (JAI),Indore (IDR),6E  7154,09:20,10:50,,Daily,16-Dec-2024,31-Jan-2025
Kolkata (CCU),Dehradun (DED),6E  0201,09:35,12:10,,Every Mon Wed Fri Sun,16-Dec-2024,31-Jan-2025
Nagpur (NAG),Nasik(ISK),6E  7462,09:45,11:25,,Every Mon Wed Fri Sun,16-Dec-2024,31-Jan-2025
Nagpur (NAG),Goa (GOI),6E  7462,09:45,13:40,ISK,Every Mon Wed Fri Sun,16-Dec-2024,31-Jan-2025
Agartala (IXA),Kolkata (CCU),6E  0663,09:55,11:05,,Daily,16-Dec-2024,31-Jan-2025
Indore (IDR),Shirdi (SAG),6E  7439,10:40,12:00,,Daily,16-Dec-2024,31-Jan-2025
Indore (IDR),Vijayawada (VGA),6E  7439,10:40,14:25,SAG,Daily,16-Dec-2024,31-Jan-2025
Indore (IDR),Tirupati (TIR),6E  7439,10:40,16:00,SAG/VGA,Daily,16-Dec-2024,31-Jan-2025
Bhubaneshwar (BBI),Varanasi (VNS),6E  7035,10:40,12:35,,Every Mon Wed Fri Sun,16-Dec-2024,31-Jan-2025
Guwahati (GAU),Delhi (DEL),6E  5203,10:45,13:40,,Daily,16-Dec-2024,31-Jan-2025
Indore (IDR),Lucknow (LKO),6E  7127,11:10,13:05,,Daily,16-Dec-2024,31-Jan-2025
Chandigarh (IXC),Patna (PAT),6E  6394,11:30,13:15,,Every Mon Tue Wed Thu Fri Sat,16-Dec-2024,31-Jan-2025
Nasik(ISK),Goa (GOI),6E  7462,11:45,13:40,,Every Mon Wed Fri Sun,16-Dec-2024,31-Jan-2025
Delhi (DEL),Jammu (IXJ),6E  2609,12:00,13:35,,Every Mon Tue Thu Fri Sat Sun,16-Dec-2024,22-Dec-2024
Delhi (DEL),Srinagar (SXR),6E  2609,12:00,14:45,IXJ,Every Mon Tue Thu Fri Sat Sun,16-Dec-2024,22-Dec-2024
Delhi (DEL),Delhi (DEL),6E  2609,12:00,17:05,IXJ/SXR,Every Mon Tue Thu Fri Sat Sun,16-Dec-2024,22-Dec-2024
Shirdi (SAG),Vijayawada (VGA),6E  7439,12:20,14:25,,Daily,16-Dec-2024,31-Jan-2025
Shirdi (SAG),Tirupati (TIR),6E  7439,12:20,16:00,VGA,Daily,16-Dec-2024,31-Jan-2025
Delhi (DEL),Srinagar (SXR),6E  2044,12:40,14:15,,Every Mon Tue Thu Fri Sat Sun,16-Dec-2024,22-Dec-2024
Delhi (DEL),Jammu (IXJ),6E  2044,12:40,15:50,SXR,Every Mon Tue Thu Fri Sat Sun,16-Dec-2024,22-Dec-2024
Delhi (DEL),Delhi (DEL),6E  2044,12:40,17:50,SXR/IXJ,Every Mon Tue Thu Fri Sat Sun,16-Dec-2024,22-Dec-2024
Varanasi (VNS),Bhubaneshwar (BBI),6E  7036,13:10,15:00,,Every Mon Wed Fri Sun,16-Dec-2024,31-Jan-2025
Mumbai (BOM),Jodhpur (JDH),6E  5256,13:25,15:05,,Daily,16-Dec-2024,22-Dec-2024
Lucknow (LKO),Indore (IDR),6E  7412,13:25,15:30,,Daily,16-Dec-2024,31-Jan-2025
Mumbai (BOM),Jammu (IXJ),6E  0559,13:25,16:00,,Every Mon Tue Thu Fri Sat Sun,16-Dec-2024,22-Dec-2024
Mumbai (BOM),Srinagar (SXR),6E  0559,13:25,17:15,IXJ,Every Mon Tue Thu Fri Sat Sun,16-Dec-2024,22-Dec-2024
Hyderabad (HYD),Srinagar (SXR),6E  6253,13:30,16:25,,Daily,16-Dec-2024,28-Dec-2024
Patna (PAT),Chandigarh (IXC),6E  6485,13:55,15:50,,Every Mon Tue Wed Thu Fri Sat,16-Dec-2024,31-Jan-2025
Kolkata (CCU),Chandigarh (IXC),6E  0874,14:05,16:40,,Daily,16-Dec-2024,28-Dec-2024
Kolkata (CCU),Srinagar (SXR),6E  0874,14:05,18:20,IXC,Daily,16-Dec-2024,28-Dec-2024
Jammu (IXJ),Srinagar (SXR),6E  2609,14:05,14:45,,Every Mon Tue Thu Fri Sat Sun,16-Dec-2024,22-Dec-2024
Jammu (IXJ),Delhi (DEL),6E  2609,14:05,17:05,SXR,Every Mon Tue Thu Fri Sat Sun,16-Dec-2024,22-Dec-2024
Delhi (DEL),Srinagar (SXR),6E  5106,14:35,16:00,,Daily,16-Dec-2024,28-Dec-2024
Vijayawada (VGA),Tirupati (TIR),6E  7439,14:45,16:00,,Daily,16-Dec-2024,31-Jan-2025
Srinagar (SXR),Jammu (IXJ),6E  2044,14:55,15:50,,Every Mon Tue Thu Fri Sat Sun,16-Dec-2024,22-Dec-2024
Srinagar (SXR),Delhi (DEL),6E  2044,14:55,17:50,IXJ,Every Mon Tue Thu Fri Sat Sun,16-Dec-2024,22-Dec-2024
Hyderabad (HYD),Jodhpur (JDH),6E  0297,14:55,17:00,,Every Mon Tue Thu Fri Sat Sun,16-Dec-2024,22-Dec-2024
Kolkata (CCU),Srinagar (SXR),6E  6961,15:00,18:15,,Daily,16-Dec-2024,28-Dec-2024
Delhi (DEL),Srinagar (SXR),6E  5084,15:20,17:00,,Daily,16-Dec-2024,28-Dec-2024
Srinagar (SXR),Delhi (DEL),6E  2609,15:25,17:05,,Every Mon Tue Thu Fri Sat Sun,16-Dec-2024,22-Dec-2024
Jodhpur (JDH),Mumbai (BOM),6E  5257,15:35,17:25,,Daily,16-Dec-2024,22-Dec-2024
Indore (IDR),Jaipur (JAI),6E  7468,16:10,17:30,,Daily,16-Dec-2024,31-Jan-2025
Indore (IDR),Dehradun (DED),6E  7468,16:10,19:10,JAI,Daily,16-Dec-2024,31-Jan-2025
Srinagar (SXR),Delhi (DEL),6E  5070,16:30,17:55,,Daily,16-Dec-2024,28-Dec-2024
Jammu (IXJ),Delhi (DEL),6E  2044,16:30,17:50,,Every Mon Tue Thu Fri Sat Sun,16-Dec-2024,22-Dec-2024
Jammu (IXJ),Srinagar (SXR),6E  0559,16:35,17:15,,Every Mon Tue Thu Fri Sat Sun,16-Dec-2024,22-Dec-2024
Chandigarh (IXC),Srinagar (SXR),6E  0874,17:10,18:20,,Daily,16-Dec-2024,28-Dec-2024
Srinagar (SXR),Hyderabad (HYD),6E  6255,17:10,20:05,,Daily,16-Dec-2024,28-Dec-2024
Jodhpur (JDH),Hyderabad (HYD),6E  6816,17:30,19:25,,Daily,16-Dec-2024,22-Dec-2024
Srinagar (SXR),Delhi (DEL),6E  2197,17:40,19:15,,Daily,16-Dec-2024,28-Dec-2024
Jaipur (JAI),Dehradun (DED),6E  7468,17:50,19:10,,Daily,16-Dec-2024,31-Jan-2025
Srinagar (SXR),Jammu (IXJ),6E  0431,17:50,18:50,,Every Mon Tue Thu Fri Sat Sun,16-Dec-2024,22-Dec-2024
Srinagar (SXR),Mumbai (BOM),6E  0431,17:50,22:20,IXJ,Every Mon Tue Thu Fri Sat Sun,16-Dec-2024,22-Dec-2024
Delhi (DEL),Jammu (IXJ),6E  5050,18:10,19:40,,Every Mon Tue Thu Fri Sat Sun,16-Dec-2024,22-Dec-2024
Delhi (DEL),Srinagar (SXR),6E  2448,18:30,20:00,,Daily,16-Dec-2024,28-Dec-2024
Srinagar (SXR),Kolkata (CCU),6E  6962,18:55,21:40,,Daily,16-Dec-2024,28-Dec-2024
Srinagar (SXR),Chandigarh (IXC),6E  6041,19:00,19:50,,Daily,16-Dec-2024,28-Dec-2024
Srinagar (SXR),Kolkata (CCU),6E  6041,19:00,22:45,IXC,Daily,16-Dec-2024,28-Dec-2024
Jammu (IXJ),Mumbai (BOM),6E  0431,19:25,22:20,,Every Mon Tue Thu Fri Sat Sun,16-Dec-2024,22-Dec-2024
Jammu (IXJ),Delhi (DEL),6E  2527,20:15,21:35,,Every Mon Tue Thu Fri Sat Sun,16-Dec-2024,22-Dec-2024
Chandigarh (IXC),Kolkata (CCU),6E  6041,20:35,22:45,,Daily,16-Dec-2024,28-Dec-2024
Srinagar (SXR),Delhi (DEL),6E  2449,20:40,22:05,,Daily,16-Dec-2024,28-Dec-2024
Indore (IDR),Nasik(ISK),6E  7108,07:40,08:50,,Every Tue Thu Sat,17-Dec-2024,30-Jan-2025
Nasik(ISK),Indore (IDR),6E  7109,09:10,10:20,,Every Tue Thu Sat,17-Dec-2024,30-Jan-2025
Kolkata (CCU),Amritsar (ATQ),6E  0201,09:35,12:25,,Every Tue Thu Sat,17-Dec-2024,30-Jan-2025
Nagpur (NAG),Aurangabad (IXU),6E  7462,09:45,11:05,,Every Tue Thu Sat,17-Dec-2024,01-Feb-2025
Nagpur (NAG),Goa (GOI),6E  7462,09:45,13:40,IXU,Every Tue Thu Sat,17-Dec-2024,01-Feb-2025
Bhubaneshwar (BBI),Prayagraj (IXD),6E  7265,10:40,12:35,,Every Tue Thu Sat,17-Dec-2024,30-Jan-2025
Aurangabad (IXU),Goa (GOI),6E  7462,11:40,13:40,,Every Tue Thu Sat,17-Dec-2024,01-Feb-2025
Prayagraj (IXD),Bhubaneshwar (BBI),6E  7266,12:55,14:50,,Every Tue Thu Sat,17-Dec-2024,30-Jan-2025
Goa (GOI),Aurangabad (IXU),6E  7467,14:05,16:05,,Every Tue Thu Sat,17-Dec-2024,30-Jan-2025
Goa (GOI),Nagpur (NAG),6E  7467,14:05,18:05,IXU,Every Tue Thu Sat,17-Dec-2024,30-Jan-2025
Aurangabad (IXU),Nagpur (NAG),6E  7467,16:35,18:05,,Every Tue Thu Sat,17-Dec-2024,30-Jan-2025
Delhi (DEL),Chandigarh (IXC),6E  2609,12:00,12:55,,Every Wed,18-Dec-2024,18-Dec-2024
Delhi (DEL),Srinagar (SXR),6E  2609,12:00,14:45,IXC,Every Wed,18-Dec-2024,18-Dec-2024
Delhi (DEL),Delhi (DEL),6E  2609,12:00,17:05,IXC/SXR,Every Wed,18-Dec-2024,18-Dec-2024
Delhi (DEL),Srinagar (SXR),6E  2044,12:40,14:15,,Every Wed,18-Dec-2024,18-Dec-2024
Delhi (DEL),Chandigarh (IXC),6E  2044,12:40,16:05,SXR,Every Wed,18-Dec-2024,18-Dec-2024
Delhi (DEL),Delhi (DEL),6E  2044,12:40,17:50,SXR/IXC,Every Wed,18-Dec-2024,18-Dec-2024
Mumbai (BOM),Srinagar (SXR),6E  0559,13:25,16:05,,Every Wed,18-Dec-2024,18-Dec-2024
Chandigarh (IXC),Srinagar (SXR),6E  2609,13:40,14:45,,Every Wed,18-Dec-2024,18-Dec-2024
Chandigarh (IXC),Delhi (DEL),6E  2609,13:40,17:05,SXR,Every Wed,18-Dec-2024,18-Dec-2024
Srinagar (SXR),Chandigarh (IXC),6E  2044,14:55,16:05,,Every Wed,18-Dec-2024,18-Dec-2024
Srinagar (SXR),Delhi (DEL),6E  2044,14:55,17:50,IXC,Every Wed,18-Dec-2024,18-Dec-2024
Srinagar (SXR),Delhi (DEL),6E  2609,15:25,17:05,,Every Wed,18-Dec-2024,18-Dec-2024
Srinagar (SXR),Mumbai (BOM),6E  0431,16:45,19:50,,Every Wed,18-Dec-2024,18-Dec-2024
Chandigarh (IXC),Delhi (DEL),6E  2044,16:50,17:50,,Every Wed,18-Dec-2024,18-Dec-2024
Delhi (DEL),Bhopal (BHO),6E  5050,18:10,19:30,,Every Wed,18-Dec-2024,18-Dec-2024
Bhopal (BHO),Delhi (DEL),6E  2527,20:15,21:35,,Every Wed,18-Dec-2024,18-Dec-2024
Delhi (DEL),Mumbai (BOM),6E  2981,05:15,07:30,,Every Mon,23-Dec-2024,23-Dec-2024
Mumbai (BOM),Ahmedabad (AMD),6E  0446,06:20,07:30,,Every Mon Tue Wed Thu Sat Sun,23-Dec-2024,29-Dec-2024
Port Blair (IXZ),Chennai (MAA),6E  0581,07:25,09:40,,Daily,23-Dec-2024,29-Mar-2025
Port Blair (IXZ),Visakhapatnam (VTZ),6E  0581,07:25,11:45,MAA,Daily,23-Dec-2024,29-Mar-2025
Chennai (MAA),Visakhapatnam (VTZ),6E  0581,10:20,11:45,,Daily,23-Dec-2024,29-Mar-2025
Delhi (DEL),Jammu (IXJ),6E  2609,12:00,13:35,,Every Mon Tue Wed Thu Fri Sat,23-Dec-2024,28-Dec-2024
Delhi (DEL),Srinagar (SXR),6E  2609,12:00,14:45,IXJ,Every Mon Tue Wed Thu Fri Sat,23-Dec-2024,28-Dec-2024
Delhi (DEL),Delhi (DEL),6E  2609,12:00,17:05,IXJ/SXR,Every Mon Tue Wed Thu Fri Sat,23-Dec-2024,28-Dec-2024
Delhi (DEL),Srinagar (SXR),6E  2044,12:40,14:15,,Daily,23-Dec-2024,29-Dec-2024
Delhi (DEL),Jammu (IXJ),6E  2044,12:40,15:50,SXR,Daily,23-Dec-2024,29-Dec-2024
Delhi (DEL),Delhi (DEL),6E  2044,12:40,17:50,SXR/IXJ,Daily,23-Dec-2024,29-Dec-2024
Mumbai (BOM),Jammu (IXJ),6E  0559,13:25,16:00,,Every Mon Tue Wed Thu Fri Sat,23-Dec-2024,28-Dec-2024
Mumbai (BOM),Srinagar (SXR),6E  0559,13:25,17:15,IXJ,Every Mon Tue Wed Thu Fri Sat,23-Dec-2024,28-Dec-2024
Mumbai (BOM),Jodhpur (JDH),6E  5256,13:25,15:05,,Every Mon Tue Wed Thu Fri Sun,23-Dec-2024,29-Dec-2024
Jammu (IXJ),Srinagar (SXR),6E  2609,14:05,14:45,,Every Mon Tue Wed Thu Fri Sat,23-Dec-2024,28-Dec-2024
Jammu (IXJ),Delhi (DEL),6E  2609,14:05,17:05,SXR,Every Mon Tue Wed Thu Fri Sat,23-Dec-2024,28-Dec-2024
Srinagar (SXR),Jammu (IXJ),6E  2044,14:55,15:50,,Daily,23-Dec-2024,29-Dec-2024
Srinagar (SXR),Delhi (DEL),6E  2044,14:55,17:50,IXJ,Daily,23-Dec-2024,29-Dec-2024
Hyderabad (HYD),Jodhpur (JDH),6E  0297,14:55,17:00,,Every Mon Tue Thu Fri Sun,23-Dec-2024,29-Dec-2024
Srinagar (SXR),Delhi (DEL),6E  2609,15:25,17:05,,Every Mon Tue Wed Thu Fri Sat,23-Dec-2024,28-Dec-2024
Jodhpur (JDH),Mumbai (BOM),6E  5257,15:35,17:25,,Every Mon Tue Wed Thu Fri Sun,23-Dec-2024,29-Dec-2024
Jammu (IXJ),Delhi (DEL),6E  2044,16:30,17:50,,Daily,23-Dec-2024,29-Dec-2024
Jammu (IXJ),Srinagar (SXR),6E  0559,16:35,17:15,,Every Mon Tue Wed Thu Fri Sat,23-Dec-2024,28-Dec-2024
Jodhpur (JDH),Hyderabad (HYD),6E  6816,17:30,19:25,,Every Mon Tue Wed Thu Fri Sun,23-Dec-2024,29-Dec-2024
Srinagar (SXR),Jammu (IXJ),6E  0431,17:50,18:50,,Every Mon Tue Wed Thu Fri Sat,23-Dec-2024,28-Dec-2024
Srinagar (SXR),Mumbai (BOM),6E  0431,17:50,22:20,IXJ,Every Mon Tue Wed Thu Fri Sat,23-Dec-2024,28-Dec-2024
Delhi (DEL),Jammu (IXJ),6E  5050,18:10,19:40,,Daily,23-Dec-2024,29-Dec-2024
Jammu (IXJ),Mumbai (BOM),6E  0431,19:25,22:20,,Every Mon Tue Wed Thu Fri Sat,23-Dec-2024,28-Dec-2024
Jammu (IXJ),Delhi (DEL),6E  2527,20:15,21:35,,Daily,23-Dec-2024,29-Dec-2024
Mumbai (BOM),Ahmedabad (AMD),6E  2982,05:40,06:50,,Every Fri,27-Dec-2024,27-Dec-2024
Ahmedabad (AMD),Bengaluru (BLR),6E  0823,09:35,11:55,,Every Mon Wed Thu Fri Sat Sun,27-Dec-2024,29-Mar-2025
Mumbai (BOM),Udaipur (UDR),6E  5256,13:25,14:55,,Every Sat,28-Dec-2024,28-Dec-2024
Hyderabad (HYD),Udaipur (UDR),6E  0297,14:55,16:40,,Every Sat,28-Dec-2024,28-Dec-2024
Udaipur (UDR),Mumbai (BOM),6E  5257,15:55,17:25,,Every Sat,28-Dec-2024,28-Dec-2024
Udaipur (UDR),Hyderabad (HYD),6E  6816,17:45,19:25,,Every Sat,28-Dec-2024,28-Dec-2024
Delhi (DEL),Jammu (IXJ),6E  2609,12:00,13:35,,Every Sun,29-Dec-2024,05-Jan-2025
Mumbai (BOM),Jammu (IXJ),6E  0559,13:25,16:00,,Every Sun,29-Dec-2024,05-Jan-2025
Hyderabad (HYD),Jammu (IXJ),6E  6253,13:30,16:15,,Every Sun,29-Dec-2024,05-Jan-2025
Kolkata (CCU),Chandigarh (IXC),6E  0874,14:05,16:40,,Every Sun,29-Dec-2024,05-Jan-2025
Delhi (DEL),Amritsar (ATQ),6E  5106,14:35,15:35,,Every Sun,29-Dec-2024,05-Jan-2025
Jammu (IXJ),Delhi (DEL),6E  2247,14:35,15:55,,Every Sun,29-Dec-2024,05-Jan-2025
Delhi (DEL),Ahmedabad (AMD),6E  5084,15:10,17:00,,Every Sun,29-Dec-2024,05-Jan-2025
Amritsar (ATQ),Delhi (DEL),6E  5070,16:25,17:40,,Every Sun,29-Dec-2024,05-Jan-2025
Jammu (IXJ),Mumbai (BOM),6E  0431,16:45,19:50,,Every Sun,29-Dec-2024,05-Jan-2025
Jammu (IXJ),Hyderabad (HYD),6E  6255,17:05,20:05,,Every Sun,29-Dec-2024,05-Jan-2025
Chandigarh (IXC),Kolkata (CCU),6E  6041,17:20,19:30,,Every Sun,29-Dec-2024,05-Jan-2025
Ahmedabad (AMD),Delhi (DEL),6E  2983,18:20,20:00,,Every Sun,29-Dec-2024,29-Dec-2024
Delhi (DEL),Bhopal (BHO),6E  2448,18:30,19:50,,Every Sun,29-Dec-2024,05-Jan-2025
Bhopal (BHO),Delhi (DEL),6E  2449,20:30,22:05,,Every Sun,29-Dec-2024,05-Jan-2025
Delhi (DEL),Bhubaneshwar (BBI),6E  2201,20:35,22:40,,Every Sun,29-Dec-2024,29-Dec-2024
Mumbai (BOM),Ahmedabad (AMD),6E  0446,06:20,07:30,,Daily,30-Dec-2024,29-Mar-2025
Delhi (DEL),Jammu (IXJ),6E  2609,12:00,13:35,,Every Mon Tue Thu Fri Sat,30-Dec-2024,04-Jan-2025
Delhi (DEL),Srinagar (SXR),6E  2609,12:00,14:45,IXJ,Every Mon Tue Thu Fri Sat,30-Dec-2024,04-Jan-2025
Delhi (DEL),Delhi (DEL),6E  2609,12:00,17:05,IXJ/SXR,Every Mon Tue Thu Fri Sat,30-Dec-2024,04-Jan-2025
Delhi (DEL),Srinagar (SXR),6E  2044,12:40,14:15,,Every Mon Tue Thu Fri Sat Sun,30-Dec-2024,05-Jan-2025
Delhi (DEL),Jammu (IXJ),6E  2044,12:40,15:50,SXR,Every Mon Tue Thu Fri Sat Sun,30-Dec-2024,05-Jan-2025
Delhi (DEL),Delhi (DEL),6E  2044,12:40,17:50,SXR/IXJ,Every Mon Tue Thu Fri Sat Sun,30-Dec-2024,05-Jan-2025
Mumbai (BOM),Jodhpur (JDH),6E  5256,13:25,15:05,,Daily,30-Dec-2024,05-Jan-2025
Mumbai (BOM),Jammu (IXJ),6E  0559,13:25,16:00,,Every Mon Tue Thu Fri Sat,30-Dec-2024,04-Jan-2025
Mumbai (BOM),Srinagar (SXR),6E  0559,13:25,17:15,IXJ,Every Mon Tue Thu Fri Sat,30-Dec-2024,04-Jan-2025
Hyderabad (HYD),Srinagar (SXR),6E  6253,13:30,16:25,,Every Mon Tue Wed Thu Fri Sat,30-Dec-2024,04-Jan-2025
Jammu (IXJ),Srinagar (SXR),6E  2609,14:05,14:45,,Every Mon Tue Thu Fri Sat,30-Dec-2024,04-Jan-2025
Jammu (IXJ),Delhi (DEL),6E  2609,14:05,17:05,SXR,Every Mon Tue Thu Fri Sat,30-Dec-2024,04-Jan-2025
Kolkata (CCU),Chandigarh (IXC),6E  0874,14:05,16:40,,Every Mon Tue Wed Thu Fri Sat,30-Dec-2024,04-Jan-2025
Kolkata (CCU),Srinagar (SXR),6E  0874,14:05,18:20,IXC,Every Mon Tue Wed Thu Fri Sat,30-Dec-2024,04-Jan-2025
Mumbai (BOM),Goa (GOI),6E  6228,14:15,15:25,,Every Mon Wed Thu Fri Sat Sun,30-Dec-2024,05-Jan-2025
Delhi (DEL),Srinagar (SXR),6E  5106,14:35,16:00,,Every Mon Tue Wed Thu Fri Sat,30-Dec-2024,04-Jan-2025
Srinagar (SXR),Jammu (IXJ),6E  2044,14:55,15:50,,Every Mon Tue Thu Fri Sat Sun,30-Dec-2024,05-Jan-2025
Srinagar (SXR),Delhi (DEL),6E  2044,14:55,17:50,IXJ,Every Mon Tue Thu Fri Sat Sun,30-Dec-2024,05-Jan-2025
Hyderabad (HYD),Jodhpur (JDH),6E  0297,14:55,17:00,,Every Mon Tue Thu Fri Sat Sun,30-Dec-2024,05-Jan-2025
Kolkata (CCU),Srinagar (SXR),6E  6961,15:00,18:15,,Every Mon Tue Wed Thu Fri Sat,30-Dec-2024,04-Jan-2025
Delhi (DEL),Srinagar (SXR),6E  5084,15:20,17:00,,Every Mon Tue Wed Thu Fri Sat,30-Dec-2024,04-Jan-2025
Srinagar (SXR),Delhi (DEL),6E  2609,15:25,17:05,,Every Mon Tue Thu Fri Sat,30-Dec-2024,04-Jan-2025
Jodhpur (JDH),Mumbai (BOM),6E  5257,15:35,17:25,,Daily,30-Dec-2024,05-Jan-2025
Jammu (IXJ),Delhi (DEL),6E  2044,16:30,17:50,,Every Mon Tue Thu Fri Sat Sun,30-Dec-2024,05-Jan-2025
Srinagar (SXR),Delhi (DEL),6E  5070,16:30,17:55,,Every Mon Tue Wed Thu Fri Sat,30-Dec-2024,04-Jan-2025
Goa (GOI),Mumbai (BOM),6E  5231,16:30,17:50,,Every Mon Wed Thu Fri Sat Sun,30-Dec-2024,05-Jan-2025
Jammu (IXJ),Srinagar (SXR),6E  0559,16:35,17:15,,Every Mon Tue Thu Fri Sat,30-Dec-2024,04-Jan-2025
Chandigarh (IXC),Srinagar (SXR),6E  0874,17:10,18:20,,Every Mon Tue Wed Thu Fri Sat,30-Dec-2024,04-Jan-2025
Srinagar (SXR),Hyderabad (HYD),6E  6255,17:10,20:05,,Every Mon Tue Wed Thu Fri Sat,30-Dec-2024,04-Jan-2025
Jodhpur (JDH),Hyderabad (HYD),6E  6816,17:30,19:25,,Daily,30-Dec-2024,05-Jan-2025
Srinagar (SXR),Delhi (DEL),6E  2197,17:40,19:15,,Every Mon Tue Wed Thu Fri Sat,30-Dec-2024,04-Jan-2025
Srinagar (SXR),Jammu (IXJ),6E  0431,17:50,18:50,,Every Mon Tue Thu Fri Sat,30-Dec-2024,04-Jan-2025
Srinagar (SXR),Mumbai (BOM),6E  0431,17:50,22:20,IXJ,Every Mon Tue Thu Fri Sat,30-Dec-2024,04-Jan-2025
Delhi (DEL),Jammu (IXJ),6E  5050,18:10,19:40,,Every Mon Tue Thu Fri Sat Sun,30-Dec-2024,05-Jan-2025
Delhi (DEL),Srinagar (SXR),6E  2448,18:30,20:00,,Every Mon Tue Wed Thu Fri Sat,30-Dec-2024,04-Jan-2025
Srinagar (SXR),Kolkata (CCU),6E  6962,18:55,21:40,,Every Mon Tue Wed Thu Fri Sat,30-Dec-2024,04-Jan-2025
Srinagar (SXR),Chandigarh (IXC),6E  6041,19:00,19:50,,Every Mon Tue Wed Thu Fri Sat,30-Dec-2024,04-Jan-2025
Srinagar (SXR),Kolkata (CCU),6E  6041,19:00,22:45,IXC,Every Mon Tue Wed Thu Fri Sat,30-Dec-2024,04-Jan-2025
Jammu (IXJ),Mumbai (BOM),6E  0431,19:25,22:20,,Every Mon Tue Thu Fri Sat,30-Dec-2024,04-Jan-2025
Delhi (DEL),Bhubaneshwar (BBI),6E  2201,20:15,22:20,,Daily,30-Dec-2024,29-Mar-2025
Jammu (IXJ),Delhi (DEL),6E  2527,20:15,21:35,,Every Mon Tue Thu Fri Sat Sun,30-Dec-2024,05-Jan-2025
Chandigarh (IXC),Kolkata (CCU),6E  6041,20:35,22:45,,Every Mon Tue Wed Thu Fri Sat,30-Dec-2024,04-Jan-2025
Srinagar (SXR),Delhi (DEL),6E  2449,20:40,22:05,,Every Mon Tue Wed Thu Fri Sat,30-Dec-2024,04-Jan-2025
Delhi (DEL),Mumbai (BOM),6E  0519,23:55,02:15,,Daily,31-Dec-2024,11-Jan-2025
Mumbai (BOM),Delhi (DEL),6E  6045,03:00,05:10,,Daily,01-Jan-2025,11-Jan-2025
Hyderabad (HYD),Kolkata (CCU),6E  6494,06:05,08:05,,Daily,01-Jan-2025,29-Mar-2025
Kolkata (CCU),Hyderabad (HYD),6E  6513,08:50,11:15,,Daily,01-Jan-2025,29-Mar-2025
Hyderabad (HYD),Kolkata (CCU),6E  0376,11:55,14:00,,Daily,01-Jan-2025,29-Mar-2025
Delhi (DEL),Chandigarh (IXC),6E  2609,12:00,12:55,,Every Wed,01-Jan-2025,01-Jan-2025
Delhi (DEL),Srinagar (SXR),6E  2609,12:00,14:45,IXC,Every Wed,01-Jan-2025,01-Jan-2025
Delhi (DEL),Delhi (DEL),6E  2609,12:00,17:05,IXC/SXR,Every Wed,01-Jan-2025,01-Jan-2025
Delhi (DEL),Srinagar (SXR),6E  2044,12:40,14:15,,Every Wed,01-Jan-2025,01-Jan-2025
Delhi (DEL),Chandigarh (IXC),6E  2044,12:40,16:05,SXR,Every Wed,01-Jan-2025,01-Jan-2025
Delhi (DEL),Delhi (DEL),6E  2044,12:40,17:50,SXR/IXC,Every Wed,01-Jan-2025,01-Jan-2025
Mumbai (BOM),Srinagar (SXR),6E  0559,13:25,16:05,,Every Wed,01-Jan-2025,01-Jan-2025
Chandigarh (IXC),Srinagar (SXR),6E  2609,13:40,14:45,,Every Wed,01-Jan-2025,01-Jan-2025
Chandigarh (IXC),Delhi (DEL),6E  2609,13:40,17:05,SXR,Every Wed,01-Jan-2025,01-Jan-2025
Srinagar (SXR),Chandigarh (IXC),6E  2044,14:55,16:05,,Every Wed,01-Jan-2025,01-Jan-2025
Srinagar (SXR),Delhi (DEL),6E  2044,14:55,17:50,IXC,Every Wed,01-Jan-2025,01-Jan-2025
Kolkata (CCU),Hyderabad (HYD),6E  6908,15:00,17:15,,Daily,01-Jan-2025,29-Mar-2025
Srinagar (SXR),Delhi (DEL),6E  2609,15:25,17:05,,Every Wed,01-Jan-2025,01-Jan-2025
Srinagar (SXR),Mumbai (BOM),6E  0431,16:45,19:50,,Every Wed,01-Jan-2025,01-Jan-2025
Chandigarh (IXC),Delhi (DEL),6E  2044,16:50,17:50,,Every Wed,01-Jan-2025,01-Jan-2025
Hyderabad (HYD),Kolkata (CCU),6E  0283,18:00,20:00,,Daily,01-Jan-2025,29-Mar-2025
Delhi (DEL),Bhopal (BHO),6E  5050,18:10,19:30,,Every Wed,01-Jan-2025,01-Jan-2025
Bhopal (BHO),Delhi (DEL),6E  2527,20:15,21:35,,Every Wed,01-Jan-2025,01-Jan-2025
Kolkata (CCU),Hyderabad (HYD),6E  6154,20:45,23:00,,Daily,01-Jan-2025,29-Mar-2025
Mumbai (BOM),Jeddah (JED),6E  0091,00:40,04:05,,Every Fri Sun,03-Jan-2025,28-Mar-2025
Jeddah (JED),Mumbai (BOM),6E  0092,05:15,12:40,,Every Tue Fri,03-Jan-2025,28-Mar-2025
Ahmedabad (AMD),Delhi (DEL),6E  2197,17:40,19:15,,Every Sun,05-Jan-2025,05-Jan-2025
Mumbai (BOM),Delhi (DEL),6E  0656,05:00,07:10,,Daily,06-Jan-2025,29-Mar-2025
Mumbai (BOM),Delhi (DEL),6E  2156,06:00,08:05,,Daily,06-Jan-2025,29-Mar-2025
Delhi (DEL),Mumbai (BOM),6E  6218,06:00,08:15,,Daily,06-Jan-2025,16-Mar-2025
Mumbai (BOM),Delhi (DEL),6E  0301,07:00,09:10,,Daily,06-Jan-2025,29-Mar-2025
Delhi (DEL),Mumbai (BOM),6E  0675,08:00,10:20,,Daily,06-Jan-2025,29-Mar-2025
Delhi (DEL),Mumbai (BOM),6E  2157,09:00,11:20,,Daily,06-Jan-2025,29-Mar-2025
Delhi (DEL),Mumbai (BOM),6E  6328,10:00,12:20,,Daily,06-Jan-2025,29-Mar-2025
Mumbai (BOM),Delhi (DEL),6E  6827,11:00,13:15,,Daily,06-Jan-2025,29-Mar-2025
Mumbai (BOM),Delhi (DEL),6E  6028,12:00,14:10,,Daily,06-Jan-2025,29-Mar-2025
Delhi (DEL),Jammu (IXJ),6E  2609,12:00,13:35,,Daily,06-Jan-2025,12-Jan-2025
Delhi (DEL),Srinagar (SXR),6E  2609,12:00,14:45,IXJ,Daily,06-Jan-2025,12-Jan-2025
Delhi (DEL),Delhi (DEL),6E  2609,12:00,17:05,IXJ/SXR,Daily,06-Jan-2025,12-Jan-2025
Delhi (DEL),Srinagar (SXR),6E  2044,12:40,14:15,,Daily,06-Jan-2025,12-Jan-2025
Delhi (DEL),Jammu (IXJ),6E  2044,12:40,15:50,SXR,Daily,06-Jan-2025,12-Jan-2025
Delhi (DEL),Delhi (DEL),6E  2044,12:40,17:50,SXR/IXJ,Daily,06-Jan-2025,12-Jan-2025
Mumbai (BOM),Delhi (DEL),6E  0615,13:05,15:10,,Daily,06-Jan-2025,29-Mar-2025
Mumbai (BOM),Jammu (IXJ),6E  0559,13:25,16:00,,Daily,06-Jan-2025,12-Jan-2025
Mumbai (BOM),Srinagar (SXR),6E  0559,13:25,17:15,IXJ,Daily,06-Jan-2025,12-Jan-2025
Mumbai (BOM),Jodhpur (JDH),6E  5256,13:25,15:05,,Every Mon Tue Wed Thu Fri Sun,06-Jan-2025,12-Jan-2025
Hyderabad (HYD),Srinagar (SXR),6E  6253,13:30,16:25,,Daily,06-Jan-2025,18-Jan-2025
Delhi (DEL),Mumbai (BOM),6E  6676,14:00,16:20,,Daily,06-Jan-2025,29-Mar-2025
Kolkata (CCU),Chandigarh (IXC),6E  0874,14:05,16:40,,Daily,06-Jan-2025,18-Jan-2025
Kolkata (CCU),Srinagar (SXR),6E  0874,14:05,18:20,IXC,Daily,06-Jan-2025,18-Jan-2025
Jammu (IXJ),Srinagar (SXR),6E  2609,14:05,14:45,,Daily,06-Jan-2025,12-Jan-2025
Jammu (IXJ),Delhi (DEL),6E  2609,14:05,17:05,SXR,Daily,06-Jan-2025,12-Jan-2025
Mumbai (BOM),Goa (GOI),6E  6228,14:15,15:25,,Daily,06-Jan-2025,29-Mar-2025
Delhi (DEL),Srinagar (SXR),6E  5106,14:35,16:00,,Daily,06-Jan-2025,18-Jan-2025
Srinagar (SXR),Jammu (IXJ),6E  2044,14:55,15:50,,Daily,06-Jan-2025,12-Jan-2025
Srinagar (SXR),Delhi (DEL),6E  2044,14:55,17:50,IXJ,Daily,06-Jan-2025,12-Jan-2025
Hyderabad (HYD),Jodhpur (JDH),6E  0297,14:55,17:00,,Every Mon Tue Thu Fri Sun,06-Jan-2025,12-Jan-2025
Mumbai (BOM),Delhi (DEL),6E  2328,15:00,17:10,,Daily,06-Jan-2025,29-Mar-2025
Delhi (DEL),Mumbai (BOM),6E  6022,15:00,17:20,,Daily,06-Jan-2025,29-Mar-2025
Kolkata (CCU),Srinagar (SXR),6E  6961,15:00,18:15,,Daily,06-Jan-2025,18-Jan-2025
Delhi (DEL),Srinagar (SXR),6E  5084,15:20,17:00,,Daily,06-Jan-2025,18-Jan-2025
Srinagar (SXR),Delhi (DEL),6E  2609,15:25,17:05,,Daily,06-Jan-2025,12-Jan-2025
Jodhpur (JDH),Mumbai (BOM),6E  5257,15:35,17:25,,Every Mon Tue Wed Thu Fri Sun,06-Jan-2025,12-Jan-2025
Delhi (DEL),Mumbai (BOM),6E  6318,16:00,18:20,,Daily,06-Jan-2025,29-Mar-2025
Goa (GOI),Mumbai (BOM),6E  5231,16:30,17:50,,Daily,06-Jan-2025,29-Mar-2025
Jammu (IXJ),Delhi (DEL),6E  2044,16:30,17:50,,Daily,06-Jan-2025,12-Jan-2025
Srinagar (SXR),Delhi (DEL),6E  5070,16:30,17:55,,Daily,06-Jan-2025,18-Jan-2025
Jammu (IXJ),Srinagar (SXR),6E  0559,16:35,17:15,,Daily,06-Jan-2025,12-Jan-2025
Chandigarh (IXC),Srinagar (SXR),6E  0874,17:10,18:20,,Daily,06-Jan-2025,18-Jan-2025
Srinagar (SXR),Hyderabad (HYD),6E  6255,17:10,20:05,,Daily,06-Jan-2025,17-Jan-2025
Jodhpur (JDH),Hyderabad (HYD),6E  6816,17:30,19:25,,Every Mon Tue Wed Thu Fri Sun,06-Jan-2025,12-Jan-2025
Srinagar (SXR),Delhi (DEL),6E  2197,17:40,19:15,,Daily,06-Jan-2025,18-Jan-2025
Srinagar (SXR),Jammu (IXJ),6E  0431,17:50,18:50,,Daily,06-Jan-2025,12-Jan-2025
Srinagar (SXR),Mumbai (BOM),6E  0431,17:50,22:20,IXJ,Daily,06-Jan-2025,12-Jan-2025
Mumbai (BOM),Delhi (DEL),6E  6082,18:00,20:10,,Daily,06-Jan-2025,29-Mar-2025
Delhi (DEL),Mumbai (BOM),6E  2327,18:00,20:20,,Daily,06-Jan-2025,29-Mar-2025
Delhi (DEL),Jammu (IXJ),6E  5050,18:10,19:40,,Daily,06-Jan-2025,12-Jan-2025
Delhi (DEL),Srinagar (SXR),6E  2448,18:30,20:00,,Daily,06-Jan-2025,18-Jan-2025
Srinagar (SXR),Kolkata (CCU),6E  6962,18:55,21:40,,Daily,06-Jan-2025,18-Jan-2025
Mumbai (BOM),Delhi (DEL),6E  6613,19:00,21:15,,Daily,06-Jan-2025,29-Mar-2025
Srinagar (SXR),Chandigarh (IXC),6E  6041,19:00,19:50,,Daily,06-Jan-2025,18-Jan-2025
Srinagar (SXR),Kolkata (CCU),6E  6041,19:00,22:45,IXC,Daily,06-Jan-2025,18-Jan-2025
Jammu (IXJ),Mumbai (BOM),6E  0431,19:25,22:20,,Daily,06-Jan-2025,12-Jan-2025
Jammu (IXJ),Delhi (DEL),6E  2527,20:15,21:35,,Daily,06-Jan-2025,12-Jan-2025
Chandigarh (IXC),Kolkata (CCU),6E  6041,20:35,22:45,,Daily,06-Jan-2025,18-Jan-2025
Srinagar (SXR),Delhi (DEL),6E  2449,20:40,22:05,,Daily,06-Jan-2025,18-Jan-2025
Mumbai (BOM),Delhi (DEL),6E  0102,21:00,23:15,,Daily,06-Jan-2025,29-Mar-2025
Delhi (DEL),Mumbai (BOM),6E  0395,21:00,23:25,,Daily,06-Jan-2025,29-Mar-2025
Delhi (DEL),Mumbai (BOM),6E  6114,22:00,00:25,,Daily,06-Jan-2025,29-Mar-2025
Mumbai (BOM),Delhi (DEL),6E  2007,23:30,01:45,,Daily,06-Jan-2025,29-Mar-2025
Delhi (DEL),Mumbai (BOM),6E  2011,02:00,04:20,,Daily,07-Jan-2025,29-Mar-2025
Mumbai (BOM),Udaipur (UDR),6E  5256,13:25,14:55,,Every Sat,11-Jan-2025,11-Jan-2025
Hyderabad (HYD),Udaipur (UDR),6E  0297,14:55,16:40,,Every Sat,11-Jan-2025,11-Jan-2025
Udaipur (UDR),Mumbai (BOM),6E  5257,15:55,17:25,,Every Sat,11-Jan-2025,11-Jan-2025
Udaipur (UDR),Hyderabad (HYD),6E  6816,17:45,19:25,,Every Sat,11-Jan-2025,11-Jan-2025
Mumbai (BOM),Delhi (DEL),6E  2775,01:10,03:20,,Daily,12-Jan-2025,29-Mar-2025
Mumbai (BOM),Delhi (DEL),6E  6045,03:00,05:10,,Daily,12-Jan-2025,29-Mar-2025
Delhi (DEL),Mumbai (BOM),6E  2766,04:00,06:20,,Daily,12-Jan-2025,29-Mar-2025
Delhi (DEL),Mumbai (BOM),6E  0449,05:00,07:20,,Daily,12-Jan-2025,29-Mar-2025
Mumbai (BOM),Delhi (DEL),6E  0333,08:00,10:15,,Daily,12-Jan-2025,29-Mar-2025
Mumbai (BOM),Delhi (DEL),6E  0355,09:00,11:10,,Daily,12-Jan-2025,29-Mar-2025
Delhi (DEL),Mumbai (BOM),6E  6047,11:50,14:10,,Daily,12-Jan-2025,29-Mar-2025
Mumbai (BOM),Delhi (DEL),6E  2302,17:00,19:10,,Daily,12-Jan-2025,29-Mar-2025
Delhi (DEL),Mumbai (BOM),6E  0864,17:00,19:20,,Daily,12-Jan-2025,29-Mar-2025
Mumbai (BOM),Delhi (DEL),6E  2384,20:00,22:10,,Daily,12-Jan-2025,29-Mar-2025
Delhi (DEL),Mumbai (BOM),6E  2303,20:00,22:30,,Daily,12-Jan-2025,29-Mar-2025
Delhi (DEL),Mumbai (BOM),6E  0519,23:55,02:15,,Daily,12-Jan-2025,29-Mar-2025
Mumbai (BOM),Guwahati (GAU),6E  0228,08:40,11:30,,Every Mon Wed Thu Fri Sat Sun,13-Jan-2025,19-Jan-2025
Mumbai (BOM),Imphal (IMF),6E  0228,08:40,14:10,GAU,Every Mon Wed Thu Fri Sat Sun,13-Jan-2025,19-Jan-2025
Delhi (DEL),Jammu (IXJ),6E  2609,12:00,13:35,,Every Mon Tue Thu Fri Sat,13-Jan-2025,18-Jan-2025
Delhi (DEL),Srinagar (SXR),6E  2609,12:00,14:45,IXJ,Every Mon Tue Thu Fri Sat,13-Jan-2025,18-Jan-2025
Delhi (DEL),Delhi (DEL),6E  2609,12:00,17:05,IXJ/SXR,Every Mon Tue Thu Fri Sat,13-Jan-2025,18-Jan-2025
Delhi (DEL),Srinagar (SXR),6E  2044,12:40,14:15,,Every Mon Tue Thu Fri Sat Sun,13-Jan-2025,19-Jan-2025
Delhi (DEL),Jammu (IXJ),6E  2044,12:40,15:50,SXR,Every Mon Tue Thu Fri Sat Sun,13-Jan-2025,19-Jan-2025
Delhi (DEL),Delhi (DEL),6E  2044,12:40,17:50,SXR/IXJ,Every Mon Tue Thu Fri Sat Sun,13-Jan-2025,19-Jan-2025
Guwahati (GAU),Imphal (IMF),6E  0228,13:05,14:10,,Every Mon Wed Thu Fri Sat Sun,13-Jan-2025,19-Jan-2025
Mumbai (BOM),Jodhpur (JDH),6E  5256,13:25,15:05,,Daily,13-Jan-2025,19-Jan-2025
Mumbai (BOM),Jammu (IXJ),6E  0559,13:25,16:00,,Every Mon Tue Thu Fri Sat,13-Jan-2025,18-Jan-2025
Mumbai (BOM),Srinagar (SXR),6E  0559,13:25,17:15,IXJ,Every Mon Tue Thu Fri Sat,13-Jan-2025,18-Jan-2025
Jammu (IXJ),Srinagar (SXR),6E  2609,14:05,14:45,,Every Mon Tue Thu Fri Sat,13-Jan-2025,18-Jan-2025
Jammu (IXJ),Delhi (DEL),6E  2609,14:05,17:05,SXR,Every Mon Tue Thu Fri Sat,13-Jan-2025,18-Jan-2025
Imphal (IMF),Guwahati (GAU),6E  6342,14:45,15:40,,Every Mon Wed Thu Fri Sat Sun,13-Jan-2025,19-Jan-2025
Imphal (IMF),Mumbai (BOM),6E  6342,14:45,20:45,GAU,Every Mon Wed Thu Fri Sat Sun,13-Jan-2025,19-Jan-2025
Srinagar (SXR),Jammu (IXJ),6E  2044,14:55,15:50,,Every Mon Tue Thu Fri Sat Sun,13-Jan-2025,19-Jan-2025
Srinagar (SXR),Delhi (DEL),6E  2044,14:55,17:50,IXJ,Every Mon Tue Thu Fri Sat Sun,13-Jan-2025,19-Jan-2025
Hyderabad (HYD),Jodhpur (JDH),6E  0297,14:55,17:00,,Every Mon Tue Thu Fri Sat Sun,13-Jan-2025,19-Jan-2025
Srinagar (SXR),Delhi (DEL),6E  2609,15:25,17:05,,Every Mon Tue Thu Fri Sat,13-Jan-2025,18-Jan-2025
Jodhpur (JDH),Mumbai (BOM),6E  5257,15:35,17:25,,Daily,13-Jan-2025,19-Jan-2025
Jammu (IXJ),Delhi (DEL),6E  2044,16:30,17:50,,Every Mon Tue Thu Fri Sat Sun,13-Jan-2025,19-Jan-2025
Jammu (IXJ),Srinagar (SXR),6E  0559,16:35,17:15,,Every Mon Tue Thu Fri Sat,13-Jan-2025,18-Jan-2025
Guwahati (GAU),Mumbai (BOM),6E  6342,17:00,20:45,,Every Mon Wed Thu Fri Sat Sun,13-Jan-2025,19-Jan-2025
Jodhpur (JDH),Hyderabad (HYD),6E  6816,17:30,19:25,,Daily,13-Jan-2025,19-Jan-2025
Srinagar (SXR),Jammu (IXJ),6E  0431,17:50,18:50,,Every Mon Tue Thu Fri Sat,13-Jan-2025,18-Jan-2025
Srinagar (SXR),Mumbai (BOM),6E  0431,17:50,22:20,IXJ,Every Mon Tue Thu Fri Sat,13-Jan-2025,18-Jan-2025
Delhi (DEL),Jammu (IXJ),6E  5050,18:10,19:40,,Every Mon Tue Thu Fri Sat Sun,13-Jan-2025,19-Jan-2025
Jammu (IXJ),Mumbai (BOM),6E  0431,19:25,22:20,,Every Mon Tue Thu Fri Sat,13-Jan-2025,18-Jan-2025
Jammu (IXJ),Delhi (DEL),6E  2527,20:15,21:35,,Every Mon Tue Thu Fri Sat Sun,13-Jan-2025,19-Jan-2025
Mumbai (BOM),Guwahati (GAU),6E  0228,08:40,11:30,,Every Tue,14-Jan-2025,14-Jan-2025
Guwahati (GAU),Mumbai (BOM),6E  6342,17:00,20:45,,Every Tue,14-Jan-2025,14-Jan-2025
Abu Dhabi (AUH),Chandigarh (IXC),6E  1417,04:05,09:05,,Every Mon Wed Fri Sat,15-Jan-2025,28-Mar-2025
Chandigarh (IXC),Abu Dhabi (AUH),6E  1418,11:00,13:35,,Every Mon Wed Fri Sat,15-Jan-2025,29-Mar-2025
Delhi (DEL),Chandigarh (IXC),6E  2609,12:00,12:55,,Every Wed,15-Jan-2025,15-Jan-2025
Delhi (DEL),Srinagar (SXR),6E  2609,12:00,14:45,IXC,Every Wed,15-Jan-2025,15-Jan-2025
Delhi (DEL),Delhi (DEL),6E  2609,12:00,17:05,IXC/SXR,Every Wed,15-Jan-2025,15-Jan-2025
Delhi (DEL),Srinagar (SXR),6E  2044,12:40,14:15,,Every Wed,15-Jan-2025,15-Jan-2025
Delhi (DEL),Chandigarh (IXC),6E  2044,12:40,16:05,SXR,Every Wed,15-Jan-2025,15-Jan-2025
Delhi (DEL),Delhi (DEL),6E  2044,12:40,17:50,SXR/IXC,Every Wed,15-Jan-2025,15-Jan-2025
Mumbai (BOM),Srinagar (SXR),6E  0559,13:25,16:05,,Every Wed,15-Jan-2025,15-Jan-2025
Chandigarh (IXC),Srinagar (SXR),6E  2609,13:40,14:45,,Every Wed,15-Jan-2025,15-Jan-2025
Chandigarh (IXC),Delhi (DEL),6E  2609,13:40,17:05,SXR,Every Wed,15-Jan-2025,15-Jan-2025
Abu Dhabi (AUH),Lucknow (LKO),6E  1416,14:35,19:45,,Daily,15-Jan-2025,29-Mar-2025
Srinagar (SXR),Chandigarh (IXC),6E  2044,14:55,16:05,,Every Wed,15-Jan-2025,15-Jan-2025
Srinagar (SXR),Delhi (DEL),6E  2044,14:55,17:50,IXC,Every Wed,15-Jan-2025,15-Jan-2025
Srinagar (SXR),Delhi (DEL),6E  2609,15:25,17:05,,Every Wed,15-Jan-2025,15-Jan-2025
Srinagar (SXR),Mumbai (BOM),6E  0431,16:45,19:50,,Every Wed,15-Jan-2025,15-Jan-2025
Chandigarh (IXC),Delhi (DEL),6E  2044,16:50,17:50,,Every Wed,15-Jan-2025,15-Jan-2025
Delhi (DEL),Bhopal (BHO),6E  5050,18:10,19:30,,Every Wed,15-Jan-2025,15-Jan-2025
Bhopal (BHO),Delhi (DEL),6E  2527,20:15,21:35,,Every Wed,15-Jan-2025,15-Jan-2025
Bengaluru (BLR),Abu Dhabi (AUH),6E  1449,20:25,22:55,,Every Wed,15-Jan-2025,15-Jan-2025
Lucknow (LKO),Abu Dhabi (AUH),6E  1415,23:45,03:05,,Daily,15-Jan-2025,29-Mar-2025
Abu Dhabi (AUH),Bengaluru (BLR),6E  1409,01:00,06:10,,Daily,16-Jan-2025,29-Mar-2025
Abu Dhabi (AUH),Coimbatore (CJB),6E  1498,04:05,09:25,,Every Tue Thu Sun,16-Jan-2025,27-Mar-2025
Coimbatore (CJB),Abu Dhabi (AUH),6E  1497,10:50,13:35,,Every Tue Thu Sun,16-Jan-2025,27-Mar-2025
Bengaluru (BLR),Abu Dhabi (AUH),6E  1419,20:25,22:55,,Daily,16-Jan-2025,29-Mar-2025
Srinagar (SXR),Hyderabad (HYD),6E  6255,17:10,20:10,,Every Sat,18-Jan-2025,18-Jan-2025
Delhi (DEL),Jammu (IXJ),6E  2609,12:00,13:35,,Every Sun,19-Jan-2025,19-Jan-2025
Mumbai (BOM),Jammu (IXJ),6E  0559,13:25,16:00,,Every Sun,19-Jan-2025,19-Jan-2025
Hyderabad (HYD),Jammu (IXJ),6E  6253,13:30,16:15,,Every Sun,19-Jan-2025,19-Jan-2025
Kolkata (CCU),Chandigarh (IXC),6E  0874,14:05,16:40,,Every Sun,19-Jan-2025,19-Jan-2025
Delhi (DEL),Amritsar (ATQ),6E  5106,14:35,15:35,,Every Sun,19-Jan-2025,19-Jan-2025
Jammu (IXJ),Delhi (DEL),6E  2247,14:35,15:55,,Every Sun,19-Jan-2025,19-Jan-2025
Delhi (DEL),Ahmedabad (AMD),6E  5084,15:10,17:00,,Every Sun,19-Jan-2025,19-Jan-2025
Amritsar (ATQ),Delhi (DEL),6E  5070,16:25,17:40,,Every Sun,19-Jan-2025,19-Jan-2025
Jammu (IXJ),Mumbai (BOM),6E  0431,16:45,19:50,,Every Sun,19-Jan-2025,19-Jan-2025
Jammu (IXJ),Hyderabad (HYD),6E  6255,17:05,20:05,,Every Sun,19-Jan-2025,19-Jan-2025
Chandigarh (IXC),Kolkata (CCU),6E  6041,17:20,19:30,,Every Sun,19-Jan-2025,19-Jan-2025
Ahmedabad (AMD),Delhi (DEL),6E  2197,17:40,19:15,,Every Sun,19-Jan-2025,19-Jan-2025
Delhi (DEL),Bhopal (BHO),6E  2448,18:30,19:50,,Every Sun,19-Jan-2025,19-Jan-2025
Bhopal (BHO),Delhi (DEL),6E  2449,20:30,22:05,,Every Sun,19-Jan-2025,19-Jan-2025
Mumbai (BOM),Guwahati (GAU),6E  0228,08:40,11:30,,Daily,20-Jan-2025,09-Feb-2025
Mumbai (BOM),Imphal (IMF),6E  0228,08:40,14:10,GAU,Daily,20-Jan-2025,09-Feb-2025
Delhi (DEL),Jammu (IXJ),6E  2609,12:00,13:35,,Daily,20-Jan-2025,26-Jan-2025
Delhi (DEL),Srinagar (SXR),6E  2609,12:00,14:45,IXJ,Daily,20-Jan-2025,26-Jan-2025
Delhi (DEL),Delhi (DEL),6E  2609,12:00,17:05,IXJ/SXR,Daily,20-Jan-2025,26-Jan-2025
Delhi (DEL),Srinagar (SXR),6E  2044,12:40,14:15,,Daily,20-Jan-2025,26-Jan-2025
Delhi (DEL),Jammu (IXJ),6E  2044,12:40,15:50,SXR,Daily,20-Jan-2025,26-Jan-2025
Delhi (DEL),Delhi (DEL),6E  2044,12:40,17:50,SXR/IXJ,Daily,20-Jan-2025,26-Jan-2025
Guwahati (GAU),Imphal (IMF),6E  0228,13:05,14:10,,Daily,20-Jan-2025,09-Feb-2025
Mumbai (BOM),Jammu (IXJ),6E  0559,13:25,16:00,,Daily,20-Jan-2025,26-Jan-2025
Mumbai (BOM),Srinagar (SXR),6E  0559,13:25,17:15,IXJ,Daily,20-Jan-2025,26-Jan-2025
Mumbai (BOM),Jodhpur (JDH),6E  5256,13:25,15:05,,Every Mon Tue Wed Thu Fri Sun,20-Jan-2025,26-Jan-2025
Hyderabad (HYD),Srinagar (SXR),6E  6253,13:30,16:25,,Daily,20-Jan-2025,01-Feb-2025
Kolkata (CCU),Chandigarh (IXC),6E  0874,14:05,16:40,,Daily,20-Jan-2025,01-Feb-2025
Kolkata (CCU),Srinagar (SXR),6E  0874,14:05,18:20,IXC,Daily,20-Jan-2025,01-Feb-2025
Jammu (IXJ),Srinagar (SXR),6E  2609,14:05,14:45,,Daily,20-Jan-2025,26-Jan-2025
Jammu (IXJ),Delhi (DEL),6E  2609,14:05,17:05,SXR,Daily,20-Jan-2025,26-Jan-2025
Delhi (DEL),Srinagar (SXR),6E  5106,14:35,16:00,,Daily,20-Jan-2025,01-Feb-2025
Imphal (IMF),Guwahati (GAU),6E  6342,14:45,15:40,,Daily,20-Jan-2025,09-Feb-2025
Imphal (IMF),Mumbai (BOM),6E  6342,14:45,20:45,GAU,Daily,20-Jan-2025,09-Feb-2025
Srinagar (SXR),Jammu (IXJ),6E  2044,14:55,15:50,,Daily,20-Jan-2025,26-Jan-2025
Srinagar (SXR),Delhi (DEL),6E  2044,14:55,17:50,IXJ,Daily,20-Jan-2025,26-Jan-2025
Hyderabad (HYD),Jodhpur (JDH),6E  0297,14:55,17:00,,Every Mon Tue Thu Fri Sun,20-Jan-2025,26-Jan-2025
Kolkata (CCU),Srinagar (SXR),6E  6961,15:00,18:15,,Daily,20-Jan-2025,01-Feb-2025
Delhi (DEL),Srinagar (SXR),6E  5084,15:20,17:00,,Daily,20-Jan-2025,01-Feb-2025
Srinagar (SXR),Delhi (DEL),6E  2609,15:25,17:05,,Daily,20-Jan-2025,26-Jan-2025
Jodhpur (JDH),Mumbai (BOM),6E  5257,15:35,17:25,,Every Mon Tue Wed Thu Fri Sun,20-Jan-2025,26-Jan-2025
Jammu (IXJ),Delhi (DEL),6E  2044,16:30,17:50,,Daily,20-Jan-2025,26-Jan-2025
Srinagar (SXR),Delhi (DEL),6E  5070,16:30,17:55,,Daily,20-Jan-2025,01-Feb-2025
Jammu (IXJ),Srinagar (SXR),6E  0559,16:35,17:15,,Daily,20-Jan-2025,26-Jan-2025
Guwahati (GAU),Mumbai (BOM),6E  6342,17:00,20:45,,Daily,20-Jan-2025,09-Feb-2025
Chandigarh (IXC),Srinagar (SXR),6E  0874,17:10,18:20,,Daily,20-Jan-2025,01-Feb-2025
Srinagar (SXR),Hyderabad (HYD),6E  6255,17:10,20:10,,Daily,20-Jan-2025,01-Feb-2025
Jodhpur (JDH),Hyderabad (HYD),6E  6816,17:30,19:25,,Every Mon Tue Wed Thu Fri Sun,20-Jan-2025,26-Jan-2025
Srinagar (SXR),Delhi (DEL),6E  2197,17:40,19:15,,Daily,20-Jan-2025,01-Feb-2025
Srinagar (SXR),Jammu (IXJ),6E  0431,17:50,18:50,,Daily,20-Jan-2025,26-Jan-2025
Srinagar (SXR),Mumbai (BOM),6E  0431,17:50,22:20,IXJ,Daily,20-Jan-2025,26-Jan-2025
Delhi (DEL),Jammu (IXJ),6E  5050,18:10,19:40,,Daily,20-Jan-2025,26-Jan-2025
Delhi (DEL),Srinagar (SXR),6E  2448,18:30,20:00,,Daily,20-Jan-2025,01-Feb-2025
Srinagar (SXR),Kolkata (CCU),6E  6962,18:55,21:40,,Daily,20-Jan-2025,01-Feb-2025
Srinagar (SXR),Chandigarh (IXC),6E  6041,19:00,19:50,,Daily,20-Jan-2025,01-Feb-2025
Srinagar (SXR),Kolkata (CCU),6E  6041,19:00,22:45,IXC,Daily,20-Jan-2025,01-Feb-2025
Jammu (IXJ),Mumbai (BOM),6E  0431,19:25,22:20,,Daily,20-Jan-2025,26-Jan-2025
Jammu (IXJ),Delhi (DEL),6E  2527,20:15,21:35,,Daily,20-Jan-2025,26-Jan-2025
Chandigarh (IXC),Kolkata (CCU),6E  6041,20:35,22:45,,Daily,20-Jan-2025,01-Feb-2025
Srinagar (SXR),Delhi (DEL),6E  2449,20:40,22:05,,Daily,20-Jan-2025,01-Feb-2025
Bagdogra (IXB),Chennai (MAA),6E  0323,13:35,16:20,,Daily,21-Jan-2025,29-Mar-2025
Mumbai (BOM),Udaipur (UDR),6E  5256,13:25,14:55,,Every Sat,25-Jan-2025,25-Jan-2025
Hyderabad (HYD),Udaipur (UDR),6E  0297,14:55,16:40,,Every Sat,25-Jan-2025,25-Jan-2025
Udaipur (UDR),Mumbai (BOM),6E  5257,15:55,17:25,,Every Sat,25-Jan-2025,25-Jan-2025
Udaipur (UDR),Hyderabad (HYD),6E  6816,17:45,19:25,,Every Sat,25-Jan-2025,25-Jan-2025
Delhi (DEL),Jammu (IXJ),6E  2609,12:00,13:35,,Every Mon Tue Thu Fri Sat,27-Jan-2025,01-Feb-2025
Delhi (DEL),Srinagar (SXR),6E  2609,12:00,14:45,IXJ,Every Mon Tue Thu Fri Sat,27-Jan-2025,01-Feb-2025
Delhi (DEL),Delhi (DEL),6E  2609,12:00,17:05,IXJ/SXR,Every Mon Tue Thu Fri Sat,27-Jan-2025,01-Feb-2025
Delhi (DEL),Srinagar (SXR),6E  2044,12:40,14:15,,Every Mon Tue Thu Fri Sat Sun,27-Jan-2025,09-Feb-2025
Delhi (DEL),Jammu (IXJ),6E  2044,12:40,15:50,SXR,Every Mon Tue Thu Fri Sat Sun,27-Jan-2025,09-Feb-2025
Delhi (DEL),Delhi (DEL),6E  2044,12:40,17:50,SXR/IXJ,Every Mon Tue Thu Fri Sat Sun,27-Jan-2025,09-Feb-2025
Mumbai (BOM),Jodhpur (JDH),6E  5256,13:25,15:05,,Daily,27-Jan-2025,02-Feb-2025
Mumbai (BOM),Jammu (IXJ),6E  0559,13:25,16:00,,Every Mon Tue Thu Fri Sat,27-Jan-2025,01-Feb-2025
Mumbai (BOM),Srinagar (SXR),6E  0559,13:25,17:15,IXJ,Every Mon Tue Thu Fri Sat,27-Jan-2025,01-Feb-2025
Jammu (IXJ),Srinagar (SXR),6E  2609,14:05,14:45,,Every Mon Tue Thu Fri Sat,27-Jan-2025,01-Feb-2025
Jammu (IXJ),Delhi (DEL),6E  2609,14:05,17:05,SXR,Every Mon Tue Thu Fri Sat,27-Jan-2025,01-Feb-2025
Srinagar (SXR),Jammu (IXJ),6E  2044,14:55,15:50,,Every Mon Tue Thu Fri Sat Sun,27-Jan-2025,09-Feb-2025
Srinagar (SXR),Delhi (DEL),6E  2044,14:55,17:50,IXJ,Every Mon Tue Thu Fri Sat Sun,27-Jan-2025,09-Feb-2025
Hyderabad (HYD),Jodhpur (JDH),6E  0297,14:55,17:00,,Every Mon Tue Thu Fri Sat Sun,27-Jan-2025,02-Feb-2025
Srinagar (SXR),Delhi (DEL),6E  2609,15:25,17:05,,Every Mon Tue Thu Fri Sat,27-Jan-2025,01-Feb-2025
Jodhpur (JDH),Mumbai (BOM),6E  5257,15:35,17:25,,Daily,27-Jan-2025,02-Feb-2025
Jammu (IXJ),Delhi (DEL),6E  2044,16:30,17:50,,Every Mon Tue Thu Fri Sat Sun,27-Jan-2025,09-Feb-2025
Jammu (IXJ),Srinagar (SXR),6E  0559,16:35,17:15,,Every Mon Tue Thu Fri Sat,27-Jan-2025,01-Feb-2025
Jodhpur (JDH),Hyderabad (HYD),6E  6816,17:30,19:25,,Daily,27-Jan-2025,02-Feb-2025
Srinagar (SXR),Jammu (IXJ),6E  0431,17:50,18:50,,Every Mon Tue Thu Fri Sat,27-Jan-2025,01-Feb-2025
Srinagar (SXR),Mumbai (BOM),6E  0431,17:50,22:20,IXJ,Every Mon Tue Thu Fri Sat,27-Jan-2025,01-Feb-2025
Delhi (DEL),Jammu (IXJ),6E  5050,18:10,19:40,,Every Mon Tue Thu Fri Sat Sun,27-Jan-2025,09-Feb-2025
Jammu (IXJ),Mumbai (BOM),6E  0431,19:25,22:20,,Every Mon Tue Thu Fri Sat,27-Jan-2025,01-Feb-2025
Jammu (IXJ),Delhi (DEL),6E  2527,20:15,21:35,,Every Mon Tue Thu Fri Sat Sun,27-Jan-2025,09-Feb-2025
Delhi (DEL),Chandigarh (IXC),6E  2609,12:00,12:55,,Every Wed,29-Jan-2025,05-Feb-2025
Delhi (DEL),Srinagar (SXR),6E  2609,12:00,14:45,IXC,Every Wed,29-Jan-2025,05-Feb-2025
Delhi (DEL),Delhi (DEL),6E  2609,12:00,17:05,IXC/SXR,Every Wed,29-Jan-2025,05-Feb-2025
Delhi (DEL),Srinagar (SXR),6E  2044,12:40,14:15,,Every Wed,29-Jan-2025,05-Feb-2025
Delhi (DEL),Chandigarh (IXC),6E  2044,12:40,16:05,SXR,Every Wed,29-Jan-2025,05-Feb-2025
Delhi (DEL),Delhi (DEL),6E  2044,12:40,17:50,SXR/IXC,Every Wed,29-Jan-2025,05-Feb-2025
Mumbai (BOM),Srinagar (SXR),6E  0559,13:25,16:05,,Every Wed,29-Jan-2025,05-Feb-2025
Chandigarh (IXC),Srinagar (SXR),6E  2609,13:40,14:45,,Every Wed,29-Jan-2025,05-Feb-2025
Chandigarh (IXC),Delhi (DEL),6E  2609,13:40,17:05,SXR,Every Wed,29-Jan-2025,05-Feb-2025
Srinagar (SXR),Chandigarh (IXC),6E  2044,14:55,16:05,,Every Wed,29-Jan-2025,05-Feb-2025
Srinagar (SXR),Delhi (DEL),6E  2044,14:55,17:50,IXC,Every Wed,29-Jan-2025,05-Feb-2025
Srinagar (SXR),Delhi (DEL),6E  2609,15:25,17:05,,Every Wed,29-Jan-2025,05-Feb-2025
Srinagar (SXR),Mumbai (BOM),6E  0431,16:45,19:50,,Every Wed,29-Jan-2025,05-Feb-2025
Chandigarh (IXC),Delhi (DEL),6E  2044,16:50,17:50,,Every Wed,29-Jan-2025,05-Feb-2025
Delhi (DEL),Bhopal (BHO),6E  5050,18:10,19:30,,Every Wed,29-Jan-2025,05-Feb-2025
Bhopal (BHO),Delhi (DEL),6E  2527,20:15,21:35,,Every Wed,29-Jan-2025,05-Feb-2025
Delhi (DEL),Guwahati (GAU),6E  2558,07:30,09:45,,Every Fri,31-Jan-2025,31-Jan-2025
Delhi (DEL),Guwahati (GAU),6E  2251,04:50,07:05,,Daily,01-Feb-2025,29-Mar-2025
Delhi (DEL),Imphal (IMF),6E  2251,04:50,08:45,GAU,Daily,01-Feb-2025,29-Mar-2025
Jaipur (JAI),Chandigarh (IXC),6E  7742,05:05,06:25,,Every Tue Thu Sat,01-Feb-2025,29-Mar-2025
Kolkata (CCU),Guwahati (GAU),6E  0271,05:45,07:00,,Daily,01-Feb-2025,29-Mar-2025
Indore (IDR),Lucknow (LKO),6E  7127,06:00,07:50,,Daily,01-Feb-2025,29-Mar-2025
Indore (IDR),Jaipur (JAI),6E  7274,06:20,07:40,,Daily,01-Feb-2025,29-Mar-2025
Indore (IDR),Dehradun (DED),6E  7274,06:20,09:20,JAI,Daily,01-Feb-2025,29-Mar-2025
Chandigarh (IXC),Jaipur (JAI),6E  7743,06:45,08:20,,Every Tue Thu Sat,01-Feb-2025,29-Mar-2025
Kolkata (CCU),Bhubaneshwar (BBI),6E  7623,07:15,08:40,,Daily,01-Feb-2025,29-Mar-2025
Delhi (DEL),Jammu (IXJ),6E  2180,07:20,08:45,,Daily,01-Feb-2025,29-Mar-2025
Chandigarh (IXC),Patna (PAT),6E  6394,07:30,09:10,,Daily,01-Feb-2025,29-Mar-2025
Chandigarh (IXC),Bhubaneshwar (BBI),6E  6394,07:30,11:10,PAT,Daily,01-Feb-2025,29-Mar-2025
Guwahati (GAU),Kolkata (CCU),6E  0201,07:30,08:55,,Every Tue Thu Sat,01-Feb-2025,29-Mar-2025
Guwahati (GAU),Amritsar (ATQ),6E  0201,07:30,12:25,CCU,Every Tue Thu Sat,01-Feb-2025,29-Mar-2025
Guwahati (GAU),Imphal (IMF),6E  2251,07:40,08:45,,Daily,01-Feb-2025,29-Mar-2025
Jaipur (JAI),Dehradun (DED),6E  7274,08:00,09:20,,Daily,01-Feb-2025,29-Mar-2025
Kolkata (CCU),Patna (PAT),6E  0713,08:10,09:20,,Daily,01-Feb-2025,29-Mar-2025
Lucknow (LKO),Indore (IDR),6E  7439,08:15,10:20,,Daily,01-Feb-2025,29-Mar-2025
Lucknow (LKO),Shirdi (SAG),6E  7439,08:15,12:00,IDR,Daily,01-Feb-2025,29-Mar-2025
Lucknow (LKO),Vijayawada (VGA),6E  7439,08:15,14:25,IDR/SAG,Daily,01-Feb-2025,29-Mar-2025
Lucknow (LKO),Tirupati (TIR),6E  7439,08:15,16:00,,Daily,01-Feb-2025,29-Mar-2025
Bhubaneshwar (BBI),Prayagraj (IXD),6E  7265,09:00,11:00,,Every Tue Thu Sat,01-Feb-2025,29-Mar-2025
Imphal (IMF),Guwahati (GAU),6E  5203,09:20,10:15,,Daily,01-Feb-2025,29-Mar-2025
Imphal (IMF),Delhi (DEL),6E  5203,09:20,13:40,GAU,Daily,01-Feb-2025,29-Mar-2025
Jammu (IXJ),Delhi (DEL),6E  2181,09:20,10:50,,Daily,01-Feb-2025,29-Mar-2025
Kolkata (CCU),Amritsar (ATQ),6E  0201,09:35,12:25,,Every Tue Thu Sat,01-Feb-2025,29-Mar-2025
Dehradun (DED),Jaipur (JAI),6E  7275,09:40,11:00,,Daily,01-Feb-2025,29-Mar-2025
Patna (PAT),Bhubaneshwar (BBI),6E  6394,09:45,11:10,,Daily,01-Feb-2025,29-Mar-2025
Patna (PAT),Kolkata (CCU),6E  0663,09:55,11:05,,Daily,01-Feb-2025,29-Mar-2025
Indore (IDR),Shirdi (SAG),6E  7439,10:40,12:00,,Daily,01-Feb-2025,29-Mar-2025
Indore (IDR),Vijayawada (VGA),6E  7439,10:40,14:25,SAG,Daily,01-Feb-2025,29-Mar-2025
Indore (IDR),Tirupati (TIR),6E  7439,10:40,16:00,SAG/VGA,Daily,01-Feb-2025,29-Mar-2025
Guwahati (GAU),Delhi (DEL),6E  5203,10:45,13:40,,Daily,01-Feb-2025,29-Mar-2025
Jaipur (JAI),Indore (IDR),6E  7154,11:20,12:50,,Every Tue Thu Sat,01-Feb-2025,29-Mar-2025
Jaipur (JAI),Nasik(ISK),6E  7154,11:20,14:20,IDR,Every Tue Thu Sat,01-Feb-2025,29-Mar-2025
Prayagraj (IXD),Bhubaneshwar (BBI),6E  7266,11:35,13:25,,Every Tue Thu Sat,01-Feb-2025,29-Mar-2025
Bhubaneshwar (BBI),Patna (PAT),6E  6485,11:55,13:15,,Daily,01-Feb-2025,29-Mar-2025
Bhubaneshwar (BBI),Chandigarh (IXC),6E  6485,11:55,15:50,PAT,Daily,01-Feb-2025,29-Mar-2025
Shirdi (SAG),Vijayawada (VGA),6E  7439,12:20,14:25,,Daily,01-Feb-2025,29-Mar-2025
Shirdi (SAG),Tirupati (TIR),6E  7439,12:20,16:00,VGA,Daily,01-Feb-2025,29-Mar-2025
Indore (IDR),Nasik(ISK),6E  7154,13:10,14:20,,Every Tue Thu Sat,01-Feb-2025,29-Mar-2025
Patna (PAT),Chandigarh (IXC),6E  6485,13:55,15:50,,Daily,01-Feb-2025,29-Mar-2025
Goa (GOI),Aurangabad (IXU),6E  7467,14:05,16:05,,Every Tue Thu Sat,01-Feb-2025,29-Mar-2025
Goa (GOI),Nagpur (NAG),6E  7467,14:05,18:05,IXU,Every Tue Thu Sat,01-Feb-2025,29-Mar-2025
Goa (GOI),Lucknow (LKO),6E  7467,14:05,20:20,IXU/NAG,Every Tue Thu Sat,01-Feb-2025,29-Mar-2025
Nasik(ISK),Indore (IDR),6E  7109,14:40,15:50,,Every Tue Thu Sat,01-Feb-2025,29-Mar-2025
Nasik(ISK),Jaipur (JAI),6E  7109,14:40,17:30,IDR,Every Tue Thu Sat,01-Feb-2025,29-Mar-2025
Vijayawada (VGA),Tirupati (TIR),6E  7439,14:45,16:00,,Daily,01-Feb-2025,29-Mar-2025
Indore (IDR),Jaipur (JAI),6E  7109,16:10,17:30,,Every Tue Thu Sat,01-Feb-2025,29-Mar-2025
Aurangabad (IXU),Nagpur (NAG),6E  7467,16:35,18:05,,Every Tue Thu Sat,01-Feb-2025,29-Mar-2025
Aurangabad (IXU),Lucknow (LKO),6E  7467,16:35,20:20,NAG,Every Tue Thu Sat,01-Feb-2025,29-Mar-2025
Jaipur (JAI),Dehradun (DED),6E  7468,17:50,19:10,,Daily,01-Feb-2025,29-Mar-2025
Nagpur (NAG),Lucknow (LKO),6E  7467,18:25,20:20,,Every Tue Thu Sat,01-Feb-2025,29-Mar-2025
Lucknow (LKO),Jaipur (JAI),6E  7321,21:05,22:50,,Daily,01-Feb-2025,29-Mar-2025
Pune (PNQ),Chennai (MAA),6E  0238,22:55,00:40,,Daily,01-Feb-2025,29-Mar-2025
Pune (PNQ),Delhi (DEL),6E  2278,23:00,01:15,,Daily,01-Feb-2025,29-Mar-2025
Jaipur (JAI),Lucknow (LKO),6E  7319,05:30,07:05,,Daily,02-Feb-2025,29-Mar-2025
Kolkata (CCU),Agartala (IXA),6E  7418,06:55,08:00,,Daily,02-Feb-2025,29-Mar-2025
Lucknow (LKO),Nagpur (NAG),6E  7462,07:25,09:25,,Every Mon Wed Fri Sun,02-Feb-2025,28-Mar-2025
Lucknow (LKO),Nasik(ISK),6E  7462,07:25,11:25,NAG,Every Mon Wed Fri Sun,02-Feb-2025,28-Mar-2025
Lucknow (LKO),Goa (GOI),6E  7462,07:25,13:40,NAG/ISK,Every Mon Wed Fri Sun,02-Feb-2025,28-Mar-2025
Guwahati (GAU),Kolkata (CCU),6E  0201,07:30,08:55,,Every Mon Wed Fri Sun,02-Feb-2025,28-Mar-2025
Guwahati (GAU),Dehradun (DED),6E  0201,07:30,12:10,CCU,Every Mon Wed Fri Sun,02-Feb-2025,28-Mar-2025
Agartala (IXA),Kolkata (CCU),6E  7419,08:25,09:40,,Daily,02-Feb-2025,29-Mar-2025
Bhubaneshwar (BBI),Varanasi (VNS),6E  7035,09:00,10:55,,Every Mon Wed Fri Sun,02-Feb-2025,28-Mar-2025
Kolkata (CCU),Dehradun (DED),6E  0201,09:35,12:10,,Every Mon Wed Fri Sun,02-Feb-2025,28-Mar-2025
Nagpur (NAG),Nasik(ISK),6E  7462,09:45,11:25,,Every Mon Wed Fri Sun,02-Feb-2025,28-Mar-2025
Nagpur (NAG),Goa (GOI),6E  7462,09:45,13:40,ISK,Every Mon Wed Fri Sun,02-Feb-2025,28-Mar-2025
Jaipur (JAI),Indore (IDR),6E  7154,11:20,12:50,,Every Mon Wed Fri Sun,02-Feb-2025,28-Mar-2025
Varanasi (VNS),Bhubaneshwar (BBI),6E  7036,11:35,13:25,,Every Mon Wed Fri Sun,02-Feb-2025,28-Mar-2025
Nasik(ISK),Goa (GOI),6E  7462,11:45,13:40,,Every Mon Wed Fri Sun,02-Feb-2025,28-Mar-2025
Delhi (DEL),Jammu (IXJ),6E  2609,12:00,13:35,,Every Sun,02-Feb-2025,02-Feb-2025
Indore (IDR),Udaipur (UDR),6E  7424,13:10,14:10,,Every Mon Wed Fri Sun,02-Feb-2025,28-Mar-2025
Mumbai (BOM),Jammu (IXJ),6E  0559,13:25,16:00,,Every Sun,02-Feb-2025,02-Feb-2025
Hyderabad (HYD),Jammu (IXJ),6E  6253,13:30,16:15,,Every Sun,02-Feb-2025,02-Feb-2025
Goa (GOI),Nasik(ISK),6E  7467,14:05,15:50,,Every Mon Wed Fri Sun,02-Feb-2025,28-Mar-2025
Goa (GOI),Nagpur (NAG),6E  7467,14:05,18:05,ISK,Every Mon Wed Fri Sun,02-Feb-2025,28-Mar-2025
Goa (GOI),Lucknow (LKO),6E  7467,14:05,20:20,ISK/NAG,Every Mon Wed Fri Sun,02-Feb-2025,28-Mar-2025
Kolkata (CCU),Chandigarh (IXC),6E  0874,14:05,16:40,,Every Sun,02-Feb-2025,02-Feb-2025
Udaipur (UDR),Indore (IDR),6E  7438,14:30,15:35,,Every Mon Wed Fri Sun,02-Feb-2025,28-Mar-2025
Delhi (DEL),Amritsar (ATQ),6E  5106,14:35,15:35,,Every Sun,02-Feb-2025,02-Feb-2025
Jammu (IXJ),Delhi (DEL),6E  2247,14:35,15:55,,Every Sun,02-Feb-2025,02-Feb-2025
Delhi (DEL),Ahmedabad (AMD),6E  5084,15:10,17:00,,Every Sun,02-Feb-2025,02-Feb-2025
Indore (IDR),Jaipur (JAI),6E  7109,15:55,17:30,,Every Mon Wed Fri Sun,02-Feb-2025,28-Mar-2025
Amritsar (ATQ),Delhi (DEL),6E  5070,16:25,17:40,,Every Sun,02-Feb-2025,02-Feb-2025
Nasik(ISK),Nagpur (NAG),6E  7467,16:35,18:05,,Every Mon Wed Fri Sun,02-Feb-2025,28-Mar-2025
Nasik(ISK),Lucknow (LKO),6E  7467,16:35,20:20,NAG,Every Mon Wed Fri Sun,02-Feb-2025,28-Mar-2025
Jammu (IXJ),Mumbai (BOM),6E  0431,16:45,19:50,,Every Sun,02-Feb-2025,02-Feb-2025
Jammu (IXJ),Hyderabad (HYD),6E  6255,17:05,20:05,,Every Sun,02-Feb-2025,02-Feb-2025
Chandigarh (IXC),Kolkata (CCU),6E  6041,17:20,19:30,,Every Sun,02-Feb-2025,02-Feb-2025
Ahmedabad (AMD),Delhi (DEL),6E  2197,17:40,19:15,,Every Sun,02-Feb-2025,02-Feb-2025
Nagpur (NAG),Lucknow (LKO),6E  7467,18:25,20:20,,Every Mon Wed Fri Sun,02-Feb-2025,28-Mar-2025
Delhi (DEL),Bhopal (BHO),6E  2448,18:30,19:50,,Every Sun,02-Feb-2025,02-Feb-2025
Bhopal (BHO),Delhi (DEL),6E  2449,20:30,22:05,,Every Sun,02-Feb-2025,02-Feb-2025
Delhi (DEL),Jammu (IXJ),6E  2609,12:00,13:35,,Every Mon Tue Thu Fri Sat Sun,03-Feb-2025,09-Feb-2025
Delhi (DEL),Srinagar (SXR),6E  2609,12:00,14:45,IXJ,Every Mon Tue Thu Fri Sat Sun,03-Feb-2025,09-Feb-2025
Delhi (DEL),Delhi (DEL),6E  2609,12:00,17:05,IXJ/SXR,Every Mon Tue Thu Fri Sat Sun,03-Feb-2025,09-Feb-2025
Mumbai (BOM),Jammu (IXJ),6E  0559,13:25,16:00,,Every Mon Tue Thu Fri Sat Sun,03-Feb-2025,09-Feb-2025
Mumbai (BOM),Srinagar (SXR),6E  0559,13:25,17:15,IXJ,Every Mon Tue Thu Fri Sat Sun,03-Feb-2025,09-Feb-2025
Mumbai (BOM),Jodhpur (JDH),6E  5256,13:25,15:05,,Every Mon Tue Wed Thu Fri Sun,03-Feb-2025,09-Feb-2025
Hyderabad (HYD),Srinagar (SXR),6E  6253,13:30,16:25,,Daily,03-Feb-2025,15-Feb-2025
Kolkata (CCU),Chandigarh (IXC),6E  0874,14:05,16:40,,Daily,03-Feb-2025,15-Feb-2025
Kolkata (CCU),Srinagar (SXR),6E  0874,14:05,18:20,IXC,Daily,03-Feb-2025,15-Feb-2025
Jammu (IXJ),Srinagar (SXR),6E  2609,14:05,14:45,,Every Mon Tue Thu Fri Sat Sun,03-Feb-2025,09-Feb-2025
Jammu (IXJ),Delhi (DEL),6E  2609,14:05,17:05,SXR,Every Mon Tue Thu Fri Sat Sun,03-Feb-2025,09-Feb-2025
Delhi (DEL),Srinagar (SXR),6E  5106,14:35,16:00,,Daily,03-Feb-2025,15-Feb-2025
Hyderabad (HYD),Jodhpur (JDH),6E  0297,14:55,17:00,,Every Mon Tue Thu Fri Sun,03-Feb-2025,09-Feb-2025
Kolkata (CCU),Srinagar (SXR),6E  6961,15:00,18:15,,Daily,03-Feb-2025,15-Feb-2025
Delhi (DEL),Srinagar (SXR),6E  5084,15:20,17:00,,Daily,03-Feb-2025,15-Feb-2025
Srinagar (SXR),Delhi (DEL),6E  2609,15:25,17:05,,Every Mon Tue Thu Fri Sat Sun,03-Feb-2025,09-Feb-2025
Jodhpur (JDH),Mumbai (BOM),6E  5257,15:35,17:25,,Every Mon Tue Wed Thu Fri Sun,03-Feb-2025,09-Feb-2025
Srinagar (SXR),Delhi (DEL),6E  5070,16:30,17:55,,Daily,03-Feb-2025,15-Feb-2025
Jammu (IXJ),Srinagar (SXR),6E  0559,16:35,17:15,,Every Mon Tue Thu Fri Sat Sun,03-Feb-2025,09-Feb-2025
Chandigarh (IXC),Srinagar (SXR),6E  0874,17:10,18:20,,Daily,03-Feb-2025,15-Feb-2025
Srinagar (SXR),Hyderabad (HYD),6E  6255,17:10,20:10,,Daily,03-Feb-2025,15-Feb-2025
Jodhpur (JDH),Hyderabad (HYD),6E  6816,17:30,19:25,,Every Mon Tue Wed Thu Fri Sun,03-Feb-2025,09-Feb-2025
Srinagar (SXR),Delhi (DEL),6E  2197,17:40,19:15,,Daily,03-Feb-2025,15-Feb-2025
Srinagar (SXR),Jammu (IXJ),6E  0431,17:50,18:50,,Every Mon Tue Thu Fri Sat Sun,03-Feb-2025,09-Feb-2025
Srinagar (SXR),Mumbai (BOM),6E  0431,17:50,22:20,IXJ,Every Mon Tue Thu Fri Sat Sun,03-Feb-2025,09-Feb-2025
Delhi (DEL),Srinagar (SXR),6E  2448,18:30,20:00,,Daily,03-Feb-2025,15-Feb-2025
Srinagar (SXR),Kolkata (CCU),6E  6962,18:55,21:40,,Daily,03-Feb-2025,15-Feb-2025
Srinagar (SXR),Chandigarh (IXC),6E  6041,19:00,19:50,,Daily,03-Feb-2025,15-Feb-2025
Srinagar (SXR),Kolkata (CCU),6E  6041,19:00,22:45,IXC,Daily,03-Feb-2025,15-Feb-2025
Jammu (IXJ),Mumbai (BOM),6E  0431,19:25,22:20,,Every Mon Tue Thu Fri Sat Sun,03-Feb-2025,09-Feb-2025
Chandigarh (IXC),Kolkata (CCU),6E  6041,20:35,22:45,,Daily,03-Feb-2025,15-Feb-2025
Srinagar (SXR),Delhi (DEL),6E  2449,20:40,22:05,,Daily,03-Feb-2025,15-Feb-2025
Lucknow (LKO),Nagpur (NAG),6E  7462,07:25,09:25,,Every Tue Thu Sat,04-Feb-2025,29-Mar-2025
Lucknow (LKO),Aurangabad (IXU),6E  7462,07:25,11:05,NAG,Every Tue Thu Sat,04-Feb-2025,29-Mar-2025
Lucknow (LKO),Goa (GOI),6E  7462,07:25,13:40,NAG/IXU,Every Tue Thu Sat,04-Feb-2025,29-Mar-2025
Nagpur (NAG),Aurangabad (IXU),6E  7462,09:45,11:05,,Every Tue Thu Sat,04-Feb-2025,29-Mar-2025
Nagpur (NAG),Goa (GOI),6E  7462,09:45,13:40,IXU,Every Tue Thu Sat,04-Feb-2025,29-Mar-2025
Aurangabad (IXU),Goa (GOI),6E  7462,11:40,13:40,,Every Tue Thu Sat,04-Feb-2025,29-Mar-2025
Mumbai (BOM),Udaipur (UDR),6E  5256,13:25,14:55,,Every Sat,08-Feb-2025,08-Feb-2025
Hyderabad (HYD),Udaipur (UDR),6E  0297,14:55,16:40,,Every Sat,08-Feb-2025,08-Feb-2025
Udaipur (UDR),Mumbai (BOM),6E  5257,15:55,17:25,,Every Sat,08-Feb-2025,08-Feb-2025
Udaipur (UDR),Hyderabad (HYD),6E  6816,17:45,19:25,,Every Sat,08-Feb-2025,08-Feb-2025
Mumbai (BOM),Guwahati (GAU),6E  0228,08:40,11:30,,Every Mon Wed Thu Fri Sat Sun,10-Feb-2025,16-Feb-2025
Mumbai (BOM),Imphal (IMF),6E  0228,08:40,14:10,GAU,Every Mon Wed Thu Fri Sat Sun,10-Feb-2025,16-Feb-2025
Delhi (DEL),Jammu (IXJ),6E  2609,12:00,13:35,,Every Mon Tue Wed Thu Fri Sat,10-Feb-2025,15-Feb-2025
Delhi (DEL),Srinagar (SXR),6E  2609,12:00,14:45,IXJ,Every Mon Tue Wed Thu Fri Sat,10-Feb-2025,15-Feb-2025
Delhi (DEL),Delhi (DEL),6E  2609,12:00,17:05,IXJ/SXR,Every Mon Tue Wed Thu Fri Sat,10-Feb-2025,15-Feb-2025
Delhi (DEL),Srinagar (SXR),6E  2044,12:40,14:15,,Daily,10-Feb-2025,16-Feb-2025
Delhi (DEL),Jammu (IXJ),6E  2044,12:40,15:50,SXR,Daily,10-Feb-2025,16-Feb-2025
Delhi (DEL),Delhi (DEL),6E  2044,12:40,17:50,SXR/IXJ,Daily,10-Feb-2025,16-Feb-2025
Guwahati (GAU),Imphal (IMF),6E  0228,13:05,14:10,,Every Mon Wed Thu Fri Sat Sun,10-Feb-2025,16-Feb-2025
Mumbai (BOM),Jodhpur (JDH),6E  5256,13:25,15:05,,Daily,10-Feb-2025,16-Feb-2025
Mumbai (BOM),Jammu (IXJ),6E  0559,13:25,16:00,,Every Mon Tue Wed Thu Fri Sat,10-Feb-2025,15-Feb-2025
Mumbai (BOM),Srinagar (SXR),6E  0559,13:25,17:15,IXJ,Every Mon Tue Wed Thu Fri Sat,10-Feb-2025,15-Feb-2025
Jammu (IXJ),Srinagar (SXR),6E  2609,14:05,14:45,,Every Mon Tue Wed Thu Fri Sat,10-Feb-2025,15-Feb-2025
Jammu (IXJ),Delhi (DEL),6E  2609,14:05,17:05,SXR,Every Mon Tue Wed Thu Fri Sat,10-Feb-2025,15-Feb-2025
Imphal (IMF),Guwahati (GAU),6E  6342,14:45,15:40,,Every Mon Wed Thu Fri Sat Sun,10-Feb-2025,16-Feb-2025
Imphal (IMF),Mumbai (BOM),6E  6342,14:45,20:45,GAU,Every Mon Wed Thu Fri Sat Sun,10-Feb-2025,16-Feb-2025
Srinagar (SXR),Jammu (IXJ),6E  2044,14:55,15:50,,Daily,10-Feb-2025,16-Feb-2025
Srinagar (SXR),Delhi (DEL),6E  2044,14:55,17:50,IXJ,Daily,10-Feb-2025,16-Feb-2025
Hyderabad (HYD),Jodhpur (JDH),6E  0297,14:55,17:00,,Every Mon Tue Thu Fri Sat Sun,10-Feb-2025,16-Feb-2025
Srinagar (SXR),Delhi (DEL),6E  2609,15:25,17:05,,Every Mon Tue Wed Thu Fri Sat,10-Feb-2025,15-Feb-2025
Jodhpur (JDH),Mumbai (BOM),6E  5257,15:35,17:25,,Daily,10-Feb-2025,16-Feb-2025
Jammu (IXJ),Delhi (DEL),6E  2044,16:30,17:50,,Daily,10-Feb-2025,16-Feb-2025
Jammu (IXJ),Srinagar (SXR),6E  0559,16:35,17:15,,Every Mon Tue Wed Thu Fri Sat,10-Feb-2025,15-Feb-2025
Guwahati (GAU),Mumbai (BOM),6E  6342,17:00,20:45,,Every Mon Wed Thu Fri Sat Sun,10-Feb-2025,16-Feb-2025
Jodhpur (JDH),Hyderabad (HYD),6E  6816,17:30,19:25,,Daily,10-Feb-2025,16-Feb-2025
Srinagar (SXR),Jammu (IXJ),6E  0431,17:50,18:50,,Every Mon Tue Wed Thu Fri Sat,10-Feb-2025,15-Feb-2025
Srinagar (SXR),Mumbai (BOM),6E  0431,17:50,22:20,IXJ,Every Mon Tue Wed Thu Fri Sat,10-Feb-2025,15-Feb-2025
Delhi (DEL),Jammu (IXJ),6E  5050,18:10,19:40,,Daily,10-Feb-2025,16-Feb-2025
Jammu (IXJ),Mumbai (BOM),6E  0431,19:25,22:20,,Every Mon Tue Wed Thu Fri Sat,10-Feb-2025,15-Feb-2025
Jammu (IXJ),Delhi (DEL),6E  2527,20:15,21:35,,Daily,10-Feb-2025,16-Feb-2025
Mumbai (BOM),Guwahati (GAU),6E  0228,08:40,11:30,,Every Tue,11-Feb-2025,11-Feb-2025
Guwahati (GAU),Mumbai (BOM),6E  6342,17:00,20:45,,Every Tue,11-Feb-2025,11-Feb-2025
Lucknow (LKO),Ahmedabad (AMD),6E  0279,13:40,15:55,,Daily,15-Feb-2025,29-Mar-2025
Delhi (DEL),Jaipur (JAI),6E  2204,16:00,16:55,,Daily,15-Feb-2025,29-Mar-2025
Delhi (DEL),Patna (PAT),6E  2214,16:10,17:45,,Daily,15-Feb-2025,29-Mar-2025
Jaipur (JAI),Delhi (DEL),6E  2176,17:25,18:30,,Daily,15-Feb-2025,29-Mar-2025
Patna (PAT),Delhi (DEL),6E  2185,18:20,20:10,,Daily,15-Feb-2025,29-Mar-2025
Delhi (DEL),Kozhikode (CCJ),6E  2145,19:15,22:15,,Daily,15-Feb-2025,29-Mar-2025
Delhi (DEL),Nagpur (NAG),6E  2601,21:05,22:50,,Daily,15-Feb-2025,29-Mar-2025
Kozhikode (CCJ),Delhi (DEL),6E  2773,22:45,01:55,,Daily,15-Feb-2025,29-Mar-2025
Nagpur (NAG),Delhi (DEL),6E  5209,23:20,01:05,,Daily,15-Feb-2025,29-Mar-2025
Mumbai (BOM),Varanasi (VNS),6E  0371,04:25,06:30,,Daily,16-Feb-2025,29-Mar-2025
Bengaluru (BLR),Patna (PAT),6E  6243,05:20,07:50,,Daily,16-Feb-2025,29-Mar-2025
Kolkata (CCU),Patna (PAT),6E  7085,05:30,07:10,,Daily,16-Feb-2025,29-Mar-2025
Delhi (DEL),Patna (PAT),6E  2103,06:15,07:55,,Daily,16-Feb-2025,29-Mar-2025
Varanasi (VNS),Mumbai (BOM),6E  0372,07:00,09:30,,Daily,16-Feb-2025,29-Mar-2025
Patna (PAT),Kolkata (CCU),6E  7086,07:35,09:05,,Daily,16-Feb-2025,29-Mar-2025
Patna (PAT),Bengaluru (BLR),6E  0247,08:20,11:05,,Daily,16-Feb-2025,29-Mar-2025
Patna (PAT),Delhi (DEL),6E  2163,08:30,10:20,,Daily,16-Feb-2025,29-Mar-2025
Delhi (DEL),Jammu (IXJ),6E  2609,12:00,13:35,,Every Sun,16-Feb-2025,16-Feb-2025
Mumbai (BOM),Jammu (IXJ),6E  0559,13:25,16:00,,Every Sun,16-Feb-2025,16-Feb-2025
Hyderabad (HYD),Jammu (IXJ),6E  6253,13:30,16:15,,Every Sun,16-Feb-2025,16-Feb-2025
Kolkata (CCU),Chandigarh (IXC),6E  0874,14:05,16:40,,Every Sun,16-Feb-2025,16-Feb-2025
Delhi (DEL),Amritsar (ATQ),6E  5106,14:35,15:35,,Every Sun,16-Feb-2025,16-Feb-2025
Jammu (IXJ),Delhi (DEL),6E  2247,14:35,15:55,,Every Sun,16-Feb-2025,16-Feb-2025
Delhi (DEL),Ahmedabad (AMD),6E  5084,15:10,17:00,,Every Sun,16-Feb-2025,16-Feb-2025
Amritsar (ATQ),Delhi (DEL),6E  5070,16:25,17:40,,Every Sun,16-Feb-2025,16-Feb-2025
Jammu (IXJ),Mumbai (BOM),6E  0431,16:45,19:50,,Every Sun,16-Feb-2025,16-Feb-2025
Jammu (IXJ),Hyderabad (HYD),6E  6255,17:05,20:05,,Every Sun,16-Feb-2025,16-Feb-2025
Chandigarh (IXC),Kolkata (CCU),6E  6041,17:20,19:30,,Every Sun,16-Feb-2025,16-Feb-2025
Ahmedabad (AMD),Delhi (DEL),6E  2197,17:40,19:15,,Every Sun,16-Feb-2025,16-Feb-2025
Delhi (DEL),Bhopal (BHO),6E  2448,18:30,19:50,,Every Sun,16-Feb-2025,16-Feb-2025
Bengaluru (BLR),Varanasi (VNS),6E  0185,19:55,22:15,,Daily,16-Feb-2025,29-Mar-2025
Bengaluru (BLR),Patna (PAT),6E  6256,20:15,22:45,,Daily,16-Feb-2025,29-Mar-2025
Bhopal (BHO),Delhi (DEL),6E  2449,20:30,22:05,,Every Sun,16-Feb-2025,16-Feb-2025
Delhi (DEL),Varanasi (VNS),6E  6258,20:35,22:00,,Daily,16-Feb-2025,29-Mar-2025
Varanasi (VNS),Delhi (DEL),6E  5229,22:35,00:05,,Daily,16-Feb-2025,29-Mar-2025
Varanasi (VNS),Bengaluru (BLR),6E  0184,23:00,01:30,,Daily,16-Feb-2025,29-Mar-2025
Patna (PAT),Bengaluru (BLR),6E  6257,23:25,02:00,,Daily,16-Feb-2025,29-Mar-2025
Pune (PNQ),Varanasi (VNS),6E  0672,00:20,02:20,,Daily,17-Feb-2025,29-Mar-2025
Varanasi (VNS),Pune (PNQ),6E  6884,02:55,05:05,,Daily,17-Feb-2025,29-Mar-2025
Delhi (DEL),Varanasi (VNS),6E  2211,04:45,06:10,,Daily,17-Feb-2025,29-Mar-2025
Varanasi (VNS),Delhi (DEL),6E  2015,06:40,08:10,,Daily,17-Feb-2025,29-Mar-2025
Mumbai (BOM),Guwahati (GAU),6E  0228,08:40,11:30,,Daily,17-Feb-2025,09-Mar-2025
Mumbai (BOM),Imphal (IMF),6E  0228,08:40,14:10,GAU,Daily,17-Feb-2025,09-Mar-2025
Delhi (DEL),Jammu (IXJ),6E  2609,12:00,13:35,,Every Mon Tue Thu Fri Sat Sun,17-Feb-2025,23-Feb-2025
Delhi (DEL),Srinagar (SXR),6E  2609,12:00,14:45,IXJ,Every Mon Tue Thu Fri Sat Sun,17-Feb-2025,23-Feb-2025
Delhi (DEL),Delhi (DEL),6E  2609,12:00,17:05,IXJ/SXR,Every Mon Tue Thu Fri Sat Sun,17-Feb-2025,23-Feb-2025
Delhi (DEL),Srinagar (SXR),6E  2044,12:40,14:15,,Every Mon Tue Thu Fri Sat Sun,17-Feb-2025,23-Feb-2025
Delhi (DEL),Jammu (IXJ),6E  2044,12:40,15:50,SXR,Every Mon Tue Thu Fri Sat Sun,17-Feb-2025,23-Feb-2025
Delhi (DEL),Delhi (DEL),6E  2044,12:40,17:50,SXR/IXJ,Every Mon Tue Thu Fri Sat Sun,17-Feb-2025,23-Feb-2025
Guwahati (GAU),Imphal (IMF),6E  0228,13:05,14:10,,Daily,17-Feb-2025,09-Mar-2025
Mumbai (BOM),Jammu (IXJ),6E  0559,13:25,16:00,,Every Mon Tue Thu Fri Sat Sun,17-Feb-2025,23-Feb-2025
Mumbai (BOM),Srinagar (SXR),6E  0559,13:25,17:15,IXJ,Every Mon Tue Thu Fri Sat Sun,17-Feb-2025,23-Feb-2025
Mumbai (BOM),Jodhpur (JDH),6E  5256,13:25,15:05,,Every Mon Tue Wed Thu Fri Sun,17-Feb-2025,23-Feb-2025
Hyderabad (HYD),Srinagar (SXR),6E  6253,13:30,16:25,,Daily,17-Feb-2025,01-Mar-2025
Kolkata (CCU),Chandigarh (IXC),6E  0874,14:05,16:40,,Daily,17-Feb-2025,01-Mar-2025
Kolkata (CCU),Srinagar (SXR),6E  0874,14:05,18:20,IXC,Daily,17-Feb-2025,01-Mar-2025
Jammu (IXJ),Srinagar (SXR),6E  2609,14:05,14:45,,Every Mon Tue Thu Fri Sat Sun,17-Feb-2025,23-Feb-2025
Jammu (IXJ),Delhi (DEL),6E  2609,14:05,17:05,SXR,Every Mon Tue Thu Fri Sat Sun,17-Feb-2025,23-Feb-2025
Delhi (DEL),Srinagar (SXR),6E  5106,14:35,16:00,,Daily,17-Feb-2025,01-Mar-2025
Imphal (IMF),Guwahati (GAU),6E  6342,14:45,15:40,,Daily,17-Feb-2025,09-Mar-2025
Imphal (IMF),Mumbai (BOM),6E  6342,14:45,20:45,GAU,Daily,17-Feb-2025,09-Mar-2025
Srinagar (SXR),Jammu (IXJ),6E  2044,14:55,15:50,,Every Mon Tue Thu Fri Sat Sun,17-Feb-2025,23-Feb-2025
Srinagar (SXR),Delhi (DEL),6E  2044,14:55,17:50,IXJ,Every Mon Tue Thu Fri Sat Sun,17-Feb-2025,23-Feb-2025
Hyderabad (HYD),Jodhpur (JDH),6E  0297,14:55,17:00,,Every Mon Tue Thu Fri Sun,17-Feb-2025,23-Feb-2025
Kolkata (CCU),Srinagar (SXR),6E  6961,15:00,18:15,,Daily,17-Feb-2025,01-Mar-2025
Delhi (DEL),Srinagar (SXR),6E  5084,15:20,17:00,,Daily,17-Feb-2025,01-Mar-2025
Srinagar (SXR),Delhi (DEL),6E  2609,15:25,17:05,,Every Mon Tue Thu Fri Sat Sun,17-Feb-2025,23-Feb-2025
Jodhpur (JDH),Mumbai (BOM),6E  5257,15:35,17:25,,Every Mon Tue Wed Thu Fri Sun,17-Feb-2025,23-Feb-2025
Srinagar (SXR),Delhi (DEL),6E  5070,16:30,17:55,,Daily,17-Feb-2025,01-Mar-2025
Jammu (IXJ),Delhi (DEL),6E  2044,16:30,17:50,,Every Mon Tue Thu Fri Sat Sun,17-Feb-2025,23-Feb-2025
Jammu (IXJ),Srinagar (SXR),6E  0559,16:35,17:15,,Every Mon Tue Thu Fri Sat Sun,17-Feb-2025,23-Feb-2025
Guwahati (GAU),Mumbai (BOM),6E  6342,17:00,20:45,,Daily,17-Feb-2025,09-Mar-2025
Chandigarh (IXC),Srinagar (SXR),6E  0874,17:10,18:20,,Daily,17-Feb-2025,01-Mar-2025
Srinagar (SXR),Hyderabad (HYD),6E  6255,17:10,20:10,,Daily,17-Feb-2025,01-Mar-2025
Jodhpur (JDH),Hyderabad (HYD),6E  6816,17:30,19:25,,Every Mon Tue Wed Thu Fri Sun,17-Feb-2025,23-Feb-2025
Srinagar (SXR),Delhi (DEL),6E  2197,17:40,19:15,,Daily,17-Feb-2025,01-Mar-2025
Srinagar (SXR),Jammu (IXJ),6E  0431,17:50,18:50,,Every Mon Tue Thu Fri Sat Sun,17-Feb-2025,23-Feb-2025
Srinagar (SXR),Mumbai (BOM),6E  0431,17:50,22:20,IXJ,Every Mon Tue Thu Fri Sat Sun,17-Feb-2025,23-Feb-2025
Delhi (DEL),Jammu (IXJ),6E  5050,18:10,19:40,,Every Mon Tue Thu Fri Sat Sun,17-Feb-2025,23-Feb-2025
Delhi (DEL),Srinagar (SXR),6E  2448,18:30,20:00,,Daily,17-Feb-2025,01-Mar-2025
Srinagar (SXR),Kolkata (CCU),6E  6962,18:55,21:40,,Daily,17-Feb-2025,01-Mar-2025
Srinagar (SXR),Chandigarh (IXC),6E  6041,19:00,19:50,,Daily,17-Feb-2025,01-Mar-2025
Srinagar (SXR),Kolkata (CCU),6E  6041,19:00,22:45,IXC,Daily,17-Feb-2025,01-Mar-2025
Jammu (IXJ),Mumbai (BOM),6E  0431,19:25,22:20,,Every Mon Tue Thu Fri Sat Sun,17-Feb-2025,23-Feb-2025
Jammu (IXJ),Delhi (DEL),6E  2527,20:15,21:35,,Every Mon Tue Thu Fri Sat Sun,17-Feb-2025,23-Feb-2025
Chandigarh (IXC),Kolkata (CCU),6E  6041,20:35,22:45,,Daily,17-Feb-2025,01-Mar-2025
Srinagar (SXR),Delhi (DEL),6E  2449,20:40,22:05,,Daily,17-Feb-2025,01-Mar-2025
Delhi (DEL),Chandigarh (IXC),6E  2609,12:00,12:55,,Every Wed,19-Feb-2025,19-Feb-2025
Delhi (DEL),Srinagar (SXR),6E  2609,12:00,14:45,IXC,Every Wed,19-Feb-2025,19-Feb-2025
Delhi (DEL),Delhi (DEL),6E  2609,12:00,17:05,IXC/SXR,Every Wed,19-Feb-2025,19-Feb-2025
Delhi (DEL),Srinagar (SXR),6E  2044,12:40,14:15,,Every Wed,19-Feb-2025,19-Feb-2025
Delhi (DEL),Chandigarh (IXC),6E  2044,12:40,16:05,SXR,Every Wed,19-Feb-2025,19-Feb-2025
Delhi (DEL),Delhi (DEL),6E  2044,12:40,17:50,SXR/IXC,Every Wed,19-Feb-2025,19-Feb-2025
Mumbai (BOM),Srinagar (SXR),6E  0559,13:25,16:05,,Every Wed,19-Feb-2025,19-Feb-2025
Chandigarh (IXC),Srinagar (SXR),6E  2609,13:40,14:45,,Every Wed,19-Feb-2025,19-Feb-2025
Chandigarh (IXC),Delhi (DEL),6E  2609,13:40,17:05,SXR,Every Wed,19-Feb-2025,19-Feb-2025
Srinagar (SXR),Chandigarh (IXC),6E  2044,14:55,16:05,,Every Wed,19-Feb-2025,19-Feb-2025
Srinagar (SXR),Delhi (DEL),6E  2044,14:55,17:50,IXC,Every Wed,19-Feb-2025,19-Feb-2025
Srinagar (SXR),Delhi (DEL),6E  2609,15:25,17:05,,Every Wed,19-Feb-2025,19-Feb-2025
Srinagar (SXR),Mumbai (BOM),6E  0431,16:45,19:50,,Every Wed,19-Feb-2025,19-Feb-2025
Chandigarh (IXC),Delhi (DEL),6E  2044,16:50,17:50,,Every Wed,19-Feb-2025,19-Feb-2025
Delhi (DEL),Bhopal (BHO),6E  5050,18:10,19:30,,Every Wed,19-Feb-2025,19-Feb-2025
Bhopal (BHO),Delhi (DEL),6E  2527,20:15,21:35,,Every Wed,19-Feb-2025,19-Feb-2025
Mumbai (BOM),Udaipur (UDR),6E  5256,13:25,14:55,,Every Sat,22-Feb-2025,22-Feb-2025
Hyderabad (HYD),Udaipur (UDR),6E  0297,14:55,16:40,,Every Sat,22-Feb-2025,22-Feb-2025
Udaipur (UDR),Mumbai (BOM),6E  5257,15:55,17:25,,Every Sat,22-Feb-2025,22-Feb-2025
Udaipur (UDR),Hyderabad (HYD),6E  6816,17:45,19:25,,Every Sat,22-Feb-2025,22-Feb-2025
Delhi (DEL),Jammu (IXJ),6E  2609,12:00,13:35,,Every Mon Tue Wed Thu Fri Sat,24-Feb-2025,01-Mar-2025
Delhi (DEL),Srinagar (SXR),6E  2609,12:00,14:45,IXJ,Every Mon Tue Wed Thu Fri Sat,24-Feb-2025,01-Mar-2025
Delhi (DEL),Delhi (DEL),6E  2609,12:00,17:05,IXJ/SXR,Every Mon Tue Wed Thu Fri Sat,24-Feb-2025,01-Mar-2025
Delhi (DEL),Srinagar (SXR),6E  2044,12:40,14:15,,Daily,24-Feb-2025,02-Mar-2025
Delhi (DEL),Jammu (IXJ),6E  2044,12:40,15:50,SXR,Daily,24-Feb-2025,02-Mar-2025
Delhi (DEL),Delhi (DEL),6E  2044,12:40,17:50,SXR/IXJ,Daily,24-Feb-2025,02-Mar-2025
Mumbai (BOM),Jodhpur (JDH),6E  5256,13:25,15:05,,Daily,24-Feb-2025,02-Mar-2025
Mumbai (BOM),Jammu (IXJ),6E  0559,13:25,16:00,,Every Mon Tue Wed Thu Fri Sat,24-Feb-2025,01-Mar-2025
Mumbai (BOM),Srinagar (SXR),6E  0559,13:25,17:15,IXJ,Every Mon Tue Wed Thu Fri Sat,24-Feb-2025,01-Mar-2025
Jammu (IXJ),Srinagar (SXR),6E  2609,14:05,14:45,,Every Mon Tue Wed Thu Fri Sat,24-Feb-2025,01-Mar-2025
Jammu (IXJ),Delhi (DEL),6E  2609,14:05,17:05,SXR,Every Mon Tue Wed Thu Fri Sat,24-Feb-2025,01-Mar-2025
Srinagar (SXR),Jammu (IXJ),6E  2044,14:55,15:50,,Daily,24-Feb-2025,02-Mar-2025
Srinagar (SXR),Delhi (DEL),6E  2044,14:55,17:50,IXJ,Daily,24-Feb-2025,02-Mar-2025
Hyderabad (HYD),Jodhpur (JDH),6E  0297,14:55,17:00,,Every Mon Tue Thu Fri Sat Sun,24-Feb-2025,02-Mar-2025
Srinagar (SXR),Delhi (DEL),6E  2609,15:25,17:05,,Every Mon Tue Wed Thu Fri Sat,24-Feb-2025,01-Mar-2025
Jodhpur (JDH),Mumbai (BOM),6E  5257,15:35,17:25,,Daily,24-Feb-2025,02-Mar-2025
Jammu (IXJ),Delhi (DEL),6E  2044,16:30,17:50,,Daily,24-Feb-2025,02-Mar-2025
Jammu (IXJ),Srinagar (SXR),6E  0559,16:35,17:15,,Every Mon Tue Wed Thu Fri Sat,24-Feb-2025,01-Mar-2025
Jodhpur (JDH),Hyderabad (HYD),6E  6816,17:30,19:25,,Daily,24-Feb-2025,02-Mar-2025
Srinagar (SXR),Jammu (IXJ),6E  0431,17:50,18:50,,Every Mon Tue Wed Thu Fri Sat,24-Feb-2025,01-Mar-2025
Srinagar (SXR),Mumbai (BOM),6E  0431,17:50,22:20,IXJ,Every Mon Tue Wed Thu Fri Sat,24-Feb-2025,01-Mar-2025
Delhi (DEL),Jammu (IXJ),6E  5050,18:10,19:40,,Daily,24-Feb-2025,02-Mar-2025
Jammu (IXJ),Mumbai (BOM),6E  0431,19:25,22:20,,Every Mon Tue Wed Thu Fri Sat,24-Feb-2025,01-Mar-2025
Jammu (IXJ),Delhi (DEL),6E  2527,20:15,21:35,,Daily,24-Feb-2025,02-Mar-2025
Delhi (DEL),Jammu (IXJ),6E  2609,12:00,13:35,,Every Sun,02-Mar-2025,02-Mar-2025
Mumbai (BOM),Jammu (IXJ),6E  0559,13:25,16:00,,Every Sun,02-Mar-2025,02-Mar-2025
Hyderabad (HYD),Jammu (IXJ),6E  6253,13:30,16:15,,Every Sun,02-Mar-2025,02-Mar-2025
Kolkata (CCU),Chandigarh (IXC),6E  0874,14:05,16:40,,Every Sun,02-Mar-2025,02-Mar-2025
Delhi (DEL),Amritsar (ATQ),6E  5106,14:35,15:35,,Every Sun,02-Mar-2025,02-Mar-2025
Jammu (IXJ),Delhi (DEL),6E  2247,14:35,15:55,,Every Sun,02-Mar-2025,02-Mar-2025
Delhi (DEL),Ahmedabad (AMD),6E  5084,15:10,17:00,,Every Sun,02-Mar-2025,02-Mar-2025
Amritsar (ATQ),Delhi (DEL),6E  5070,16:25,17:40,,Every Sun,02-Mar-2025,02-Mar-2025
Jammu (IXJ),Mumbai (BOM),6E  0431,16:45,19:50,,Every Sun,02-Mar-2025,02-Mar-2025
Jammu (IXJ),Hyderabad (HYD),6E  6255,17:05,20:05,,Every Sun,02-Mar-2025,02-Mar-2025
Chandigarh (IXC),Kolkata (CCU),6E  6041,17:20,19:30,,Every Sun,02-Mar-2025,02-Mar-2025
Ahmedabad (AMD),Delhi (DEL),6E  2197,17:40,19:15,,Every Sun,02-Mar-2025,02-Mar-2025
Delhi (DEL),Bhopal (BHO),6E  2448,18:30,19:50,,Every Sun,02-Mar-2025,02-Mar-2025
Bhopal (BHO),Delhi (DEL),6E  2449,20:30,22:05,,Every Sun,02-Mar-2025,02-Mar-2025
Delhi (DEL),Jammu (IXJ),6E  2609,12:00,13:35,,Every Mon Tue Thu Fri Sat Sun,03-Mar-2025,09-Mar-2025
Delhi (DEL),Srinagar (SXR),6E  2609,12:00,14:45,IXJ,Every Mon Tue Thu Fri Sat Sun,03-Mar-2025,09-Mar-2025
Delhi (DEL),Delhi (DEL),6E  2609,12:00,17:05,IXJ/SXR,Every Mon Tue Thu Fri Sat Sun,03-Mar-2025,09-Mar-2025
Delhi (DEL),Srinagar (SXR),6E  2044,12:40,14:15,,Every Mon Tue Thu Fri Sat Sun,03-Mar-2025,09-Mar-2025
Delhi (DEL),Jammu (IXJ),6E  2044,12:40,15:50,SXR,Every Mon Tue Thu Fri Sat Sun,03-Mar-2025,09-Mar-2025
Delhi (DEL),Delhi (DEL),6E  2044,12:40,17:50,SXR/IXJ,Every Mon Tue Thu Fri Sat Sun,03-Mar-2025,09-Mar-2025
Mumbai (BOM),Jammu (IXJ),6E  0559,13:25,16:00,,Every Mon Tue Thu Fri Sat Sun,03-Mar-2025,09-Mar-2025
Mumbai (BOM),Srinagar (SXR),6E  0559,13:25,17:15,IXJ,Every Mon Tue Thu Fri Sat Sun,03-Mar-2025,09-Mar-2025
Mumbai (BOM),Jodhpur (JDH),6E  5256,13:25,15:05,,Every Mon Tue Wed Thu Fri Sun,03-Mar-2025,09-Mar-2025
Hyderabad (HYD),Srinagar (SXR),6E  6253,13:30,16:25,,Daily,03-Mar-2025,15-Mar-2025
Kolkata (CCU),Chandigarh (IXC),6E  0874,14:05,16:40,,Daily,03-Mar-2025,15-Mar-2025
Kolkata (CCU),Srinagar (SXR),6E  0874,14:05,18:20,IXC,Daily,03-Mar-2025,15-Mar-2025
Jammu (IXJ),Srinagar (SXR),6E  2609,14:05,14:45,,Every Mon Tue Thu Fri Sat Sun,03-Mar-2025,09-Mar-2025
Jammu (IXJ),Delhi (DEL),6E  2609,14:05,17:05,SXR,Every Mon Tue Thu Fri Sat Sun,03-Mar-2025,09-Mar-2025
Delhi (DEL),Srinagar (SXR),6E  5106,14:35,16:00,,Daily,03-Mar-2025,15-Mar-2025
Srinagar (SXR),Jammu (IXJ),6E  2044,14:55,15:50,,Every Mon Tue Thu Fri Sat Sun,03-Mar-2025,09-Mar-2025
Srinagar (SXR),Delhi (DEL),6E  2044,14:55,17:50,IXJ,Every Mon Tue Thu Fri Sat Sun,03-Mar-2025,09-Mar-2025
Hyderabad (HYD),Jodhpur (JDH),6E  0297,14:55,17:00,,Every Mon Tue Thu Fri Sun,03-Mar-2025,09-Mar-2025
Kolkata (CCU),Srinagar (SXR),6E  6961,15:00,18:15,,Daily,03-Mar-2025,15-Mar-2025
Delhi (DEL),Srinagar (SXR),6E  5084,15:20,17:00,,Daily,03-Mar-2025,15-Mar-2025
Srinagar (SXR),Delhi (DEL),6E  2609,15:25,17:05,,Every Mon Tue Thu Fri Sat Sun,03-Mar-2025,09-Mar-2025
Jodhpur (JDH),Mumbai (BOM),6E  5257,15:35,17:25,,Every Mon Tue Wed Thu Fri Sun,03-Mar-2025,09-Mar-2025
Srinagar (SXR),Delhi (DEL),6E  5070,16:30,17:55,,Daily,03-Mar-2025,15-Mar-2025
Jammu (IXJ),Delhi (DEL),6E  2044,16:30,17:50,,Every Mon Tue Thu Fri Sat Sun,03-Mar-2025,09-Mar-2025
Jammu (IXJ),Srinagar (SXR),6E  0559,16:35,17:15,,Every Mon Tue Thu Fri Sat Sun,03-Mar-2025,09-Mar-2025
Chandigarh (IXC),Srinagar (SXR),6E  0874,17:10,18:20,,Daily,03-Mar-2025,15-Mar-2025
Srinagar (SXR),Hyderabad (HYD),6E  6255,17:10,20:10,,Daily,03-Mar-2025,15-Mar-2025
Jodhpur (JDH),Hyderabad (HYD),6E  6816,17:30,19:25,,Every Mon Tue Wed Thu Fri Sun,03-Mar-2025,09-Mar-2025
Srinagar (SXR),Delhi (DEL),6E  2197,17:40,19:15,,Daily,03-Mar-2025,15-Mar-2025
Srinagar (SXR),Jammu (IXJ),6E  0431,17:50,18:50,,Every Mon Tue Thu Fri Sat Sun,03-Mar-2025,09-Mar-2025
Srinagar (SXR),Mumbai (BOM),6E  0431,17:50,22:20,IXJ,Every Mon Tue Thu Fri Sat Sun,03-Mar-2025,09-Mar-2025
Delhi (DEL),Jammu (IXJ),6E  5050,18:10,19:40,,Every Mon Tue Thu Fri Sat Sun,03-Mar-2025,09-Mar-2025
Delhi (DEL),Srinagar (SXR),6E  2448,18:30,20:00,,Daily,03-Mar-2025,15-Mar-2025
Srinagar (SXR),Kolkata (CCU),6E  6962,18:55,21:40,,Daily,03-Mar-2025,15-Mar-2025
Srinagar (SXR),Chandigarh (IXC),6E  6041,19:00,19:50,,Daily,03-Mar-2025,15-Mar-2025
Srinagar (SXR),Kolkata (CCU),6E  6041,19:00,22:45,IXC,Daily,03-Mar-2025,15-Mar-2025
Jammu (IXJ),Mumbai (BOM),6E  0431,19:25,22:20,,Every Mon Tue Thu Fri Sat Sun,03-Mar-2025,09-Mar-2025
Jammu (IXJ),Delhi (DEL),6E  2527,20:15,21:35,,Every Mon Tue Thu Fri Sat Sun,03-Mar-2025,09-Mar-2025
Chandigarh (IXC),Kolkata (CCU),6E  6041,20:35,22:45,,Daily,03-Mar-2025,15-Mar-2025
Srinagar (SXR),Delhi (DEL),6E  2449,20:40,22:05,,Daily,03-Mar-2025,15-Mar-2025
Delhi (DEL),Chandigarh (IXC),6E  2609,12:00,12:55,,Every Wed,05-Mar-2025,05-Mar-2025
Delhi (DEL),Srinagar (SXR),6E  2609,12:00,14:45,IXC,Every Wed,05-Mar-2025,05-Mar-2025
Delhi (DEL),Delhi (DEL),6E  2609,12:00,17:05,IXC/SXR,Every Wed,05-Mar-2025,05-Mar-2025
Delhi (DEL),Srinagar (SXR),6E  2044,12:40,14:15,,Every Wed,05-Mar-2025,05-Mar-2025
Delhi (DEL),Chandigarh (IXC),6E  2044,12:40,16:05,SXR,Every Wed,05-Mar-2025,05-Mar-2025
Delhi (DEL),Delhi (DEL),6E  2044,12:40,17:50,SXR/IXC,Every Wed,05-Mar-2025,05-Mar-2025
Mumbai (BOM),Srinagar (SXR),6E  0559,13:25,16:05,,Every Wed,05-Mar-2025,05-Mar-2025
Chandigarh (IXC),Srinagar (SXR),6E  2609,13:40,14:45,,Every Wed,05-Mar-2025,05-Mar-2025
Chandigarh (IXC),Delhi (DEL),6E  2609,13:40,17:05,SXR,Every Wed,05-Mar-2025,05-Mar-2025
Srinagar (SXR),Chandigarh (IXC),6E  2044,14:55,16:05,,Every Wed,05-Mar-2025,05-Mar-2025
Srinagar (SXR),Delhi (DEL),6E  2044,14:55,17:50,IXC,Every Wed,05-Mar-2025,05-Mar-2025
Srinagar (SXR),Delhi (DEL),6E  2609,15:25,17:05,,Every Wed,05-Mar-2025,05-Mar-2025
Srinagar (SXR),Mumbai (BOM),6E  0431,16:45,19:50,,Every Wed,05-Mar-2025,05-Mar-2025
Chandigarh (IXC),Delhi (DEL),6E  2044,16:50,17:50,,Every Wed,05-Mar-2025,05-Mar-2025
Delhi (DEL),Bhopal (BHO),6E  5050,18:10,19:30,,Every Wed,05-Mar-2025,05-Mar-2025
Bhopal (BHO),Delhi (DEL),6E  2527,20:15,21:35,,Every Wed,05-Mar-2025,05-Mar-2025
Mumbai (BOM),Udaipur (UDR),6E  5256,13:25,14:55,,Every Sat,08-Mar-2025,08-Mar-2025
Hyderabad (HYD),Udaipur (UDR),6E  0297,14:55,16:40,,Every Sat,08-Mar-2025,08-Mar-2025
Udaipur (UDR),Mumbai (BOM),6E  5257,15:55,17:25,,Every Sat,08-Mar-2025,08-Mar-2025
Udaipur (UDR),Hyderabad (HYD),6E  6816,17:45,19:25,,Every Sat,08-Mar-2025,08-Mar-2025
Mumbai (BOM),Guwahati (GAU),6E  0228,08:40,11:30,,Every Mon Wed Thu Fri Sat Sun,10-Mar-2025,16-Mar-2025
Mumbai (BOM),Imphal (IMF),6E  0228,08:40,14:10,GAU,Every Mon Wed Thu Fri Sat Sun,10-Mar-2025,16-Mar-2025
Delhi (DEL),Jammu (IXJ),6E  2609,12:00,13:35,,Every Mon Tue Wed Thu Fri Sat,10-Mar-2025,15-Mar-2025
Delhi (DEL),Srinagar (SXR),6E  2609,12:00,14:45,IXJ,Every Mon Tue Wed Thu Fri Sat,10-Mar-2025,15-Mar-2025
Delhi (DEL),Delhi (DEL),6E  2609,12:00,17:05,IXJ/SXR,Every Mon Tue Wed Thu Fri Sat,10-Mar-2025,15-Mar-2025
Delhi (DEL),Srinagar (SXR),6E  2044,12:40,14:15,,Daily,10-Mar-2025,16-Mar-2025
Delhi (DEL),Jammu (IXJ),6E  2044,12:40,15:50,SXR,Daily,10-Mar-2025,16-Mar-2025
Delhi (DEL),Delhi (DEL),6E  2044,12:40,17:50,SXR/IXJ,Daily,10-Mar-2025,16-Mar-2025
Guwahati (GAU),Imphal (IMF),6E  0228,13:05,14:10,,Every Mon Wed Thu Fri Sat Sun,10-Mar-2025,16-Mar-2025
Mumbai (BOM),Jodhpur (JDH),6E  5256,13:25,15:05,,Daily,10-Mar-2025,16-Mar-2025
Mumbai (BOM),Jammu (IXJ),6E  0559,13:25,16:00,,Every Mon Tue Wed Thu Fri Sat,10-Mar-2025,15-Mar-2025
Mumbai (BOM),Srinagar (SXR),6E  0559,13:25,17:15,IXJ,Every Mon Tue Wed Thu Fri Sat,10-Mar-2025,15-Mar-2025
Jammu (IXJ),Srinagar (SXR),6E  2609,14:05,14:45,,Every Mon Tue Wed Thu Fri Sat,10-Mar-2025,15-Mar-2025
Jammu (IXJ),Delhi (DEL),6E  2609,14:05,17:05,SXR,Every Mon Tue Wed Thu Fri Sat,10-Mar-2025,15-Mar-2025
Imphal (IMF),Guwahati (GAU),6E  6342,14:45,15:40,,Every Mon Wed Thu Fri Sat Sun,10-Mar-2025,16-Mar-2025
Imphal (IMF),Mumbai (BOM),6E  6342,14:45,20:45,GAU,Every Mon Wed Thu Fri Sat Sun,10-Mar-2025,16-Mar-2025
Srinagar (SXR),Jammu (IXJ),6E  2044,14:55,15:50,,Daily,10-Mar-2025,16-Mar-2025
Srinagar (SXR),Delhi (DEL),6E  2044,14:55,17:50,IXJ,Daily,10-Mar-2025,16-Mar-2025
Hyderabad (HYD),Jodhpur (JDH),6E  0297,14:55,17:00,,Every Mon Tue Thu Fri Sat Sun,10-Mar-2025,16-Mar-2025
Srinagar (SXR),Delhi (DEL),6E  2609,15:25,17:05,,Every Mon Tue Wed Thu Fri Sat,10-Mar-2025,15-Mar-2025
Jodhpur (JDH),Mumbai (BOM),6E  5257,15:35,17:25,,Daily,10-Mar-2025,16-Mar-2025
Jammu (IXJ),Delhi (DEL),6E  2044,16:30,17:50,,Daily,10-Mar-2025,16-Mar-2025
Jammu (IXJ),Srinagar (SXR),6E  0559,16:35,17:15,,Every Mon Tue Wed Thu Fri Sat,10-Mar-2025,15-Mar-2025
Guwahati (GAU),Mumbai (BOM),6E  6342,17:00,20:45,,Every Mon Wed Thu Fri Sat Sun,10-Mar-2025,16-Mar-2025
Jodhpur (JDH),Hyderabad (HYD),6E  6816,17:30,19:25,,Daily,10-Mar-2025,16-Mar-2025
Srinagar (SXR),Jammu (IXJ),6E  0431,17:50,18:50,,Every Mon Tue Wed Thu Fri Sat,10-Mar-2025,15-Mar-2025
Srinagar (SXR),Mumbai (BOM),6E  0431,17:50,22:20,IXJ,Every Mon Tue Wed Thu Fri Sat,10-Mar-2025,15-Mar-2025
Delhi (DEL),Jammu (IXJ),6E  5050,18:10,19:40,,Daily,10-Mar-2025,16-Mar-2025
Jammu (IXJ),Mumbai (BOM),6E  0431,19:25,22:20,,Every Mon Tue Wed Thu Fri Sat,10-Mar-2025,15-Mar-2025
Jammu (IXJ),Delhi (DEL),6E  2527,20:15,21:35,,Daily,10-Mar-2025,16-Mar-2025
Mumbai (BOM),Guwahati (GAU),6E  0228,08:40,11:30,,Every Tue,11-Mar-2025,11-Mar-2025
Guwahati (GAU),Mumbai (BOM),6E  6342,17:00,20:45,,Every Tue,11-Mar-2025,11-Mar-2025
Delhi (DEL),Jammu (IXJ),6E  2609,12:00,13:35,,Every Sun,16-Mar-2025,16-Mar-2025
Mumbai (BOM),Jammu (IXJ),6E  0559,13:25,16:00,,Every Sun,16-Mar-2025,16-Mar-2025
Hyderabad (HYD),Jammu (IXJ),6E  6253,13:30,16:15,,Every Sun,16-Mar-2025,16-Mar-2025
Kolkata (CCU),Chandigarh (IXC),6E  0874,14:05,16:40,,Every Sun,16-Mar-2025,16-Mar-2025
Delhi (DEL),Amritsar (ATQ),6E  5106,14:35,15:35,,Every Sun,16-Mar-2025,16-Mar-2025
Jammu (IXJ),Delhi (DEL),6E  2247,14:35,15:55,,Every Sun,16-Mar-2025,16-Mar-2025
Delhi (DEL),Ahmedabad (AMD),6E  5084,15:10,17:00,,Every Sun,16-Mar-2025,16-Mar-2025
Amritsar (ATQ),Delhi (DEL),6E  5070,16:25,17:40,,Every Sun,16-Mar-2025,16-Mar-2025
Jammu (IXJ),Mumbai (BOM),6E  0431,16:45,19:50,,Every Sun,16-Mar-2025,16-Mar-2025
Jammu (IXJ),Hyderabad (HYD),6E  6255,17:05,20:05,,Every Sun,16-Mar-2025,16-Mar-2025
Chandigarh (IXC),Kolkata (CCU),6E  6041,17:20,19:30,,Every Sun,16-Mar-2025,16-Mar-2025
Ahmedabad (AMD),Delhi (DEL),6E  2197,17:40,19:15,,Every Sun,16-Mar-2025,16-Mar-2025
Delhi (DEL),Bhopal (BHO),6E  2448,18:30,19:50,,Every Sun,16-Mar-2025,16-Mar-2025
Bhopal (BHO),Delhi (DEL),6E  2449,20:30,22:05,,Every Sun,16-Mar-2025,16-Mar-2025
Delhi (DEL),Ahmedabad (AMD),6E  6218,04:45,06:25,,Every Mon,17-Mar-2025,17-Mar-2025
Delhi (DEL),Mumbai (BOM),6E  2981,05:15,07:35,,Every Mon,17-Mar-2025,17-Mar-2025
Mumbai (BOM),Hyderabad (HYD),6E  5012,05:40,07:05,,Every Mon Tue Wed Thu Sat Sun,17-Mar-2025,23-Mar-2025
Ahmedabad (AMD),Mumbai (BOM),6E  2046,06:55,08:15,,Every Mon,17-Mar-2025,17-Mar-2025
Mumbai (BOM),Guwahati (GAU),6E  0228,08:40,11:30,,Daily,17-Mar-2025,29-Mar-2025
Mumbai (BOM),Imphal (IMF),6E  0228,08:40,14:10,GAU,Daily,17-Mar-2025,29-Mar-2025
Delhi (DEL),Jammu (IXJ),6E  2609,12:00,13:35,,Every Mon Tue Thu Fri Sat Sun,17-Mar-2025,23-Mar-2025
Delhi (DEL),Srinagar (SXR),6E  2609,12:00,14:45,IXJ,Every Mon Tue Thu Fri Sat Sun,17-Mar-2025,23-Mar-2025
Delhi (DEL),Delhi (DEL),6E  2609,12:00,17:05,IXJ/SXR,Every Mon Tue Thu Fri Sat Sun,17-Mar-2025,23-Mar-2025
Delhi (DEL),Srinagar (SXR),6E  2044,12:40,14:15,,Every Mon Tue Thu Fri Sat Sun,17-Mar-2025,23-Mar-2025
Delhi (DEL),Jammu (IXJ),6E  2044,12:40,15:50,SXR,Every Mon Tue Thu Fri Sat Sun,17-Mar-2025,23-Mar-2025
Delhi (DEL),Delhi (DEL),6E  2044,12:40,17:50,SXR/IXJ,Every Mon Tue Thu Fri Sat Sun,17-Mar-2025,23-Mar-2025
Guwahati (GAU),Imphal (IMF),6E  0228,13:05,14:10,,Daily,17-Mar-2025,29-Mar-2025
Mumbai (BOM),Jammu (IXJ),6E  0559,13:25,16:00,,Every Mon Tue Thu Fri Sat Sun,17-Mar-2025,23-Mar-2025
Mumbai (BOM),Srinagar (SXR),6E  0559,13:25,17:15,IXJ,Every Mon Tue Thu Fri Sat Sun,17-Mar-2025,23-Mar-2025
Mumbai (BOM),Jodhpur (JDH),6E  5256,13:25,15:05,,Every Mon Tue Wed Thu Fri Sun,17-Mar-2025,23-Mar-2025
Hyderabad (HYD),Srinagar (SXR),6E  6253,13:30,16:25,,Daily,17-Mar-2025,29-Mar-2025
Kolkata (CCU),Chandigarh (IXC),6E  0874,14:05,16:40,,Daily,17-Mar-2025,29-Mar-2025
Kolkata (CCU),Srinagar (SXR),6E  0874,14:05,18:20,IXC,Daily,17-Mar-2025,29-Mar-2025
Jammu (IXJ),Srinagar (SXR),6E  2609,14:05,14:45,,Every Mon Tue Thu Fri Sat Sun,17-Mar-2025,23-Mar-2025
Jammu (IXJ),Delhi (DEL),6E  2609,14:05,17:05,SXR,Every Mon Tue Thu Fri Sat Sun,17-Mar-2025,23-Mar-2025
Delhi (DEL),Srinagar (SXR),6E  5106,14:35,16:00,,Daily,17-Mar-2025,29-Mar-2025
Imphal (IMF),Guwahati (GAU),6E  6342,14:45,15:40,,Daily,17-Mar-2025,29-Mar-2025
Imphal (IMF),Mumbai (BOM),6E  6342,14:45,20:45,GAU,Daily,17-Mar-2025,29-Mar-2025
Srinagar (SXR),Jammu (IXJ),6E  2044,14:55,15:50,,Every Mon Tue Thu Fri Sat Sun,17-Mar-2025,23-Mar-2025
Srinagar (SXR),Delhi (DEL),6E  2044,14:55,17:50,IXJ,Every Mon Tue Thu Fri Sat Sun,17-Mar-2025,23-Mar-2025
Hyderabad (HYD),Jodhpur (JDH),6E  0297,14:55,17:00,,Every Mon Tue Thu Fri Sun,17-Mar-2025,23-Mar-2025
Kolkata (CCU),Srinagar (SXR),6E  6961,15:00,18:15,,Daily,17-Mar-2025,29-Mar-2025
Delhi (DEL),Srinagar (SXR),6E  5084,15:20,17:00,,Daily,17-Mar-2025,29-Mar-2025
Srinagar (SXR),Delhi (DEL),6E  2609,15:25,17:05,,Every Mon Tue Thu Fri Sat Sun,17-Mar-2025,23-Mar-2025
Jodhpur (JDH),Mumbai (BOM),6E  5257,15:35,17:25,,Every Mon Tue Wed Thu Fri Sun,17-Mar-2025,23-Mar-2025
Srinagar (SXR),Delhi (DEL),6E  5070,16:30,17:55,,Daily,17-Mar-2025,29-Mar-2025
Jammu (IXJ),Delhi (DEL),6E  2044,16:30,17:50,,Every Mon Tue Thu Fri Sat Sun,17-Mar-2025,23-Mar-2025
Jammu (IXJ),Srinagar (SXR),6E  0559,16:35,17:15,,Every Mon Tue Thu Fri Sat Sun,17-Mar-2025,23-Mar-2025
Guwahati (GAU),Mumbai (BOM),6E  6342,17:00,20:45,,Daily,17-Mar-2025,29-Mar-2025
Chandigarh (IXC),Srinagar (SXR),6E  0874,17:10,18:20,,Daily,17-Mar-2025,29-Mar-2025
Srinagar (SXR),Hyderabad (HYD),6E  6255,17:10,20:10,,Daily,17-Mar-2025,29-Mar-2025
Jodhpur (JDH),Hyderabad (HYD),6E  6816,17:30,19:25,,Every Mon Tue Wed Thu Fri Sun,17-Mar-2025,23-Mar-2025
Srinagar (SXR),Delhi (DEL),6E  2197,17:40,19:15,,Daily,17-Mar-2025,29-Mar-2025
Srinagar (SXR),Jammu (IXJ),6E  0431,17:50,18:50,,Every Mon Tue Thu Fri Sat Sun,17-Mar-2025,23-Mar-2025
Srinagar (SXR),Mumbai (BOM),6E  0431,17:50,22:20,IXJ,Every Mon Tue Thu Fri Sat Sun,17-Mar-2025,23-Mar-2025
Delhi (DEL),Jammu (IXJ),6E  5050,18:10,19:40,,Every Mon Tue Thu Fri Sat Sun,17-Mar-2025,23-Mar-2025
Delhi (DEL),Srinagar (SXR),6E  2448,18:30,20:00,,Daily,17-Mar-2025,29-Mar-2025
Srinagar (SXR),Kolkata (CCU),6E  6962,18:55,21:40,,Daily,17-Mar-2025,29-Mar-2025
Srinagar (SXR),Chandigarh (IXC),6E  6041,19:00,19:50,,Daily,17-Mar-2025,29-Mar-2025
Srinagar (SXR),Kolkata (CCU),6E  6041,19:00,22:45,IXC,Daily,17-Mar-2025,29-Mar-2025
Jammu (IXJ),Mumbai (BOM),6E  0431,19:25,22:20,,Every Mon Tue Thu Fri Sat Sun,17-Mar-2025,23-Mar-2025
Jammu (IXJ),Delhi (DEL),6E  2527,20:15,21:35,,Every Mon Tue Thu Fri Sat Sun,17-Mar-2025,23-Mar-2025
Chandigarh (IXC),Kolkata (CCU),6E  6041,20:35,22:45,,Daily,17-Mar-2025,29-Mar-2025
Srinagar (SXR),Delhi (DEL),6E  2449,20:40,22:05,,Daily,17-Mar-2025,29-Mar-2025
Hyderabad (HYD),Mumbai (BOM),6E  5003,21:40,23:20,,Every Mon Tue Wed Fri Sat Sun,17-Mar-2025,23-Mar-2025
Delhi (DEL),Ahmedabad (AMD),6E  5119,04:45,06:25,,Daily,18-Mar-2025,29-Mar-2025
Delhi (DEL),Mumbai (BOM),6E  6218,06:00,08:15,,Daily,18-Mar-2025,29-Mar-2025
Ahmedabad (AMD),Mumbai (BOM),6E  2046,06:55,08:15,,Daily,18-Mar-2025,29-Mar-2025
Delhi (DEL),Chandigarh (IXC),6E  2609,12:00,12:55,,Every Wed,19-Mar-2025,19-Mar-2025
Delhi (DEL),Srinagar (SXR),6E  2609,12:00,14:45,IXC,Every Wed,19-Mar-2025,19-Mar-2025
Delhi (DEL),Delhi (DEL),6E  2609,12:00,17:05,IXC/SXR,Every Wed,19-Mar-2025,19-Mar-2025
Delhi (DEL),Srinagar (SXR),6E  2044,12:40,14:15,,Every Wed,19-Mar-2025,19-Mar-2025
Delhi (DEL),Chandigarh (IXC),6E  2044,12:40,16:05,SXR,Every Wed,19-Mar-2025,19-Mar-2025
Delhi (DEL),Delhi (DEL),6E  2044,12:40,17:50,SXR/IXC,Every Wed,19-Mar-2025,19-Mar-2025
Mumbai (BOM),Srinagar (SXR),6E  0559,13:25,16:05,,Every Wed,19-Mar-2025,19-Mar-2025
Chandigarh (IXC),Srinagar (SXR),6E  2609,13:40,14:45,,Every Wed,19-Mar-2025,19-Mar-2025
Chandigarh (IXC),Delhi (DEL),6E  2609,13:40,17:05,SXR,Every Wed,19-Mar-2025,19-Mar-2025
Srinagar (SXR),Chandigarh (IXC),6E  2044,14:55,16:05,,Every Wed,19-Mar-2025,19-Mar-2025
Srinagar (SXR),Delhi (DEL),6E  2044,14:55,17:50,IXC,Every Wed,19-Mar-2025,19-Mar-2025
Srinagar (SXR),Delhi (DEL),6E  2609,15:25,17:05,,Every Wed,19-Mar-2025,19-Mar-2025
Srinagar (SXR),Mumbai (BOM),6E  0431,16:45,19:50,,Every Wed,19-Mar-2025,19-Mar-2025
Chandigarh (IXC),Delhi (DEL),6E  2044,16:50,17:50,,Every Wed,19-Mar-2025,19-Mar-2025
Delhi (DEL),Bhopal (BHO),6E  5050,18:10,19:30,,Every Wed,19-Mar-2025,19-Mar-2025
Bhopal (BHO),Delhi (DEL),6E  2527,20:15,21:35,,Every Wed,19-Mar-2025,19-Mar-2025
Hyderabad (HYD),Mumbai (BOM),6E  5003,21:40,23:20,,Every Thu,20-Mar-2025,20-Mar-2025
Mumbai (BOM),Hyderabad (HYD),6E  2982,05:40,07:05,,Every Fri,21-Mar-2025,21-Mar-2025
Mumbai (BOM),Udaipur (UDR),6E  5256,13:25,14:55,,Every Sat,22-Mar-2025,22-Mar-2025
Hyderabad (HYD),Udaipur (UDR),6E  0297,14:55,16:40,,Every Sat,22-Mar-2025,22-Mar-2025
Udaipur (UDR),Mumbai (BOM),6E  5257,15:55,17:25,,Every Sat,22-Mar-2025,22-Mar-2025
Udaipur (UDR),Hyderabad (HYD),6E  6816,17:45,19:25,,Every Sat,22-Mar-2025,22-Mar-2025
Hyderabad (HYD),Delhi (DEL),6E  2983,19:15,21:35,,Every Sun,23-Mar-2025,23-Mar-2025
Bengaluru (BLR),Pune (PNQ),6E  0408,05:15,06:45,,Every Mon Tue Wed Fri Sat,24-Mar-2025,29-Mar-2025
Mumbai (BOM),Hyderabad (HYD),6E  5012,05:40,07:05,,Every Mon Tue Wed Thu Fri Sat,24-Mar-2025,29-Mar-2025
Pune (PNQ),Bengaluru (BLR),6E  0391,07:25,08:55,,Every Mon Tue Wed Fri Sat,24-Mar-2025,29-Mar-2025
Delhi (DEL),Jammu (IXJ),6E  2609,12:00,13:35,,Every Mon Tue Wed Thu Fri Sat,24-Mar-2025,29-Mar-2025
Delhi (DEL),Srinagar (SXR),6E  2609,12:00,14:45,IXJ,Every Mon Tue Wed Thu Fri Sat,24-Mar-2025,29-Mar-2025
Delhi (DEL),Delhi (DEL),6E  2609,12:00,17:05,IXJ/SXR,Every Mon Tue Wed Thu Fri Sat,24-Mar-2025,29-Mar-2025
Delhi (DEL),Srinagar (SXR),6E  2044,12:40,14:15,,Every Mon Tue Wed Thu Fri Sat,24-Mar-2025,29-Mar-2025
Delhi (DEL),Jammu (IXJ),6E  2044,12:40,15:50,SXR,Every Mon Tue Wed Thu Fri Sat,24-Mar-2025,29-Mar-2025
Delhi (DEL),Delhi (DEL),6E  2044,12:40,17:50,SXR/IXJ,Every Mon Tue Wed Thu Fri Sat,24-Mar-2025,29-Mar-2025
Mumbai (BOM),Jammu (IXJ),6E  0559,13:25,16:00,,Every Mon Tue Wed Thu Fri Sat,24-Mar-2025,29-Mar-2025
Mumbai (BOM),Srinagar (SXR),6E  0559,13:25,17:15,IXJ,Every Mon Tue Wed Thu Fri Sat,24-Mar-2025,29-Mar-2025
Mumbai (BOM),Jodhpur (JDH),6E  5256,13:25,15:05,,Every Mon Tue Wed Thu Fri Sat,24-Mar-2025,29-Mar-2025
Jammu (IXJ),Srinagar (SXR),6E  2609,14:05,14:45,,Every Mon Tue Wed Thu Fri Sat,24-Mar-2025,29-Mar-2025
Jammu (IXJ),Delhi (DEL),6E  2609,14:05,17:05,SXR,Every Mon Tue Wed Thu Fri Sat,24-Mar-2025,29-Mar-2025
Hyderabad (HYD),Jodhpur (JDH),6E  0297,14:55,17:00,,Every Mon Tue Thu Fri Sat,24-Mar-2025,29-Mar-2025
Srinagar (SXR),Jammu (IXJ),6E  2044,14:55,15:50,,Every Mon Tue Wed Thu Fri Sat,24-Mar-2025,29-Mar-2025
Srinagar (SXR),Delhi (DEL),6E  2044,14:55,17:50,IXJ,Every Mon Tue Wed Thu Fri Sat,24-Mar-2025,29-Mar-2025
Srinagar (SXR),Delhi (DEL),6E  2609,15:25,17:05,,Every Mon Tue Wed Thu Fri Sat,24-Mar-2025,29-Mar-2025
Jodhpur (JDH),Mumbai (BOM),6E  5257,15:35,17:25,,Every Mon Tue Wed Thu Fri Sat,24-Mar-2025,29-Mar-2025
Jammu (IXJ),Delhi (DEL),6E  2044,16:30,17:50,,Every Mon Tue Wed Thu Fri Sat,24-Mar-2025,29-Mar-2025
Jammu (IXJ),Srinagar (SXR),6E  0559,16:35,17:15,,Every Mon Tue Wed Thu Fri Sat,24-Mar-2025,29-Mar-2025
Jodhpur (JDH),Hyderabad (HYD),6E  6816,17:30,19:25,,Every Mon Tue Wed Thu Fri Sat,24-Mar-2025,29-Mar-2025
Srinagar (SXR),Jammu (IXJ),6E  0431,17:50,18:50,,Every Mon Tue Wed Thu Fri Sat,24-Mar-2025,29-Mar-2025
Srinagar (SXR),Mumbai (BOM),6E  0431,17:50,22:20,IXJ,Every Mon Tue Wed Thu Fri Sat,24-Mar-2025,29-Mar-2025
Delhi (DEL),Jammu (IXJ),6E  5050,18:10,19:40,,Every Mon Tue Wed Thu Fri Sat,24-Mar-2025,29-Mar-2025
Hyderabad (HYD),Delhi (DEL),6E  2317,18:15,20:35,,Every Mon Tue Wed Thu Fri Sat,24-Mar-2025,29-Mar-2025
Jammu (IXJ),Mumbai (BOM),6E  0431,19:25,22:20,,Every Mon Tue Wed Thu Fri Sat,24-Mar-2025,29-Mar-2025
Jammu (IXJ),Delhi (DEL),6E  2527,20:15,21:35,,Every Mon Tue Wed Thu Fri Sat,24-Mar-2025,29-Mar-2025
Hyderabad (HYD),Mumbai (BOM),6E  5003,21:40,23:20,,Every Mon Tue Wed Thu Fri Sat,24-Mar-2025,29-Mar-2025
Bengaluru (BLR),Pune (PNQ),6E  0408,05:15,06:45,,Every Thu,27-Mar-2025,27-Mar-2025
Pune (PNQ),Bengaluru (BLR),6E  0391,07:25,08:55,,Every Thu,27-Mar-2025,27-Mar-2025
Lucknow (LKO),Prayagraj (IXD),6E  7291,14:25,15:15,,Every Fri,28-Mar-2025,28-Mar-2025
Prayagraj (IXD),Lucknow (LKO),6E  7292,15:55,16:45,,Every Fri,28-Mar-2025,28-Mar-2025
